gender,SeniorCitizen,Partner,Dependents,tenure,PhoneService,MultipleLines,InternetService,OnlineSecurity,OnlineBackup,DeviceProtection,TechSupport,StreamingTV,StreamingMovies,Contract,PaperlessBilling,PaymentMethod,MonthlyCharges,TotalCharges,Churn,TenureGroup,AvgMonthlySpend,TotalServices,IsNewCustomer,HighMonthlyCharge
Male,0,No,No,56,Yes,Yes,No,No internet service,Yes,Yes,No internet service,Yes,No,Month-to-month,Yes,Electronic check,109.91,6082.17,Yes,4yr+,106.70473684210526,4,0,1
Female,0,No,No,26,Yes,No,DSL,Yes,No,No,No,No,Yes,One year,Yes,Electronic check,109.14,2889.42,No,2-4yr,107.01555555555557,3,0,1
Male,1,Yes,No,4,Yes,No,Fiber optic,Yes,No,No internet service,Yes,No,No internet service,One year,Yes,Mailed check,98.46,371.61,Yes,0-1yr,74.322,3,1,1
Male,0,No,No,70,Yes,No,Fiber optic,No internet service,No internet service,No,Yes,No,Yes,Month-to-month,No,Electronic check,88.58,6132.15,No,4yr+,86.36830985915492,3,0,1
Male,0,No,No,56,Yes,No,Fiber optic,No internet service,No internet service,No internet service,Yes,No,Yes,One year,Yes,Bank transfer (automatic),84.82,4701.74,No,4yr+,82.48666666666666,3,0,1
Female,0,No,Yes,14,Yes,No,DSL,No,No,No,No,No internet service,No,Two year,Yes,Mailed check,28.82,388.16,No,1-2yr,25.877333333333336,1,0,0
Male,0,No,No,29,Yes,Yes,Fiber optic,No,No,No,Yes,Yes,Yes,One year,Yes,Electronic check,109.86,3140.33,Yes,2-4yr,104.67766666666667,4,0,1
Male,1,Yes,No,19,No,Yes,Fiber optic,No internet service,No,Yes,No internet service,No internet service,Yes,Month-to-month,Yes,Mailed check,107.88,2085.73,No,1-2yr,104.2865,2,0,1
Male,0,No,Yes,36,Yes,Yes,Fiber optic,No,No,No,No internet service,No internet service,No,One year,No,Mailed check,94.28,3380.19,Yes,2-4yr,91.35648648648649,1,0,1
Female,0,Yes,No,2,No,Yes,DSL,Yes,No,Yes,No,No,No,Month-to-month,No,Electronic check,112.59,271.93,No,0-1yr,90.64333333333333,2,1,1
Male,0,No,Yes,72,Yes,No,No,Yes,No internet service,No,No,No,No,Two year,Yes,Bank transfer (automatic),74.41,5343.37,Yes,4yr+,73.19684931506849,2,0,1
Male,1,Yes,No,40,Yes,No,Fiber optic,No,No,No internet service,No,No,No,Month-to-month,No,Credit card (automatic),63.66,2582.25,No,2-4yr,62.98170731707317,1,0,0
Male,1,Yes,No,38,Yes,Yes,Fiber optic,No internet service,Yes,No internet service,No internet service,No,No,Month-to-month,No,Electronic check,116.73,4436.19,No,2-4yr,113.74846153846153,2,0,1
Male,0,Yes,No,25,Yes,No phone service,Fiber optic,No internet service,No,No,No internet service,Yes,No,One year,No,Electronic check,65.34,1620.53,No,2-4yr,62.32807692307692,2,0,0
Female,0,No,Yes,1,Yes,No,No,No internet service,No,Yes,Yes,Yes,No,Month-to-month,No,Bank transfer (automatic),83.42,31.39,No,0-1yr,15.695,4,1,1
Male,1,Yes,Yes,22,Yes,No phone service,DSL,No internet service,Yes,Yes,Yes,Yes,No,One year,No,Electronic check,56.05,1236.49,No,1-2yr,53.7604347826087,5,0,0
Female,0,No,Yes,22,Yes,No,DSL,No,No,No,No,Yes,Yes,Month-to-month,Yes,Electronic check,82.91,1860.79,No,1-2yr,80.90391304347825,3,0,1
Female,0,Yes,No,15,Yes,No,Fiber optic,No,No,No internet service,No,Yes,Yes,One year,Yes,Bank transfer (automatic),91.45,1337.37,No,1-2yr,83.585625,3,0,1
Female,1,Yes,No,8,Yes,Yes,No,No,No,No,Yes,Yes,No,Month-to-month,Yes,Electronic check,81.71,653.06,Yes,0-1yr,72.56222222222222,3,0,1
Male,0,No,No,12,Yes,Yes,DSL,No,No,Yes,No,No,No,Month-to-month,Yes,Electronic check,70.49,818.3,Yes,0-1yr,62.94615384615384,2,0,1
Female,0,Yes,No,27,Yes,Yes,No,No,No,No internet service,No internet service,No internet service,No,One year,No,Credit card (automatic),48.61,1409.28,No,2-4yr,50.33142857142857,1,0,0
Male,0,Yes,No,26,Yes,No,Fiber optic,Yes,No internet service,No internet service,Yes,No,Yes,Month-to-month,No,Electronic check,83.67,2191.02,Yes,2-4yr,81.14888888888889,4,0,1
Female,1,No,No,50,Yes,Yes,Fiber optic,No internet service,No internet service,No,No internet service,No internet service,Yes,Month-to-month,No,Credit card (automatic),110.66,2045.46,Yes,4yr+,40.107058823529414,2,0,1
Female,1,Yes,No,63,Yes,No,DSL,No,No,No,Yes,No internet service,Yes,One year,Yes,Electronic check,18.71,1154.44,No,4yr+,18.038125,3,0,0
Female,1,Yes,No,51,Yes,Yes,DSL,No,Yes,No,No internet service,No,Yes,One year,No,Credit card (automatic),31.66,1658.86,No,4yr+,31.901153846153843,3,0,0
Female,0,Yes,No,37,Yes,No,No,No,No internet service,No,No,No,No,Month-to-month,No,Mailed check,30.22,1118.11,Yes,2-4yr,29.42394736842105,1,0,0
Female,1,No,Yes,64,Yes,Yes,No,No,No,No internet service,No,Yes,No,One year,No,Electronic check,112.17,7175.63,Yes,4yr+,110.39430769230769,2,0,1
Female,1,No,Yes,17,Yes,Yes,Fiber optic,Yes,Yes,Yes,No,No internet service,No,Month-to-month,No,Bank transfer (automatic),85.6,1451.54,Yes,1-2yr,80.64111111111112,4,0,1
Female,0,No,No,62,Yes,Yes,No,No internet service,Yes,No,No internet service,No internet service,No,Month-to-month,Yes,Credit card (automatic),115.08,7079.66,No,4yr+,112.37555555555555,2,0,1
Female,0,No,Yes,50,Yes,Yes,No,Yes,Yes,No,No internet service,No,No internet service,Month-to-month,Yes,Electronic check,77.45,3947.29,No,4yr+,77.3978431372549,3,0,1
Male,0,Yes,No,8,Yes,Yes,Fiber optic,Yes,Yes,No internet service,No,Yes,No internet service,Month-to-month,No,Bank transfer (automatic),65.1,566.78,No,0-1yr,62.97555555555555,4,0,0
Male,0,Yes,No,12,Yes,No,Fiber optic,No,Yes,No internet service,No,No internet service,No,Two year,Yes,Mailed check,98.82,1186.29,No,0-1yr,91.25307692307692,2,0,1
Female,0,No,No,39,Yes,Yes,Fiber optic,No,No internet service,No internet service,No,Yes,No internet service,Month-to-month,Yes,Bank transfer (automatic),34.42,1337.22,No,2-4yr,33.4305,2,0,0
Female,0,Yes,No,54,Yes,Yes,Fiber optic,No internet service,No,No,No,Yes,No,One year,Yes,Bank transfer (automatic),56.9,3028.52,No,4yr+,55.064,2,0,0
Female,0,Yes,Yes,42,Yes,No,DSL,No internet service,No,No internet service,No internet service,No internet service,No internet service,Two year,Yes,Electronic check,65.56,2679.72,No,2-4yr,62.31906976744185,1,0,0
Male,0,Yes,No,43,Yes,Yes,Fiber optic,No internet service,No internet service,No,Yes,No,No internet service,Two year,No,Electronic check,48.44,2038.87,No,2-4yr,46.337954545454544,2,0,0
Female,0,Yes,No,67,No,No phone service,DSL,Yes,No internet service,No,Yes,No,No internet service,Month-to-month,No,Mailed check,55.87,3800.47,No,4yr+,55.88926470588235,2,0,0
Male,0,No,No,32,Yes,No phone service,No,Yes,No internet service,Yes,No,No internet service,No,Two year,No,Credit card (automatic),25.97,811.71,No,2-4yr,24.597272727272728,3,0,0
Male,0,Yes,No,23,Yes,Yes,No,No,No internet service,No internet service,Yes,No,No,Two year,Yes,Mailed check,38.19,932.49,No,1-2yr,38.85375,2,0,0
Male,0,No,No,35,Yes,Yes,DSL,No,No,No internet service,No internet service,No,No,Month-to-month,Yes,Bank transfer (automatic),52.22,1826.2,No,2-4yr,50.72777777777778,1,0,0
Male,0,Yes,No,9,Yes,Yes,DSL,No internet service,No internet service,Yes,No,Yes,Yes,Month-to-month,No,Electronic check,99.18,849.2,No,0-1yr,84.92,4,0,1
Male,0,No,No,19,Yes,No,Fiber optic,No,No,Yes,No,Yes,Yes,Month-to-month,No,Bank transfer (automatic),36.61,658.89,No,1-2yr,32.9445,4,0,0
Female,0,Yes,Yes,11,Yes,No,Fiber optic,No internet service,Yes,No internet service,No internet service,No internet service,No internet service,One year,No,Bank transfer (automatic),53.36,599.29,No,0-1yr,49.94083333333333,2,0,0
Female,0,Yes,No,61,Yes,No,DSL,Yes,No,No,No,No,Yes,One year,No,Bank transfer (automatic),24.62,1420.85,No,4yr+,22.916935483870965,3,0,0
Female,1,No,No,17,Yes,No,Fiber optic,No,No,No internet service,No,Yes,No,Month-to-month,Yes,Credit card (automatic),74.82,1233.59,Yes,1-2yr,68.53277777777777,2,0,1
Female,0,No,No,62,Yes,Yes,DSL,No,No internet service,Yes,Yes,Yes,Yes,Two year,Yes,Electronic check,80.35,4959.02,No,4yr+,78.71460317460318,5,0,1
Female,0,Yes,No,24,Yes,No,DSL,Yes,No,Yes,No,No,No,Month-to-month,No,Electronic check,106.28,2591.75,No,1-2yr,103.67,3,0,1
Male,0,Yes,No,11,Yes,No,DSL,No,No,No,Yes,No,No internet service,Two year,No,Credit card (automatic),101.55,1131.2,No,0-1yr,94.26666666666667,2,0,1
Female,1,Yes,No,20,Yes,No,DSL,No,Yes,Yes,No,No,No internet service,Month-to-month,No,Electronic check,47.11,951.57,Yes,1-2yr,45.31285714285715,3,0,0
Female,0,Yes,No,24,Yes,No,No,No,Yes,Yes,No,No,No,One year,Yes,Bank transfer (automatic),31.97,790.45,No,1-2yr,31.618000000000002,3,0,0
Male,1,Yes,Yes,10,Yes,No,No,No,Yes,Yes,No,Yes,Yes,Month-to-month,No,Bank transfer (automatic),33.92,390.91,No,0-1yr,35.53727272727273,5,0,0
Female,0,No,No,63,Yes,Yes,Fiber optic,Yes,No,Yes,No,No,No,Month-to-month,Yes,Bank transfer (automatic),116.83,7362.82,Yes,4yr+,115.0440625,3,0,1
Male,1,Yes,Yes,72,Yes,No,Fiber optic,No,No internet service,Yes,Yes,No internet service,No,One year,Yes,Electronic check,86.67,6188.53,No,4yr+,84.77438356164383,3,0,1
Female,0,Yes,Yes,49,Yes,No,DSL,No,Yes,No internet service,No internet service,Yes,Yes,Month-to-month,Yes,Electronic check,22.34,1104.05,No,4yr+,22.081,4,0,0
Male,1,No,No,61,No,Yes,Fiber optic,Yes,No,Yes,Yes,No,Yes,Month-to-month,No,Bank transfer (automatic),31.95,1906.93,No,4yr+,30.75693548387097,4,0,0
Female,0,No,No,48,Yes,No phone service,DSL,No,Yes,No,No internet service,No,No,Two year,Yes,Electronic check,67.55,3138.95,Yes,2-4yr,64.06020408163265,2,0,0
Female,0,No,No,13,Yes,Yes,Fiber optic,Yes,Yes,No internet service,No,No,Yes,Month-to-month,Yes,Bank transfer (automatic),39.2,519.05,No,1-2yr,37.074999999999996,4,0,0
Male,0,Yes,Yes,0,Yes,No,No,No,No,No,No,Yes,No,Two year,Yes,Mailed check,99.97,25.84,No,0-1yr,25.84,2,1,1
Male,0,Yes,No,24,Yes,No,DSL,Yes,Yes,No,No,No internet service,Yes,Month-to-month,No,Mailed check,76.47,1852.62,Yes,1-2yr,74.1048,4,0,1
Male,0,No,No,58,Yes,Yes,Fiber optic,No,No,No,No internet service,No,No,Month-to-month,Yes,Electronic check,80.49,4693.69,Yes,4yr+,79.55406779661017,1,0,1
Male,1,Yes,No,71,Yes,No phone service,DSL,No,Yes,No internet service,Yes,No internet service,Yes,Month-to-month,No,Credit card (automatic),65.21,4685.64,No,4yr+,65.07833333333333,4,0,0
Male,1,Yes,No,68,Yes,No,Fiber optic,No,Yes,No internet service,No,Yes,No internet service,Two year,Yes,Mailed check,44.12,2951.71,Yes,4yr+,42.77840579710145,3,0,0
Male,0,No,No,4,Yes,No,DSL,No internet service,No,No,No internet service,No,No,Month-to-month,Yes,Mailed check,78.12,293.08,No,0-1yr,58.616,1,1,1
Male,0,No,No,18,Yes,Yes,Fiber optic,No,No,No internet service,No internet service,No internet service,Yes,Two year,No,Credit card (automatic),91.13,1575.99,Yes,1-2yr,82.94684210526316,2,0,1
Male,0,No,No,22,Yes,Yes,DSL,No,Yes,No,No,No,No,Two year,Yes,Bank transfer (automatic),55.84,1250.95,No,1-2yr,54.38913043478261,2,0,0
Female,0,Yes,Yes,8,Yes,Yes,Fiber optic,No internet service,No,Yes,No internet service,No,No internet service,Month-to-month,Yes,Credit card (automatic),69.5,617.44,Yes,0-1yr,68.60444444444445,2,0,1
Female,0,Yes,No,49,Yes,Yes,Fiber optic,No,No internet service,No internet service,No,No,No,One year,Yes,Electronic check,103.65,5051.63,Yes,4yr+,101.0326,1,0,1
Male,0,No,No,15,No,No,DSL,No,No,No,Yes,Yes,No,One year,No,Credit card (automatic),33.17,533.67,No,1-2yr,33.354375,2,0,0
Female,0,Yes,No,32,Yes,No phone service,Fiber optic,No,Yes,No internet service,No,No,Yes,Month-to-month,Yes,Electronic check,73.61,2317.05,Yes,2-4yr,70.21363636363637,3,0,1
Female,0,No,Yes,1,Yes,No,No,No,No,Yes,No,Yes,No,Month-to-month,Yes,Credit card (automatic),53.54,85.81,No,0-1yr,42.905,3,1,0
Female,0,No,No,13,Yes,No,Fiber optic,No,No,No,No,Yes,No,Month-to-month,No,Credit card (automatic),89.69,1054.28,No,1-2yr,75.30571428571429,2,0,1
Female,0,No,No,0,No,No,DSL,Yes,Yes,No internet service,No,No,No,One year,Yes,Electronic check,19.92,76.13,No,0-1yr,76.13,2,1,0
Male,0,Yes,No,57,Yes,No,DSL,No,No internet service,Yes,No,Yes,No internet service,One year,Yes,Mailed check,86.39,4869.72,No,4yr+,83.96068965517242,3,0,1
Female,0,Yes,Yes,15,Yes,No,No,Yes,No internet service,No internet service,Yes,No internet service,Yes,Month-to-month,Yes,Bank transfer (automatic),28.5,435.95,No,1-2yr,27.246875,4,0,0
Male,1,No,No,46,Yes,No,Fiber optic,No,No internet service,No internet service,No internet service,No internet service,Yes,Month-to-month,No,Electronic check,24.61,1202.3,Yes,2-4yr,25.580851063829787,2,0,0
Female,0,No,No,43,Yes,No,Fiber optic,Yes,No internet service,No internet service,No,No,No internet service,Two year,Yes,Bank transfer (automatic),91.91,3893.73,Yes,2-4yr,88.49386363636364,2,0,1
Female,0,No,No,13,Yes,Yes,DSL,No,No,No,No internet service,No internet service,No,Month-to-month,No,Electronic check,83.31,1171.01,No,1-2yr,83.64357142857143,1,0,1
Female,0,Yes,Yes,23,Yes,Yes,Fiber optic,No internet service,No,No,No internet service,No internet service,Yes,One year,No,Credit card (automatic),109.28,2618.59,No,1-2yr,109.10791666666667,2,0,1
Male,0,Yes,No,54,Yes,No,DSL,No internet service,No,No internet service,No internet service,Yes,Yes,Month-to-month,Yes,Electronic check,71.0,3868.45,No,4yr+,70.33545454545454,3,0,1
Female,1,No,No,14,No,No,No,No,No internet service,No,No internet service,No internet service,No internet service,Two year,No,Bank transfer (automatic),72.06,1009.68,Yes,1-2yr,67.312,0,0,1
Male,0,No,Yes,71,Yes,No,No,No internet service,No,No,Yes,Yes,Yes,Two year,Yes,Electronic check,90.12,6389.28,No,4yr+,88.74,4,0,1
Female,0,No,Yes,33,Yes,No phone service,DSL,No,Yes,No internet service,No,No,Yes,Month-to-month,Yes,Electronic check,50.99,1711.38,Yes,2-4yr,50.33470588235294,3,0,0
Male,0,Yes,No,1,Yes,Yes,Fiber optic,No,No,No,Yes,No,Yes,Month-to-month,No,Mailed check,21.77,59.08,No,0-1yr,29.54,3,1,0
Female,1,No,Yes,26,No,No,DSL,No internet service,No internet service,No internet service,Yes,No,No internet service,Month-to-month,Yes,Mailed check,41.46,977.31,No,2-4yr,36.196666666666665,1,0,0
Male,1,No,Yes,71,Yes,Yes,Fiber optic,No,Yes,Yes,No,Yes,No internet service,Month-to-month,Yes,Electronic check,42.28,2987.64,Yes,4yr+,41.495,4,0,0
Male,0,No,No,22,Yes,No,No,No,No,Yes,Yes,Yes,No,Month-to-month,Yes,Credit card (automatic),52.24,1120.04,No,1-2yr,48.697391304347825,4,0,0
Female,0,Yes,No,67,Yes,No,Fiber optic,Yes,No internet service,No,No internet service,No,No,One year,Yes,Electronic check,114.23,7616.94,No,4yr+,112.01382352941175,2,0,1
Male,0,Yes,Yes,13,Yes,Yes,DSL,No,No,No,No internet service,Yes,Yes,Month-to-month,Yes,Bank transfer (automatic),100.09,1265.68,Yes,1-2yr,90.4057142857143,3,0,1
Female,1,No,No,62,Yes,No,DSL,No internet service,No internet service,No internet service,No,No,Yes,Month-to-month,No,Mailed check,113.47,6970.43,Yes,4yr+,110.64174603174604,2,0,1
Female,0,Yes,Yes,64,Yes,No,No,No,No,Yes,No,No,No internet service,One year,No,Mailed check,119.86,7748.53,Yes,4yr+,119.20815384615385,2,0,1
Female,1,Yes,Yes,67,Yes,Yes,Fiber optic,No,Yes,No internet service,No,Yes,Yes,One year,Yes,Electronic check,62.25,4141.38,No,4yr+,60.90264705882353,4,0,0
Female,0,No,Yes,62,Yes,No,Fiber optic,No,No internet service,Yes,No internet service,Yes,No,Month-to-month,Yes,Bank transfer (automatic),41.16,2544.68,Yes,4yr+,40.39174603174603,3,0,0
Female,0,Yes,No,63,Yes,No,DSL,No internet service,Yes,No,No,No,No,One year,Yes,Mailed check,75.12,4716.93,No,4yr+,73.70203125,2,0,1
Female,0,No,Yes,31,Yes,No phone service,DSL,Yes,No,Yes,Yes,No,Yes,One year,Yes,Electronic check,107.88,3316.84,No,2-4yr,103.65125,5,0,1
Female,0,Yes,Yes,12,Yes,Yes,No,No,Yes,No,No,Yes,No,One year,Yes,Electronic check,65.5,806.85,No,0-1yr,62.065384615384616,3,0,0
Female,0,No,No,65,Yes,Yes,Fiber optic,Yes,Yes,Yes,No,Yes,No,Month-to-month,Yes,Electronic check,69.55,4505.14,Yes,4yr+,68.25969696969698,5,0,1
Female,0,No,No,18,Yes,No,Fiber optic,No,No,Yes,No internet service,Yes,No,Month-to-month,Yes,Electronic check,31.71,601.05,No,1-2yr,31.634210526315787,3,0,0
Female,0,Yes,Yes,23,Yes,Yes,Fiber optic,No,No,No,Yes,Yes,Yes,Two year,Yes,Electronic check,60.89,1478.97,No,1-2yr,61.62375,4,0,0
Female,0,Yes,No,10,Yes,No phone service,Fiber optic,Yes,No,Yes,Yes,No,Yes,Two year,No,Electronic check,57.47,519.69,No,0-1yr,47.24454545454546,5,0,0
Male,0,Yes,Yes,58,Yes,Yes,Fiber optic,No,No internet service,Yes,No internet service,No,No,One year,Yes,Bank transfer (automatic),53.87,3140.6,Yes,4yr+,53.23050847457627,2,0,0
Male,0,Yes,No,14,Yes,No,DSL,No,Yes,No internet service,No internet service,No,No internet service,Month-to-month,No,Electronic check,108.5,1533.66,Yes,1-2yr,102.244,2,0,1
Female,1,No,No,9,Yes,No,Fiber optic,Yes,Yes,Yes,No internet service,No internet service,Yes,One year,No,Mailed check,24.05,157.68,No,0-1yr,15.768,5,0,0
Female,1,No,No,40,Yes,Yes,Fiber optic,No,No,No,No,Yes,No internet service,Two year,No,Electronic check,117.16,4718.71,No,2-4yr,115.09048780487805,2,0,1
Female,1,Yes,No,26,No,Yes,Fiber optic,Yes,No,Yes,No,No,No,Month-to-month,No,Bank transfer (automatic),18.84,476.73,No,2-4yr,17.656666666666666,2,0,0
Female,1,Yes,No,59,Yes,No,No,No,No internet service,No,No,No,No internet service,Month-to-month,No,Mailed check,114.45,6831.51,No,4yr+,113.8585,1,0,1
Female,0,Yes,Yes,72,Yes,No,Fiber optic,No,Yes,No,Yes,No,Yes,One year,No,Bank transfer (automatic),73.9,5370.75,No,4yr+,73.57191780821918,4,0,1
Female,0,No,No,51,Yes,Yes,DSL,No,No internet service,Yes,No,No,Yes,Two year,Yes,Bank transfer (automatic),89.65,4572.12,No,4yr+,87.92538461538462,3,0,1
Female,0,Yes,Yes,27,No,No phone service,No,No,No,No internet service,Yes,No,Yes,Month-to-month,No,Bank transfer (automatic),37.09,990.61,No,2-4yr,35.378928571428574,2,0,0
Female,0,No,No,64,Yes,Yes,Fiber optic,No,No,No internet service,No,No,Yes,One year,No,Electronic check,84.73,5509.35,Yes,4yr+,84.75923076923077,2,0,1
Male,0,No,No,16,Yes,No,Fiber optic,Yes,Yes,Yes,No internet service,Yes,No internet service,One year,Yes,Mailed check,107.96,1698.39,No,1-2yr,99.90529411764706,5,0,1
Female,0,No,No,43,Yes,No,Fiber optic,No internet service,No,No internet service,No,No,Yes,One year,No,Electronic check,32.23,1399.11,No,2-4yr,31.797954545454544,2,0,0
Male,0,Yes,No,9,Yes,Yes,Fiber optic,No,Yes,Yes,No internet service,No,No,One year,Yes,Credit card (automatic),30.96,275.38,No,0-1yr,27.538,3,0,0
Female,0,No,No,62,Yes,No phone service,DSL,Yes,Yes,Yes,Yes,No internet service,Yes,One year,Yes,Bank transfer (automatic),49.01,3098.36,No,4yr+,49.18031746031746,6,0,0
Female,0,Yes,No,46,Yes,Yes,Fiber optic,No internet service,No,Yes,No,No,No,Month-to-month,Yes,Mailed check,34.5,1650.59,No,2-4yr,35.11893617021276,2,0,0
Male,0,Yes,Yes,37,Yes,Yes,No,Yes,No internet service,No,No,No,Yes,Month-to-month,No,Credit card (automatic),29.29,1110.85,No,2-4yr,29.232894736842102,3,0,0
Female,0,No,No,69,Yes,Yes,Fiber optic,No,No,No,No,No,Yes,One year,No,Mailed check,87.19,5989.72,No,4yr+,85.56742857142858,2,0,1
Male,0,No,No,52,Yes,No,Fiber optic,No,No,Yes,No,No internet service,Yes,Month-to-month,No,Electronic check,39.81,2062.3,Yes,4yr+,38.91132075471698,3,0,0
Female,1,Yes,No,43,Yes,No,DSL,No,No,No internet service,No internet service,No internet service,No,One year,No,Electronic check,86.04,3638.21,Yes,2-4yr,82.68659090909091,1,0,1
Female,0,Yes,No,53,Yes,No,DSL,No internet service,No,No,Yes,No,Yes,One year,Yes,Mailed check,105.92,5626.2,No,4yr+,104.18888888888888,3,0,1
Male,0,Yes,Yes,19,Yes,Yes,DSL,No,No internet service,No,No internet service,No,Yes,Month-to-month,No,Credit card (automatic),84.51,1565.36,Yes,1-2yr,78.268,2,0,1
Female,1,Yes,No,30,Yes,Yes,DSL,Yes,No,No,Yes,Yes,Yes,One year,Yes,Credit card (automatic),30.18,1017.34,No,2-4yr,32.81741935483871,5,0,0
Male,1,Yes,No,6,Yes,No,No,No internet service,Yes,No internet service,No internet service,No,No internet service,Month-to-month,No,Bank transfer (automatic),76.5,431.62,No,0-1yr,61.660000000000004,2,1,1
Female,1,Yes,Yes,57,Yes,Yes,No,No internet service,Yes,Yes,No,No,No,Month-to-month,Yes,Mailed check,58.15,3365.84,No,4yr+,58.031724137931036,3,0,0
Male,0,Yes,No,9,Yes,No,Fiber optic,No,No,Yes,No internet service,No,No,Month-to-month,Yes,Bank transfer (automatic),53.02,553.6,No,0-1yr,55.36,2,0,0
Male,0,No,No,9,Yes,Yes,Fiber optic,No,No,No,No,Yes,No,Two year,No,Bank transfer (automatic),50.49,495.85,Yes,0-1yr,49.585,2,0,0
Female,0,No,No,38,No,No,DSL,Yes,Yes,No,Yes,No,Yes,Month-to-month,No,Mailed check,112.8,4261.07,No,2-4yr,109.25820512820512,4,0,1
Female,0,No,No,27,Yes,Yes,No,No internet service,No internet service,No,No internet service,Yes,No,One year,Yes,Mailed check,93.74,2502.08,Yes,2-4yr,89.36,2,0,1
Male,0,Yes,Yes,29,Yes,No,Fiber optic,Yes,No,Yes,Yes,No,Yes,Month-to-month,No,Bank transfer (automatic),31.65,1065.06,No,2-4yr,35.501999999999995,5,0,0
Female,0,No,No,36,Yes,Yes,DSL,Yes,No,No,Yes,Yes,No,Month-to-month,Yes,Credit card (automatic),66.55,2494.5,No,2-4yr,67.41891891891892,4,0,0
Female,0,No,No,66,Yes,Yes,Fiber optic,No,Yes,No,No internet service,No,No,Month-to-month,Yes,Credit card (automatic),50.46,3345.53,Yes,4yr+,49.93328358208956,2,0,0
Female,0,No,No,42,Yes,Yes,No,Yes,No,No,Yes,Yes,No,One year,No,Electronic check,117.75,4928.58,Yes,2-4yr,114.61813953488372,4,0,1
Male,0,No,No,51,Yes,Yes,No,Yes,No internet service,Yes,Yes,Yes,Yes,Month-to-month,Yes,Electronic check,117.76,5962.26,Yes,4yr+,114.65884615384616,6,0,1
Male,0,No,Yes,55,No,Yes,DSL,No,No internet service,No,No,No,Yes,Month-to-month,No,Credit card (automatic),50.59,2751.46,No,4yr+,49.13321428571429,1,0,0
Male,0,No,Yes,67,Yes,No,No,Yes,Yes,No,No internet service,Yes,No internet service,One year,Yes,Credit card (automatic),53.92,3648.16,No,4yr+,53.64941176470588,4,0,0
Male,0,Yes,No,8,No,No,DSL,Yes,Yes,No,Yes,No,No,Month-to-month,Yes,Mailed check,79.14,748.77,No,0-1yr,83.19666666666666,3,0,1
Male,0,No,No,22,Yes,No,DSL,Yes,No,No internet service,No,No internet service,Yes,Month-to-month,Yes,Bank transfer (automatic),66.89,1465.64,No,1-2yr,63.72347826086957,3,0,0
Male,1,No,No,62,Yes,No,No,Yes,No,No,No,No internet service,Yes,Month-to-month,Yes,Credit card (automatic),39.74,2523.8,Yes,4yr+,40.060317460317464,3,0,0
Male,0,No,Yes,60,Yes,No,No,No,No,Yes,No internet service,Yes,No internet service,Month-to-month,Yes,Credit card (automatic),85.36,5166.52,No,4yr+,84.69704918032788,3,0,1
Male,0,No,No,39,Yes,Yes,Fiber optic,No internet service,No internet service,No,No internet service,No internet service,No,One year,No,Bank transfer (automatic),52.08,2016.5,No,2-4yr,50.4125,1,0,0
Male,0,Yes,No,43,Yes,No,Fiber optic,No,No,No internet service,No internet service,Yes,No internet service,Month-to-month,No,Electronic check,84.68,3691.19,No,2-4yr,83.89068181818182,2,0,1
Female,0,Yes,No,23,Yes,Yes,No,No,Yes,No internet service,No,No internet service,Yes,Month-to-month,No,Bank transfer (automatic),57.14,1365.73,No,1-2yr,56.90541666666667,3,0,0
Male,0,No,Yes,50,Yes,No,No,Yes,No internet service,No,No,No internet service,No,Two year,No,Electronic check,89.42,4516.84,No,4yr+,88.56549019607843,2,0,1
Female,0,No,No,57,No,Yes,No,Yes,Yes,Yes,Yes,Yes,Yes,Two year,Yes,Credit card (automatic),86.12,4888.21,No,4yr+,84.27948275862069,6,0,1
Female,0,No,No,32,Yes,Yes,Fiber optic,Yes,No internet service,No,No,No,No,Two year,Yes,Electronic check,69.9,2272.66,No,2-4yr,68.86848484848484,2,0,1
Female,0,Yes,No,15,Yes,No,No,No,No,No,No internet service,Yes,Yes,Two year,Yes,Bank transfer (automatic),89.88,1407.65,Yes,1-2yr,87.978125,3,0,1
Male,1,Yes,No,21,Yes,Yes,No,No,No internet service,No internet service,No,No internet service,Yes,One year,Yes,Bank transfer (automatic),65.02,1413.21,Yes,1-2yr,64.23681818181818,2,0,0
Male,0,No,No,56,Yes,No,DSL,No,Yes,No,Yes,No,Yes,One year,No,Bank transfer (automatic),29.85,1725.49,No,4yr+,30.27175438596491,4,0,0
Male,0,No,No,61,Yes,No,No,No,Yes,No,No,No,No,One year,Yes,Mailed check,36.57,2220.62,No,4yr+,35.81645161290322,2,0,0
Male,1,No,No,70,Yes,Yes,Fiber optic,Yes,No,No,No,No,No,One year,Yes,Electronic check,43.09,3069.93,Yes,4yr+,43.23845070422535,2,0,0
Female,1,Yes,Yes,71,Yes,Yes,Fiber optic,No internet service,No,No,No,No internet service,No,One year,Yes,Bank transfer (automatic),24.45,1800.45,No,4yr+,25.00625,1,0,0
Male,0,No,No,69,Yes,No,Fiber optic,No,Yes,No internet service,No,No internet service,No internet service,Month-to-month,Yes,Mailed check,90.56,6225.79,Yes,4yr+,88.93985714285714,2,0,1
Male,0,Yes,Yes,29,Yes,No,DSL,No,No internet service,No,No,No,No,Two year,Yes,Electronic check,55.47,1539.43,No,2-4yr,51.31433333333334,1,0,0
Male,0,No,No,22,Yes,Yes,Fiber optic,No,No internet service,No internet service,Yes,No,No,One year,No,Credit card (automatic),27.54,687.66,No,1-2yr,29.898260869565217,2,0,0
Male,0,Yes,No,31,Yes,No,No,No,No,No,No internet service,No internet service,No internet service,Two year,Yes,Bank transfer (automatic),101.64,3127.71,No,2-4yr,97.7409375,1,0,1
Male,0,Yes,No,56,Yes,No,DSL,No internet service,Yes,Yes,No,No internet service,No,Month-to-month,No,Bank transfer (automatic),87.73,4875.75,No,4yr+,85.53947368421052,3,0,1
Female,0,No,No,8,Yes,Yes,Fiber optic,No internet service,No,No,Yes,Yes,Yes,Month-to-month,Yes,Mailed check,64.13,523.65,Yes,0-1yr,58.18333333333333,4,0,0
Male,0,No,Yes,30,Yes,Yes,No,No,No,Yes,No,Yes,No internet service,Month-to-month,No,Bank transfer (automatic),43.24,1283.7,No,2-4yr,41.40967741935484,3,0,0
Female,1,Yes,No,70,Yes,No,Fiber optic,No,No,Yes,No internet service,Yes,Yes,Month-to-month,No,Bank transfer (automatic),33.48,2247.29,Yes,4yr+,31.651971830985914,4,0,0
Male,1,No,No,8,Yes,Yes,Fiber optic,Yes,No internet service,No,No internet service,No,No,Month-to-month,No,Bank transfer (automatic),64.75,562.59,No,0-1yr,62.510000000000005,2,0,0
Female,0,Yes,Yes,12,Yes,No,Fiber optic,No internet service,Yes,No,No,Yes,Yes,Month-to-month,Yes,Credit card (automatic),108.3,1342.94,Yes,0-1yr,103.30307692307693,4,0,1
Male,0,Yes,No,57,Yes,No,Fiber optic,No,Yes,No,Yes,No,No,Month-to-month,Yes,Mailed check,37.22,2069.97,Yes,4yr+,35.68913793103448,3,0,0
Male,0,Yes,Yes,2,Yes,No,Fiber optic,Yes,Yes,Yes,Yes,No,No,Month-to-month,No,Bank transfer (automatic),76.0,150.73,Yes,0-1yr,50.24333333333333,5,1,1
Female,0,Yes,No,34,No,No,No,No,No internet service,No,Yes,No,Yes,One year,Yes,Credit card (automatic),116.09,3896.2,Yes,2-4yr,111.32,2,0,1
Female,0,No,No,20,Yes,No,Fiber optic,Yes,No,No,No,No,No,Two year,Yes,Mailed check,82.99,1616.86,No,1-2yr,76.99333333333333,2,0,1
Female,0,Yes,Yes,63,Yes,Yes,No,No,Yes,No internet service,No,Yes,No,Month-to-month,Yes,Mailed check,62.88,3931.34,No,4yr+,61.4271875,3,0,0
Male,0,No,No,51,Yes,Yes,Fiber optic,No,Yes,No,No,No internet service,Yes,One year,No,Credit card (automatic),91.07,4671.0,No,4yr+,89.82692307692308,3,0,1
Female,0,No,Yes,33,Yes,No,DSL,No,Yes,No,No,No internet service,No,Month-to-month,Yes,Electronic check,102.11,3470.19,Yes,2-4yr,102.06441176470588,2,0,1
Male,0,Yes,Yes,34,Yes,No,Fiber optic,Yes,Yes,Yes,Yes,No,Yes,Month-to-month,No,Electronic check,78.23,2639.16,Yes,2-4yr,75.40457142857143,6,0,1
Male,0,No,Yes,14,Yes,Yes,Fiber optic,No internet service,No,No,Yes,No internet service,No internet service,One year,Yes,Mailed check,106.93,1538.97,No,1-2yr,102.598,2,0,1
Female,0,Yes,No,5,Yes,No phone service,Fiber optic,No,Yes,No,No,Yes,No,One year,Yes,Electronic check,70.49,392.33,No,0-1yr,65.38833333333334,3,1,1
Female,0,No,No,31,Yes,Yes,DSL,No internet service,Yes,No internet service,Yes,No internet service,No internet service,Two year,Yes,Credit card (automatic),102.66,3075.97,No,2-4yr,96.1240625,3,0,1
Male,1,Yes,No,51,Yes,Yes,DSL,No,No internet service,Yes,Yes,Yes,Yes,Month-to-month,Yes,Electronic check,115.11,5801.36,No,4yr+,111.56461538461538,5,0,1
Male,0,Yes,Yes,27,Yes,Yes,DSL,No,No,No,No,No,Yes,Two year,Yes,Electronic check,69.13,1968.82,No,2-4yr,70.315,2,0,0
Female,0,Yes,Yes,63,Yes,No,DSL,No,No,No,No internet service,Yes,Yes,Month-to-month,Yes,Credit card (automatic),79.71,4996.42,No,4yr+,78.0690625,3,0,1
Female,0,Yes,No,18,Yes,No,Fiber optic,Yes,Yes,Yes,No,No,Yes,Month-to-month,Yes,Electronic check,80.17,1465.71,Yes,1-2yr,77.14263157894737,5,0,1
Female,0,Yes,No,14,Yes,Yes,DSL,Yes,No,No,No internet service,Yes,No,Month-to-month,No,Bank transfer (automatic),97.71,1384.78,Yes,1-2yr,92.31866666666666,3,0,1
Male,0,No,No,5,No,Yes,Fiber optic,No,No,No internet service,No,No,No internet service,Two year,Yes,Credit card (automatic),101.94,403.3,Yes,0-1yr,67.21666666666667,0,1,1
Male,0,No,Yes,72,Yes,Yes,DSL,Yes,Yes,No,No,Yes,Yes,Month-to-month,Yes,Credit card (automatic),20.78,1462.06,No,4yr+,20.028219178082193,5,0,0
Male,0,No,No,37,Yes,No,DSL,No internet service,Yes,No internet service,Yes,No internet service,No internet service,Month-to-month,Yes,Bank transfer (automatic),92.8,3469.93,Yes,2-4yr,91.31394736842105,3,0,1
Male,0,No,No,25,Yes,Yes,Fiber optic,Yes,No internet service,Yes,No internet service,No,Yes,One year,Yes,Electronic check,97.95,2401.86,No,2-4yr,92.37923076923077,4,0,1
Male,1,Yes,No,50,No,No phone service,DSL,No,No internet service,No,Yes,Yes,No internet service,Month-to-month,Yes,Electronic check,89.44,4453.1,No,4yr+,87.31568627450982,2,0,1
Male,0,Yes,No,72,Yes,Yes,No,No,Yes,No,Yes,Yes,Yes,Month-to-month,Yes,Electronic check,90.8,6477.4,No,4yr+,88.73150684931507,5,0,1
Female,0,Yes,Yes,52,Yes,No phone service,DSL,No,No,No,Yes,No internet service,No internet service,Month-to-month,No,Electronic check,22.22,1113.41,No,4yr+,21.007735849056605,2,0,0
Male,1,Yes,No,55,Yes,Yes,Fiber optic,No,No internet service,No internet service,No internet service,No,Yes,Month-to-month,No,Mailed check,63.09,3443.61,No,4yr+,61.49303571428572,2,0,0
Male,0,No,No,58,Yes,No,No,Yes,Yes,Yes,No internet service,No,No internet service,One year,No,Mailed check,101.45,5791.14,No,4yr+,98.1549152542373,4,0,1
Male,1,No,No,69,Yes,Yes,Fiber optic,No internet service,No,No internet service,No internet service,No,Yes,One year,Yes,Mailed check,113.27,7874.21,No,4yr+,112.48871428571428,2,0,1
Female,0,Yes,No,57,Yes,Yes,DSL,No,No internet service,No,No,Yes,Yes,Month-to-month,No,Electronic check,41.41,2290.94,No,4yr+,39.49896551724138,3,0,0
Male,0,Yes,No,12,Yes,No,Fiber optic,No,No internet service,Yes,No,Yes,No,Month-to-month,Yes,Mailed check,77.08,916.34,No,0-1yr,70.48769230769231,3,0,1
Male,0,No,No,42,Yes,No,Fiber optic,No,No,No internet service,No internet service,No,No,Two year,Yes,Electronic check,100.04,4164.44,No,2-4yr,96.84744186046511,1,0,1
Female,0,No,Yes,50,Yes,Yes,No,No internet service,Yes,No,No,Yes,No,Month-to-month,No,Electronic check,94.75,4791.34,Yes,4yr+,93.9478431372549,3,0,1
Male,0,Yes,No,18,Yes,No,No,No internet service,Yes,No internet service,No internet service,Yes,No internet service,One year,Yes,Bank transfer (automatic),81.13,1398.72,No,1-2yr,73.61684210526316,3,0,1
Male,0,No,No,20,Yes,No,Fiber optic,No,No internet service,No,No,Yes,No,Month-to-month,Yes,Bank transfer (automatic),19.91,359.1,Yes,1-2yr,17.1,2,0,0
Male,0,No,No,23,Yes,No,No,No,No internet service,No internet service,No,Yes,No,Month-to-month,Yes,Credit card (automatic),91.84,2045.46,No,1-2yr,85.2275,2,0,1
Male,0,Yes,No,25,Yes,Yes,DSL,No,No,No,No internet service,Yes,Yes,Two year,No,Credit card (automatic),96.87,2301.35,No,2-4yr,88.51346153846154,3,0,1
Male,0,Yes,Yes,44,Yes,No,DSL,No,No,Yes,Yes,No internet service,No,One year,No,Bank transfer (automatic),91.73,2045.46,Yes,2-4yr,45.45466666666667,3,0,1
Female,1,No,No,27,Yes,No,No,No internet service,No,No,No internet service,No,No,Month-to-month,No,Bank transfer (automatic),96.11,2596.59,No,2-4yr,92.73535714285715,1,0,1
Female,1,No,No,28,Yes,Yes,DSL,Yes,No,Yes,No,No internet service,No internet service,Month-to-month,No,Electronic check,61.95,1745.55,No,2-4yr,60.19137931034483,3,0,0
Female,1,No,Yes,16,Yes,No,DSL,No,No internet service,No,No internet service,Yes,No,Month-to-month,Yes,Electronic check,119.36,1950.28,No,1-2yr,114.72235294117647,2,0,1
Male,0,Yes,No,67,Yes,Yes,DSL,No,No,Yes,No,Yes,No,Month-to-month,Yes,Credit card (automatic),96.62,2045.46,No,4yr+,30.08029411764706,3,0,1
Male,0,Yes,Yes,43,Yes,Yes,Fiber optic,No,No,Yes,No,No internet service,Yes,Two year,No,Electronic check,77.03,3290.09,Yes,2-4yr,74.77477272727273,3,0,1
Male,0,No,No,60,Yes,No,Fiber optic,No,Yes,Yes,No,No,Yes,Two year,No,Mailed check,113.29,6810.38,No,4yr+,111.64557377049181,4,0,1
Female,0,No,No,67,Yes,No,Fiber optic,No,No,No,No,Yes,Yes,Month-to-month,Yes,Electronic check,110.64,7387.56,Yes,4yr+,108.64058823529412,3,0,1
Male,0,Yes,No,24,Yes,Yes,DSL,No,No,No,No,No,Yes,Month-to-month,No,Electronic check,101.09,2481.78,Yes,1-2yr,99.27120000000001,2,0,1
Male,0,No,No,66,Yes,Yes,Fiber optic,No internet service,Yes,No,No internet service,No,Yes,One year,Yes,Bank transfer (automatic),75.5,4964.9,No,4yr+,74.10298507462686,3,0,1
Female,0,No,No,1,Yes,No phone service,No,No,No internet service,Yes,No,No internet service,Yes,Month-to-month,No,Electronic check,71.76,65.8,Yes,0-1yr,32.9,3,1,1
Male,0,No,No,48,Yes,Yes,No,Yes,No,No,Yes,Yes,No internet service,One year,No,Mailed check,51.53,2505.27,No,2-4yr,51.12795918367347,4,0,0
Female,0,No,No,69,Yes,No,DSL,Yes,No internet service,No,No internet service,No,Yes,One year,No,Electronic check,43.59,3124.52,No,4yr+,44.636,3,0,0
Female,0,No,No,25,Yes,No,No,Yes,Yes,No,No,No,No internet service,One year,Yes,Bank transfer (automatic),70.26,1705.39,Yes,2-4yr,65.59192307692308,3,0,1
Female,0,Yes,No,71,Yes,No,Fiber optic,No,No,No internet service,No,No internet service,Yes,One year,Yes,Bank transfer (automatic),76.93,5401.11,No,4yr+,75.01541666666667,2,0,1
Male,1,No,Yes,26,Yes,No phone service,DSL,No,Yes,No,Yes,No internet service,Yes,One year,Yes,Mailed check,42.94,1104.19,No,2-4yr,40.89592592592593,4,0,0
Male,0,Yes,No,17,Yes,No,DSL,Yes,No internet service,No,No internet service,Yes,No,Two year,No,Bank transfer (automatic),112.11,1868.46,No,1-2yr,103.80333333333334,3,0,1
Male,0,No,Yes,53,Yes,No,DSL,No,Yes,Yes,Yes,No,No,Month-to-month,No,Electronic check,74.84,4001.52,Yes,4yr+,74.10222222222222,4,0,1
Male,0,Yes,No,0,Yes,No,Fiber optic,No,No,Yes,Yes,No,No,Two year,No,Bank transfer (automatic),71.7,9.87,No,0-1yr,9.87,3,1,1
Male,0,No,No,60,Yes,No,DSL,Yes,No internet service,No internet service,No internet service,No,No,Month-to-month,Yes,Bank transfer (automatic),62.44,3690.43,No,4yr+,60.49885245901639,2,0,0
Male,0,Yes,No,2,Yes,No,Fiber optic,No,No,No internet service,No internet service,No internet service,Yes,Month-to-month,Yes,Credit card (automatic),23.92,85.31,No,0-1yr,28.436666666666667,2,1,0
Male,0,Yes,No,67,Yes,No,DSL,No internet service,No internet service,Yes,Yes,No internet service,No,Month-to-month,Yes,Electronic check,108.0,7328.38,No,4yr+,107.77029411764705,3,0,1
Female,0,Yes,No,40,Yes,Yes,No,No,No internet service,No,No,Yes,No,One year,Yes,Electronic check,50.33,1973.25,Yes,2-4yr,48.1280487804878,2,0,0
Male,0,Yes,No,36,Yes,Yes,Fiber optic,No,Yes,No,No internet service,Yes,Yes,Month-to-month,No,Electronic check,83.53,3023.34,Yes,2-4yr,81.7118918918919,4,0,1
Female,0,No,Yes,50,Yes,Yes,No,No,Yes,No,Yes,No internet service,No internet service,Two year,No,Electronic check,79.96,3888.27,No,4yr+,76.24058823529411,3,0,1
Male,0,No,Yes,14,Yes,Yes,No,No internet service,Yes,No internet service,No internet service,Yes,No,One year,No,Electronic check,77.62,1068.27,No,1-2yr,71.218,3,0,1
Male,1,No,Yes,7,No,Yes,DSL,No,Yes,Yes,No,Yes,No,Month-to-month,Yes,Electronic check,71.62,516.82,Yes,0-1yr,64.6025,3,0,1
Male,0,Yes,No,37,Yes,No,Fiber optic,No,No internet service,No,No,No,No internet service,One year,Yes,Mailed check,36.51,1343.8,No,2-4yr,35.363157894736844,1,0,0
Female,0,Yes,Yes,55,Yes,No,DSL,No internet service,No internet service,Yes,No,No internet service,No internet service,Two year,Yes,Credit card (automatic),46.62,2569.73,No,4yr+,45.888035714285714,2,0,0
Female,1,Yes,No,46,Yes,No,No,No internet service,Yes,No,No,Yes,No,One year,Yes,Electronic check,71.47,3248.72,No,2-4yr,69.12170212765957,3,0,1
Female,0,Yes,No,9,Yes,No,Fiber optic,No,No,Yes,Yes,No,Yes,Month-to-month,No,Credit card (automatic),98.51,949.59,Yes,0-1yr,94.959,4,0,1
Female,0,No,Yes,48,Yes,No,DSL,Yes,No,No internet service,No,Yes,No internet service,Two year,Yes,Credit card (automatic),62.06,2958.35,No,2-4yr,60.374489795918365,3,0,0
Male,0,Yes,No,40,Yes,No,DSL,No,Yes,No,Yes,Yes,Yes,One year,Yes,Credit card (automatic),38.8,1490.53,No,2-4yr,36.35439024390244,5,0,0
Female,0,Yes,No,29,Yes,No,Fiber optic,No,No,No internet service,No,Yes,Yes,Month-to-month,No,Credit card (automatic),26.97,780.19,Yes,2-4yr,26.006333333333334,3,0,0
Male,1,Yes,Yes,4,Yes,Yes,No,No,Yes,Yes,Yes,Yes,Yes,Month-to-month,No,Bank transfer (automatic),85.63,388.67,Yes,0-1yr,77.73400000000001,6,1,1
Male,0,Yes,No,70,Yes,No phone service,Fiber optic,Yes,No,Yes,No internet service,No internet service,No,Month-to-month,Yes,Bank transfer (automatic),61.18,4310.32,No,4yr+,60.708732394366194,3,0,0
Female,1,No,No,30,No,No,No,Yes,No,Yes,No,No internet service,No internet service,Two year,No,Mailed check,30.79,897.81,No,2-4yr,28.961612903225806,2,0,0
Female,0,No,No,51,Yes,Yes,Fiber optic,No,No,No,No,No,No,Month-to-month,Yes,Mailed check,86.8,4515.46,Yes,4yr+,86.83576923076923,1,0,1
Female,0,Yes,No,22,No,No,DSL,Yes,Yes,No internet service,No,Yes,No internet service,Month-to-month,No,Credit card (automatic),39.17,858.0,No,1-2yr,37.30434782608695,3,0,0
Female,0,Yes,No,47,No,No,No,No,No internet service,No,No,No,Yes,Two year,Yes,Mailed check,69.92,3200.62,Yes,2-4yr,66.67958333333333,1,0,1
Female,0,Yes,No,39,Yes,Yes,DSL,No,No,Yes,No,Yes,Yes,Month-to-month,Yes,Electronic check,49.23,1949.69,Yes,2-4yr,48.74225,4,0,0
Female,0,Yes,Yes,5,Yes,No,No,No,No internet service,Yes,No internet service,Yes,No,Two year,Yes,Bank transfer (automatic),113.03,558.28,No,0-1yr,93.04666666666667,3,1,1
Female,1,Yes,No,37,Yes,Yes,Fiber optic,Yes,No,Yes,Yes,No,No internet service,Month-to-month,Yes,Bank transfer (automatic),41.29,1524.03,No,2-4yr,40.10605263157895,4,0,0
Female,0,No,No,40,Yes,Yes,DSL,Yes,No internet service,No,Yes,No,No,Month-to-month,Yes,Credit card (automatic),60.83,2477.64,Yes,2-4yr,60.430243902439024,3,0,0
Male,1,No,Yes,26,Yes,No phone service,Fiber optic,Yes,No internet service,No,No,Yes,Yes,Month-to-month,No,Electronic check,115.87,2999.57,Yes,2-4yr,111.09518518518519,4,0,1
Female,0,No,No,68,Yes,No,No,Yes,No,No,No internet service,Yes,Yes,Two year,Yes,Bank transfer (automatic),50.51,3420.17,No,4yr+,49.56768115942029,4,0,0
Female,1,Yes,No,56,Yes,No,No,No,No,No,Yes,No internet service,Yes,One year,No,Electronic check,83.75,4627.32,No,4yr+,81.18105263157894,3,0,1
Male,0,Yes,No,16,Yes,No,DSL,No,No internet service,Yes,Yes,No,Yes,Two year,Yes,Credit card (automatic),50.31,778.49,No,1-2yr,45.79352941176471,4,0,0
Female,0,No,No,70,Yes,Yes,DSL,Yes,No,Yes,Yes,No internet service,Yes,One year,Yes,Electronic check,29.29,2062.55,No,4yr+,29.050000000000004,5,0,0
Male,1,No,No,46,Yes,No,Fiber optic,Yes,No internet service,No,No,No internet service,No internet service,Month-to-month,No,Credit card (automatic),82.01,3743.07,Yes,2-4yr,79.63978723404256,2,0,1
Male,0,No,No,12,Yes,No,Fiber optic,Yes,No internet service,No,No,No,No,Month-to-month,No,Electronic check,111.44,1253.81,Yes,0-1yr,96.44692307692307,2,0,1
Female,0,Yes,No,10,Yes,No phone service,Fiber optic,No internet service,No,No,No internet service,Yes,No,Month-to-month,Yes,Electronic check,64.16,674.17,Yes,0-1yr,61.28818181818181,2,0,0
Male,0,No,No,23,Yes,Yes,DSL,No,Yes,Yes,Yes,No internet service,Yes,One year,Yes,Electronic check,81.87,1917.63,Yes,1-2yr,79.90125,5,0,1
Male,0,Yes,No,72,Yes,No,No,No internet service,Yes,Yes,Yes,Yes,Yes,Two year,No,Electronic check,80.11,5802.92,No,4yr+,79.49205479452056,6,0,1
Male,1,No,No,3,Yes,No phone service,Fiber optic,No internet service,No internet service,Yes,No,Yes,No,Month-to-month,Yes,Bank transfer (automatic),60.34,134.74,Yes,0-1yr,33.685,3,1,0
Male,0,No,No,45,Yes,No,No,No,Yes,Yes,No,No internet service,No internet service,One year,Yes,Electronic check,80.72,3631.37,Yes,2-4yr,78.94282608695652,3,0,1
Female,0,No,No,17,Yes,No phone service,Fiber optic,No,Yes,Yes,No,No,No,Two year,Yes,Mailed check,44.45,767.63,No,1-2yr,42.64611111111111,3,0,0
Male,0,Yes,No,42,Yes,Yes,Fiber optic,Yes,No,No,Yes,Yes,No internet service,Month-to-month,Yes,Electronic check,56.56,2405.25,Yes,2-4yr,55.93604651162791,4,0,0
Female,0,No,No,32,Yes,No phone service,No,No,No,Yes,No internet service,No,No internet service,Two year,Yes,Credit card (automatic),63.12,2050.69,No,2-4yr,62.14212121212121,2,0,0
Male,0,Yes,Yes,9,Yes,No,Fiber optic,Yes,Yes,Yes,No,No,Yes,Month-to-month,No,Electronic check,106.13,884.53,Yes,0-1yr,88.453,5,0,1
Male,0,Yes,No,72,Yes,Yes,No,No internet service,Yes,No internet service,No,Yes,Yes,One year,Yes,Mailed check,53.53,3940.27,No,4yr+,53.976301369863016,4,0,0
Male,0,Yes,No,58,Yes,No phone service,No,Yes,No,No,No,Yes,No,Month-to-month,Yes,Bank transfer (automatic),82.78,4740.82,No,4yr+,80.3528813559322,3,0,1
Male,0,No,Yes,30,Yes,No,Fiber optic,No,Yes,No internet service,Yes,Yes,No,Month-to-month,No,Credit card (automatic),39.77,1111.54,No,2-4yr,35.85612903225806,4,0,0
Female,0,Yes,No,27,Yes,No,Fiber optic,Yes,No internet service,No,No internet service,Yes,Yes,Month-to-month,No,Credit card (automatic),43.76,1034.83,No,2-4yr,36.958214285714284,4,0,0
Female,0,Yes,No,59,Yes,No,DSL,No internet service,Yes,No,No internet service,No,No,Two year,Yes,Credit card (automatic),84.14,4999.19,No,4yr+,83.31983333333332,2,0,1
Male,0,No,No,2,Yes,Yes,DSL,No,No internet service,Yes,No,No,No,Two year,No,Electronic check,95.76,263.96,Yes,0-1yr,87.98666666666666,2,1,1
Male,0,Yes,Yes,54,Yes,No,DSL,No,No internet service,No,No,No,No internet service,Month-to-month,No,Credit card (automatic),65.14,3485.94,No,4yr+,63.38072727272727,1,0,0
Female,0,No,No,13,No,No,DSL,No,No,Yes,Yes,Yes,Yes,Two year,Yes,Bank transfer (automatic),52.18,589.94,No,1-2yr,42.13857142857143,4,0,0
Male,0,Yes,No,57,Yes,Yes,DSL,No,Yes,Yes,No,Yes,Yes,One year,Yes,Credit card (automatic),110.85,6362.18,No,4yr+,109.69275862068966,5,0,1
Male,0,Yes,Yes,14,Yes,Yes,DSL,No,No,No internet service,No,Yes,No,Two year,No,Electronic check,31.85,381.01,No,1-2yr,25.400666666666666,2,0,0
Male,0,No,No,1,Yes,Yes,Fiber optic,No internet service,No,No,No internet service,Yes,No,Month-to-month,Yes,Credit card (automatic),91.51,122.46,No,0-1yr,61.23,2,1,1
Female,0,Yes,No,23,Yes,Yes,Fiber optic,Yes,Yes,No internet service,Yes,Yes,No,Month-to-month,Yes,Mailed check,88.4,1986.98,No,1-2yr,82.79083333333334,5,0,1
Female,0,Yes,Yes,63,Yes,No,DSL,No internet service,No internet service,Yes,Yes,No,No internet service,One year,No,Bank transfer (automatic),88.41,5547.88,No,4yr+,86.685625,3,0,1
Female,0,No,No,70,Yes,No,DSL,No,No,Yes,Yes,Yes,No internet service,Month-to-month,Yes,Mailed check,113.41,7954.66,No,4yr+,112.0374647887324,4,0,1
Male,0,No,No,23,Yes,No phone service,Fiber optic,No internet service,No internet service,No,Yes,No,No,Month-to-month,No,Mailed check,92.28,2138.77,No,1-2yr,89.11541666666666,2,0,1
Male,0,No,No,26,Yes,No,Fiber optic,No,Yes,No,No,No internet service,Yes,Month-to-month,Yes,Mailed check,48.76,1273.1,No,2-4yr,47.15185185185185,3,0,0
Female,0,Yes,Yes,36,Yes,Yes,Fiber optic,No,Yes,No,Yes,No,No,Month-to-month,Yes,Mailed check,54.05,2019.31,No,2-4yr,54.575945945945946,3,0,0
Female,1,Yes,Yes,38,Yes,No phone service,Fiber optic,No internet service,No internet service,No internet service,No,Yes,No,Month-to-month,Yes,Credit card (automatic),57.89,2285.54,Yes,2-4yr,58.603589743589744,2,0,0
Female,0,No,Yes,62,Yes,No,No,No,No,Yes,Yes,No internet service,No internet service,Two year,Yes,Bank transfer (automatic),21.14,1400.3,No,4yr+,22.226984126984128,3,0,0
Female,0,No,No,25,Yes,No,Fiber optic,No,No,No,No,No internet service,No internet service,Month-to-month,No,Bank transfer (automatic),111.18,2770.7,No,2-4yr,106.5653846153846,1,0,1
Male,0,No,No,64,Yes,No,Fiber optic,Yes,No,Yes,No,Yes,No,Month-to-month,No,Electronic check,25.5,1637.3,Yes,4yr+,25.189230769230768,4,0,0
Female,0,No,Yes,3,No,No phone service,No,Yes,Yes,Yes,No internet service,No,No,Month-to-month,Yes,Credit card (automatic),89.38,337.05,Yes,0-1yr,84.2625,3,1,1
Male,0,No,Yes,28,Yes,No,No,No,No,No,No internet service,No internet service,Yes,One year,No,Bank transfer (automatic),92.48,2556.85,No,2-4yr,88.16724137931034,2,0,1
Female,1,No,No,0,Yes,Yes,Fiber optic,No,Yes,No,No internet service,No,Yes,One year,Yes,Electronic check,104.06,0.0,Yes,0-1yr,0.0,3,1,1
Male,0,Yes,No,49,Yes,No,Fiber optic,No,No,Yes,No,Yes,Yes,One year,Yes,Bank transfer (automatic),74.44,3648.6,Yes,4yr+,72.972,4,0,1
Female,0,No,No,10,Yes,Yes,DSL,Yes,No,Yes,No,No,Yes,Month-to-month,Yes,Electronic check,91.98,918.84,Yes,0-1yr,83.53090909090909,4,0,1
Female,0,Yes,No,58,Yes,Yes,Fiber optic,No,No internet service,No,No,No,No,Month-to-month,Yes,Electronic check,48.88,2820.72,Yes,4yr+,47.80881355932203,1,0,0
Female,0,Yes,No,61,No,Yes,No,No,No,No,No internet service,No,Yes,One year,No,Mailed check,94.05,5690.3,No,4yr+,91.77903225806452,1,0,1
Female,0,No,Yes,35,Yes,Yes,Fiber optic,No,Yes,Yes,Yes,No internet service,No,Two year,Yes,Mailed check,53.03,1898.76,Yes,2-4yr,52.74333333333333,4,0,0
Male,0,No,No,55,Yes,Yes,No,No internet service,No,Yes,No,No,No,One year,Yes,Electronic check,110.09,6035.58,Yes,4yr+,107.77821428571428,2,0,1
Female,0,Yes,No,20,Yes,Yes,Fiber optic,No,Yes,Yes,Yes,Yes,No,Month-to-month,Yes,Mailed check,34.66,701.02,No,1-2yr,33.381904761904764,5,0,0
Male,0,Yes,No,12,Yes,No,No,Yes,Yes,No internet service,No,No,No,Month-to-month,No,Credit card (automatic),50.21,602.17,Yes,0-1yr,46.32076923076923,3,0,0
Male,0,Yes,No,8,Yes,No,Fiber optic,No internet service,Yes,No internet service,No,No,Yes,Month-to-month,No,Electronic check,68.87,584.73,Yes,0-1yr,64.97,3,0,0
Male,0,No,Yes,10,Yes,No phone service,DSL,No,No,No,No,Yes,No internet service,One year,No,Electronic check,97.14,994.21,Yes,0-1yr,90.38272727272728,2,0,1
Male,0,No,Yes,69,No,Yes,Fiber optic,No,Yes,No internet service,No,Yes,Yes,Month-to-month,Yes,Credit card (automatic),94.38,6499.46,Yes,4yr+,92.84942857142858,3,0,1
Female,0,Yes,No,0,Yes,No,DSL,Yes,No,No,No internet service,No internet service,No internet service,Month-to-month,Yes,Electronic check,39.49,0.0,Yes,0-1yr,0.0,2,1,0
Male,0,Yes,Yes,69,Yes,No phone service,DSL,No,No internet service,Yes,No,No,Yes,Month-to-month,Yes,Bank transfer (automatic),32.71,2251.45,No,4yr+,32.16357142857142,3,0,0
Male,0,No,Yes,55,Yes,Yes,No,Yes,No,Yes,No internet service,Yes,No,Month-to-month,Yes,Electronic check,49.0,2639.51,Yes,4yr+,47.13410714285715,4,0,0
Male,0,Yes,Yes,30,Yes,No,DSL,No,Yes,No internet service,No,Yes,Yes,Month-to-month,No,Mailed check,67.34,1979.99,No,2-4yr,63.87064516129032,4,0,0
Female,0,No,Yes,36,No,No,No,Yes,Yes,No,No,No,Yes,Month-to-month,Yes,Mailed check,72.98,2653.81,No,2-4yr,71.72459459459459,3,0,1
Female,0,No,No,46,Yes,Yes,DSL,Yes,No,No internet service,No,No,No,One year,Yes,Credit card (automatic),61.77,2856.39,No,2-4yr,60.774255319148935,2,0,0
Female,0,Yes,Yes,46,Yes,No,DSL,Yes,No internet service,No internet service,Yes,Yes,No,Month-to-month,Yes,Mailed check,85.64,3891.14,No,2-4yr,82.79021276595745,4,0,1
Female,0,No,No,68,Yes,No,No,Yes,Yes,No,No,No,Yes,Month-to-month,Yes,Bank transfer (automatic),61.61,4183.49,Yes,4yr+,60.63028985507246,4,0,0
Male,0,Yes,No,57,Yes,Yes,Fiber optic,Yes,No internet service,Yes,No,Yes,No,Month-to-month,Yes,Credit card (automatic),114.53,6450.05,Yes,4yr+,111.20775862068966,4,0,1
Male,0,Yes,No,35,Yes,Yes,Fiber optic,No,No,Yes,No,Yes,Yes,Month-to-month,Yes,Credit card (automatic),44.62,1568.46,No,2-4yr,43.568333333333335,4,0,0
Female,0,No,Yes,31,Yes,Yes,Fiber optic,Yes,No,Yes,No,No,No,One year,Yes,Electronic check,81.99,2524.88,No,2-4yr,78.9025,3,0,1
Male,0,Yes,No,63,Yes,Yes,Fiber optic,No,No internet service,Yes,No,Yes,No internet service,Month-to-month,No,Credit card (automatic),80.36,5167.43,Yes,4yr+,80.74109375,3,0,1
Male,1,No,Yes,70,Yes,No,No,Yes,No,No,No,No internet service,No internet service,One year,Yes,Mailed check,46.72,3299.76,No,4yr+,46.47549295774648,2,0,0
Male,0,No,No,41,Yes,No,Fiber optic,No internet service,No internet service,Yes,No,Yes,No,One year,No,Bank transfer (automatic),59.99,2411.93,No,2-4yr,57.42690476190476,3,0,0
Female,0,Yes,No,47,Yes,Yes,Fiber optic,No internet service,No,Yes,Yes,No,Yes,Two year,No,Mailed check,55.28,2549.81,No,2-4yr,53.12104166666666,4,0,0
Female,0,Yes,No,29,Yes,No phone service,No,Yes,No,No,Yes,No,Yes,Month-to-month,No,Mailed check,35.59,1064.0,No,2-4yr,35.46666666666667,4,0,0
Male,1,Yes,No,20,Yes,Yes,DSL,No,No,No,Yes,No,No internet service,Month-to-month,Yes,Electronic check,66.68,1377.57,No,1-2yr,65.59857142857143,2,0,0
Female,0,Yes,No,59,Yes,Yes,Fiber optic,Yes,Yes,No,Yes,No,Yes,One year,Yes,Bank transfer (automatic),57.44,3481.89,No,4yr+,58.0315,5,0,0
Female,0,Yes,No,12,Yes,Yes,No,No internet service,No,No,Yes,No,No internet service,Month-to-month,No,Mailed check,36.19,492.1,Yes,0-1yr,37.853846153846156,2,0,0
Female,0,Yes,No,0,Yes,No,Fiber optic,No,Yes,No,Yes,No,Yes,Month-to-month,Yes,Electronic check,63.89,23.86,Yes,0-1yr,23.86,4,1,0
Female,0,Yes,No,64,Yes,Yes,No,Yes,Yes,No internet service,Yes,No,No internet service,One year,Yes,Mailed check,61.03,3977.08,No,4yr+,61.18584615384615,4,0,0
Female,0,No,No,32,Yes,Yes,Fiber optic,No,No,Yes,No,No,Yes,Month-to-month,Yes,Credit card (automatic),31.4,1008.53,No,2-4yr,30.561515151515152,3,0,0
Male,1,No,No,37,Yes,Yes,No,Yes,No,Yes,Yes,No,Yes,Month-to-month,No,Bank transfer (automatic),31.38,1162.56,No,2-4yr,30.593684210526316,5,0,0
Female,0,No,No,24,Yes,No,No,No,No internet service,No internet service,No,No,No,One year,No,Mailed check,84.05,1956.57,No,1-2yr,78.2628,1,0,1
Male,0,Yes,No,25,Yes,No phone service,DSL,No,No,No,No internet service,No,No internet service,Two year,Yes,Credit card (automatic),90.07,2327.17,No,2-4yr,89.50653846153847,1,0,1
Male,0,Yes,No,58,Yes,Yes,DSL,No,No,No,No internet service,No internet service,No internet service,Two year,Yes,Bank transfer (automatic),114.0,6618.62,Yes,4yr+,112.17999999999999,1,0,1
Female,0,No,No,32,Yes,Yes,Fiber optic,No,Yes,Yes,No,No internet service,No,Month-to-month,No,Electronic check,26.87,854.91,Yes,2-4yr,25.906363636363636,3,0,0
Male,0,No,Yes,40,Yes,No,Fiber optic,Yes,No internet service,No internet service,No internet service,Yes,No,Month-to-month,Yes,Mailed check,30.02,1161.1,No,2-4yr,28.31951219512195,3,0,0
Male,0,Yes,No,29,Yes,No,DSL,Yes,No,No internet service,No,No,No,Month-to-month,Yes,Electronic check,23.29,736.68,No,2-4yr,24.555999999999997,2,0,0
Male,0,No,Yes,56,Yes,Yes,DSL,Yes,No internet service,No,Yes,Yes,No,Month-to-month,Yes,Bank transfer (automatic),72.29,4097.57,No,4yr+,71.88719298245614,4,0,1
Female,0,No,No,48,Yes,No phone service,Fiber optic,No internet service,No internet service,Yes,No internet service,Yes,No internet service,One year,No,Credit card (automatic),81.52,3867.85,No,2-4yr,78.93571428571428,3,0,1
Female,0,No,Yes,47,No,No,No,Yes,Yes,No internet service,No internet service,No,No,Month-to-month,Yes,Mailed check,59.16,2806.04,Yes,2-4yr,58.45916666666667,2,0,0
Male,0,Yes,Yes,71,Yes,No,Fiber optic,No,No,No internet service,No,No internet service,No,Month-to-month,Yes,Mailed check,99.39,7096.49,Yes,4yr+,98.5623611111111,1,0,1
Female,1,No,No,48,Yes,No,Fiber optic,No,No internet service,No,No,No,No,Two year,Yes,Mailed check,88.04,4163.61,No,2-4yr,84.97163265306122,1,0,1
Female,0,No,No,46,Yes,No phone service,DSL,Yes,Yes,Yes,No,No,No,Two year,No,Electronic check,118.56,5485.82,Yes,2-4yr,116.7195744680851,4,0,1
Female,1,No,Yes,55,Yes,No,Fiber optic,No,No,No internet service,Yes,Yes,No internet service,One year,No,Credit card (automatic),32.07,1785.9,No,4yr+,31.89107142857143,3,0,0
Female,0,No,No,64,Yes,Yes,DSL,No,No internet service,Yes,Yes,No,Yes,Two year,Yes,Bank transfer (automatic),23.95,1563.96,No,4yr+,24.06092307692308,4,0,0
Male,0,No,Yes,11,Yes,Yes,DSL,No,Yes,Yes,No,No internet service,Yes,One year,No,Electronic check,46.03,605.67,No,0-1yr,50.4725,4,0,0
Male,0,No,Yes,68,Yes,No,No,No,No internet service,No,No internet service,Yes,No,Month-to-month,Yes,Credit card (automatic),19.94,1504.0,Yes,4yr+,21.797101449275363,2,0,0
Female,0,Yes,No,5,Yes,Yes,No,No,No internet service,Yes,Yes,Yes,Yes,Month-to-month,Yes,Electronic check,113.13,627.46,Yes,0-1yr,104.57666666666667,5,1,1
Female,0,No,No,64,Yes,No,DSL,No,No,No,No internet service,No,No,Month-to-month,No,Credit card (automatic),49.0,3149.02,No,4yr+,48.44646153846154,1,0,0
Male,0,No,Yes,24,Yes,No,DSL,No,Yes,No,Yes,No,No internet service,Month-to-month,Yes,Mailed check,74.35,1816.31,No,1-2yr,72.6524,3,0,1
Male,0,No,No,0,No,No,DSL,No,Yes,Yes,No,No,No,Two year,Yes,Bank transfer (automatic),50.44,21.7,No,0-1yr,21.7,2,1,0
Female,0,Yes,Yes,31,Yes,No phone service,Fiber optic,Yes,Yes,No,No,No,No internet service,Month-to-month,Yes,Electronic check,43.07,1452.76,No,2-4yr,45.39875,3,0,0
Male,1,Yes,No,2,Yes,Yes,DSL,No,No internet service,No internet service,No,No,Yes,Month-to-month,No,Mailed check,33.54,73.95,Yes,0-1yr,24.650000000000002,2,1,0
Female,1,No,No,48,Yes,No,DSL,Yes,No internet service,Yes,Yes,Yes,No internet service,Month-to-month,No,Credit card (automatic),50.68,2411.93,No,2-4yr,49.22306122448979,5,0,0
Female,0,No,No,18,Yes,No,DSL,Yes,No,No,No,No,No,Month-to-month,No,Mailed check,80.77,1481.3,Yes,1-2yr,77.96315789473684,2,0,1
Male,0,No,No,59,Yes,Yes,Fiber optic,No,No,No,No,Yes,Yes,Two year,Yes,Credit card (automatic),117.11,7013.88,No,4yr+,116.898,3,0,1
Male,0,No,No,28,Yes,No,Fiber optic,No internet service,Yes,No,Yes,No,No,One year,No,Bank transfer (automatic),74.93,2049.61,No,2-4yr,70.67620689655173,3,0,1
Female,0,No,No,49,Yes,Yes,Fiber optic,No internet service,No,Yes,Yes,No,No internet service,One year,Yes,Credit card (automatic),72.34,3511.07,Yes,4yr+,70.2214,3,0,1
Female,0,No,Yes,1,Yes,No,Fiber optic,Yes,No,No,No,No internet service,Yes,Month-to-month,No,Credit card (automatic),21.6,0.0,No,0-1yr,0.0,3,1,0
Male,0,No,No,72,Yes,No,No,No,No internet service,Yes,No,No internet service,No,One year,No,Mailed check,103.69,7405.83,No,4yr+,101.44972602739726,2,0,1
Female,0,No,No,55,Yes,Yes,No,No,No,No internet service,Yes,No,No internet service,One year,Yes,Mailed check,22.57,1193.79,No,4yr+,21.31767857142857,2,0,0
Male,1,No,Yes,16,Yes,No,DSL,Yes,No internet service,No,No,Yes,Yes,One year,Yes,Credit card (automatic),110.44,1814.06,No,1-2yr,106.70941176470588,4,0,1
Female,0,Yes,Yes,59,No,No,DSL,No,No,No,No internet service,Yes,No,Two year,Yes,Electronic check,72.94,4314.45,Yes,4yr+,71.9075,1,0,1
Male,0,Yes,No,35,Yes,Yes,Fiber optic,No,No,No,Yes,Yes,No,Two year,No,Credit card (automatic),35.18,1166.61,No,2-4yr,32.405833333333334,3,0,0
Male,0,No,No,60,Yes,Yes,DSL,No internet service,No,No,No,No internet service,Yes,Two year,Yes,Bank transfer (automatic),64.07,3878.48,No,4yr+,63.58163934426229,2,0,0
Male,0,Yes,Yes,16,Yes,No,Fiber optic,Yes,No internet service,No,Yes,No internet service,No,One year,Yes,Bank transfer (automatic),119.49,1929.11,Yes,1-2yr,113.4770588235294,3,0,1
Female,0,Yes,Yes,48,Yes,No,Fiber optic,Yes,No,No,Yes,No internet service,Yes,Two year,Yes,Electronic check,49.12,2405.34,No,2-4yr,49.088571428571434,4,0,0
Female,1,Yes,No,59,Yes,No,Fiber optic,No internet service,No,No,Yes,Yes,No,Month-to-month,Yes,Bank transfer (automatic),45.48,2653.12,No,4yr+,44.218666666666664,3,0,0
Male,0,Yes,No,19,Yes,No phone service,DSL,No,Yes,Yes,No,No,Yes,Two year,No,Electronic check,30.04,509.41,No,1-2yr,25.4705,4,0,0
Female,1,Yes,No,49,No,No,Fiber optic,No internet service,Yes,Yes,No internet service,No,Yes,Two year,Yes,Credit card (automatic),78.91,3900.58,No,4yr+,78.0116,3,0,1
Male,0,Yes,No,2,No,No,No,Yes,No,No,Yes,No,No,Two year,Yes,Mailed check,27.1,95.45,No,0-1yr,31.816666666666666,2,1,0
Male,0,No,Yes,42,Yes,No,DSL,No,Yes,No internet service,No,No,Yes,Two year,No,Electronic check,96.13,3982.24,Yes,2-4yr,92.61023255813953,3,0,1
Female,0,No,No,56,Yes,No,Fiber optic,No,Yes,Yes,No,No,Yes,Month-to-month,No,Credit card (automatic),111.76,6270.46,Yes,4yr+,110.0080701754386,4,0,1
Female,0,Yes,No,49,Yes,Yes,DSL,Yes,No,Yes,Yes,Yes,No internet service,Month-to-month,Yes,Bank transfer (automatic),113.05,5508.64,No,4yr+,110.17280000000001,5,0,1
Male,1,Yes,No,67,Yes,Yes,DSL,No,Yes,Yes,No,Yes,No internet service,Month-to-month,Yes,Credit card (automatic),29.01,1992.23,No,4yr+,29.2975,4,0,0
Female,1,No,Yes,49,Yes,No,Fiber optic,No,No internet service,No internet service,No internet service,Yes,No internet service,One year,No,Mailed check,74.94,3705.17,No,4yr+,74.10340000000001,2,0,1
Female,0,Yes,No,36,Yes,Yes,DSL,Yes,No,No internet service,No internet service,Yes,No,Month-to-month,Yes,Bank transfer (automatic),27.91,1065.7,No,2-4yr,28.802702702702703,3,0,0
Male,0,No,No,45,No,No,DSL,Yes,No,No,No internet service,Yes,No internet service,Month-to-month,No,Bank transfer (automatic),76.35,3393.69,No,2-4yr,73.77586956521739,2,0,1
Male,0,No,No,41,Yes,No,DSL,No,Yes,No internet service,No,Yes,No internet service,One year,Yes,Bank transfer (automatic),101.13,4111.84,No,2-4yr,97.90095238095239,3,0,1
Female,1,No,No,14,Yes,Yes,Fiber optic,No,Yes,No,No internet service,Yes,No,One year,Yes,Electronic check,72.85,1001.37,No,1-2yr,66.758,3,0,1
Male,0,Yes,Yes,32,Yes,No,Fiber optic,No internet service,No,No internet service,Yes,No,Yes,Two year,Yes,Electronic check,106.95,3395.9,Yes,2-4yr,102.9060606060606,3,0,1
Male,0,No,No,10,No,No,DSL,No,No internet service,Yes,No,No internet service,Yes,One year,Yes,Credit card (automatic),99.77,1016.12,No,0-1yr,92.37454545454545,2,0,1
Female,0,Yes,No,19,Yes,No,Fiber optic,Yes,No,Yes,No internet service,No internet service,No,One year,No,Mailed check,46.21,824.14,No,1-2yr,41.207,3,0,0
Male,0,No,No,23,Yes,Yes,DSL,No internet service,Yes,No,Yes,Yes,No internet service,One year,No,Credit card (automatic),82.27,1968.27,No,1-2yr,82.01125,4,0,1
Male,0,No,No,63,Yes,Yes,Fiber optic,No internet service,No,No,No,Yes,No,Two year,No,Electronic check,18.76,1269.07,No,4yr+,19.82921875,2,0,0
Female,0,Yes,No,64,Yes,No,Fiber optic,Yes,Yes,No,No,Yes,No,Month-to-month,No,Credit card (automatic),58.4,3793.07,Yes,4yr+,58.35492307692308,4,0,0
Female,1,Yes,No,72,Yes,No,Fiber optic,No,No internet service,Yes,No,No internet service,Yes,Month-to-month,No,Bank transfer (automatic),42.27,3068.44,No,4yr+,42.03342465753425,3,0,0
Male,0,Yes,No,16,Yes,Yes,No,Yes,No internet service,No,Yes,No,Yes,Two year,No,Bank transfer (automatic),113.59,1811.28,No,1-2yr,106.54588235294118,4,0,1
Male,0,No,Yes,60,Yes,Yes,No,Yes,No,Yes,No internet service,Yes,No,One year,No,Mailed check,59.35,3570.45,No,4yr+,58.531967213114754,4,0,0
Female,1,Yes,No,14,Yes,No,DSL,Yes,No,Yes,No,No internet service,No internet service,One year,Yes,Credit card (automatic),84.71,1148.13,No,1-2yr,76.542,3,0,1
Female,0,No,No,50,Yes,No,No,Yes,No internet service,No internet service,Yes,No,Yes,Month-to-month,Yes,Mailed check,92.66,4640.87,No,4yr+,90.99745098039216,4,0,1
Female,1,Yes,No,26,Yes,No phone service,DSL,No internet service,No,No internet service,Yes,No internet service,No internet service,Month-to-month,No,Bank transfer (automatic),96.87,2535.39,No,2-4yr,93.90333333333332,2,0,1
Female,0,No,No,60,Yes,No,No,No,No,No internet service,No internet service,Yes,Yes,One year,No,Electronic check,93.05,5541.73,No,4yr+,90.84803278688524,3,0,1
Male,0,No,No,57,Yes,No phone service,DSL,No internet service,No internet service,No,Yes,No,No,Month-to-month,No,Bank transfer (automatic),47.49,2788.0,No,4yr+,48.06896551724138,2,0,0
Female,1,No,No,30,No,Yes,Fiber optic,No,No,No,Yes,No,No,Month-to-month,No,Credit card (automatic),87.98,2635.19,Yes,2-4yr,85.00612903225807,1,0,1
Female,0,No,No,11,Yes,No,DSL,No,No,No,No,No internet service,No internet service,Month-to-month,Yes,Electronic check,74.0,762.56,No,0-1yr,63.54666666666666,1,0,1
Male,0,Yes,No,45,Yes,Yes,DSL,No,No internet service,Yes,No,No internet service,Yes,Month-to-month,No,Bank transfer (automatic),78.93,3541.58,Yes,2-4yr,76.9908695652174,3,0,1
Female,0,Yes,No,30,Yes,No,Fiber optic,No internet service,No,Yes,No,No,Yes,One year,No,Electronic check,18.08,512.27,No,2-4yr,16.524838709677418,3,0,0
Male,0,No,Yes,31,Yes,No,No,No,No,Yes,No,Yes,Yes,Two year,Yes,Credit card (automatic),44.34,1332.53,No,2-4yr,41.6415625,4,0,0
Female,0,Yes,Yes,31,Yes,Yes,Fiber optic,No,Yes,No internet service,No,No,No internet service,One year,No,Credit card (automatic),112.93,3579.4,No,2-4yr,111.85625,2,0,1
Female,0,Yes,No,52,Yes,No,Fiber optic,No internet service,No,Yes,No internet service,No internet service,Yes,Two year,Yes,Mailed check,47.59,2475.18,No,4yr+,46.70150943396226,3,0,0
Female,1,Yes,Yes,60,Yes,No,Fiber optic,Yes,Yes,No internet service,Yes,No,Yes,One year,No,Electronic check,62.68,3812.29,Yes,4yr+,62.49655737704918,5,0,0
Male,0,Yes,Yes,45,Yes,Yes,DSL,No,No,No,No,No internet service,No,One year,No,Bank transfer (automatic),37.04,1687.37,No,2-4yr,36.68195652173913,1,0,0
Male,0,Yes,No,6,Yes,No,DSL,No internet service,No,No,No internet service,No,No,Month-to-month,Yes,Electronic check,32.14,216.67,No,0-1yr,30.95285714285714,1,1,0
Female,0,No,No,3,Yes,Yes,DSL,No internet service,No internet service,Yes,No,No,No internet service,Month-to-month,Yes,Mailed check,39.28,117.16,No,0-1yr,29.29,2,1,0
Male,0,Yes,No,51,Yes,Yes,Fiber optic,Yes,No,Yes,No,No,No internet service,One year,Yes,Electronic check,74.47,3776.37,No,4yr+,72.6225,3,0,1
Male,0,No,No,30,Yes,No,DSL,No,No internet service,No internet service,Yes,No,No,Month-to-month,Yes,Mailed check,111.74,3417.2,Yes,2-4yr,110.23225806451612,2,0,1
Male,1,Yes,No,35,Yes,Yes,DSL,No,Yes,Yes,No,No internet service,No internet service,Two year,Yes,Electronic check,51.27,1827.16,No,2-4yr,50.754444444444445,3,0,0
Male,0,No,No,53,No,No phone service,DSL,Yes,No internet service,Yes,No,No,No,Month-to-month,Yes,Electronic check,50.99,2693.43,Yes,4yr+,49.87833333333333,2,0,0
Male,0,Yes,Yes,53,Yes,Yes,DSL,No,No,Yes,No,No,Yes,Two year,No,Electronic check,75.54,4053.34,No,4yr+,75.06185185185186,3,0,1
Male,0,No,No,16,Yes,No,No,Yes,No,Yes,No internet service,Yes,No internet service,Two year,Yes,Bank transfer (automatic),54.39,945.75,No,1-2yr,55.63235294117647,4,0,0
Female,0,No,No,29,Yes,No,DSL,No,Yes,Yes,Yes,Yes,No,Month-to-month,Yes,Mailed check,110.86,3233.24,Yes,2-4yr,107.77466666666666,5,0,1
Female,0,Yes,No,21,No,Yes,Fiber optic,No,No,No,Yes,No internet service,No,Month-to-month,No,Electronic check,56.54,1264.91,Yes,1-2yr,57.495909090909095,1,0,0
Male,0,No,No,42,Yes,Yes,Fiber optic,No,No,No,Yes,Yes,No,One year,No,Bank transfer (automatic),68.03,2833.4,No,2-4yr,65.89302325581396,3,0,0
Female,0,No,No,26,Yes,No,Fiber optic,No,No,No,No,No internet service,No,Month-to-month,No,Credit card (automatic),72.41,1837.68,Yes,2-4yr,68.06222222222222,1,0,1
Female,0,No,Yes,36,Yes,No,DSL,No,No internet service,Yes,Yes,No,Yes,Month-to-month,Yes,Electronic check,97.77,3502.57,Yes,2-4yr,94.66405405405406,4,0,1
Female,0,No,No,45,No,Yes,DSL,No,No internet service,No internet service,No,No internet service,No,Two year,Yes,Credit card (automatic),75.52,3400.46,No,2-4yr,73.92304347826087,0,0,1
Female,0,Yes,No,34,Yes,No,DSL,Yes,No internet service,No internet service,No,No internet service,No internet service,Two year,Yes,Bank transfer (automatic),42.39,1519.03,No,2-4yr,43.40085714285714,2,0,0
Male,0,No,No,3,Yes,Yes,Fiber optic,Yes,No,Yes,No,No,No,One year,Yes,Electronic check,30.65,72.9,No,0-1yr,18.225,3,1,0
Female,0,Yes,Yes,25,Yes,Yes,DSL,Yes,No internet service,No,Yes,No internet service,Yes,Month-to-month,No,Mailed check,113.65,2860.46,No,2-4yr,110.01769230769231,4,0,1
Female,0,Yes,No,18,Yes,No,Fiber optic,No,No internet service,Yes,No internet service,Yes,No internet service,Month-to-month,Yes,Mailed check,99.76,1850.73,Yes,1-2yr,97.40684210526315,3,0,1
Male,0,No,No,44,Yes,Yes,Fiber optic,No internet service,Yes,No internet service,No,No,Yes,Month-to-month,No,Bank transfer (automatic),20.34,918.33,No,2-4yr,20.407333333333334,3,0,0
Male,0,Yes,Yes,25,Yes,No,Fiber optic,Yes,No,No,No internet service,No,Yes,Month-to-month,Yes,Electronic check,101.8,2520.32,No,2-4yr,96.93538461538462,3,0,1
Female,0,No,No,21,Yes,No,Fiber optic,Yes,Yes,No internet service,No,Yes,Yes,Month-to-month,Yes,Credit card (automatic),78.24,1579.11,Yes,1-2yr,71.77772727272726,5,0,1
Female,0,No,No,57,Yes,No phone service,Fiber optic,No,Yes,Yes,Yes,No,Yes,Month-to-month,Yes,Bank transfer (automatic),70.93,4103.95,No,4yr+,70.75775862068966,5,0,1
Female,1,No,No,62,Yes,No,No,No,Yes,No,Yes,No,No,Two year,No,Mailed check,19.25,1140.88,No,4yr+,18.10920634920635,3,0,0
Female,0,No,No,27,Yes,No phone service,DSL,No internet service,Yes,Yes,No internet service,No internet service,No,One year,Yes,Electronic check,97.65,2617.62,No,2-4yr,93.48642857142856,3,0,1
Female,0,Yes,No,64,Yes,No,Fiber optic,No,No,No,No,Yes,No internet service,One year,Yes,Electronic check,38.2,2446.5,No,4yr+,37.63846153846154,2,0,0
Female,1,Yes,No,43,Yes,No,Fiber optic,No,No,No,Yes,No,No internet service,Two year,Yes,Mailed check,92.25,4029.92,Yes,2-4yr,91.58909090909091,2,0,1
Male,0,Yes,No,42,Yes,No phone service,Fiber optic,Yes,Yes,Yes,No,Yes,No internet service,Month-to-month,Yes,Mailed check,19.62,873.93,No,2-4yr,20.32395348837209,5,0,0
Female,0,Yes,Yes,36,Yes,No,DSL,No,No,No,No,No,No,Month-to-month,No,Bank transfer (automatic),99.23,3579.7,No,2-4yr,96.74864864864864,1,0,1
Female,0,Yes,No,65,Yes,Yes,Fiber optic,Yes,No internet service,No,No,No,No,Two year,Yes,Bank transfer (automatic),20.35,1383.39,No,4yr+,20.960454545454546,2,0,0
Male,0,Yes,Yes,16,Yes,No,DSL,Yes,No internet service,No internet service,Yes,No,No internet service,Two year,Yes,Electronic check,42.06,744.59,Yes,1-2yr,43.79941176470589,3,0,0
Male,0,No,Yes,39,Yes,No phone service,DSL,Yes,No,Yes,No internet service,No,No,One year,No,Bank transfer (automatic),45.36,1745.21,No,2-4yr,43.630250000000004,3,0,0
Male,1,No,No,37,Yes,No,DSL,No,No,No internet service,Yes,Yes,No internet service,Month-to-month,Yes,Electronic check,34.07,1240.93,No,2-4yr,32.65605263157895,3,0,0
Male,0,Yes,No,60,Yes,No,DSL,No,Yes,No internet service,Yes,Yes,No,One year,Yes,Mailed check,67.07,4061.66,No,4yr+,66.58459016393442,4,0,0
Female,0,No,No,8,Yes,No,Fiber optic,Yes,Yes,No internet service,No,Yes,No,Month-to-month,Yes,Bank transfer (automatic),46.94,460.37,Yes,0-1yr,51.15222222222222,4,0,0
Female,0,Yes,No,60,Yes,No phone service,No,No,Yes,No,Yes,No,No,Month-to-month,Yes,Mailed check,119.32,7124.46,No,4yr+,116.7944262295082,3,0,1
Female,1,Yes,No,15,Yes,Yes,DSL,No,No,No internet service,No,No internet service,No,Month-to-month,Yes,Credit card (automatic),77.16,1065.29,Yes,1-2yr,66.580625,1,0,1
Female,0,No,Yes,1,Yes,No,No,No,No internet service,No,Yes,Yes,No,Two year,No,Credit card (automatic),75.78,108.26,No,0-1yr,54.13,3,1,1
Female,0,No,No,71,No,Yes,No,Yes,Yes,Yes,No,Yes,Yes,Month-to-month,No,Bank transfer (automatic),40.53,2945.85,Yes,4yr+,40.91458333333333,5,0,0
Female,0,No,No,42,Yes,No,No,No,Yes,No,No internet service,No,No,Two year,Yes,Electronic check,59.69,2513.45,No,2-4yr,58.45232558139534,2,0,0
Male,0,Yes,No,41,No,No,No,No internet service,Yes,No,No,No,No internet service,Month-to-month,No,Mailed check,30.65,1388.35,No,2-4yr,33.05595238095238,1,0,0
Female,1,No,No,56,Yes,Yes,Fiber optic,Yes,No,No internet service,No,Yes,No internet service,Month-to-month,Yes,Electronic check,95.78,5321.82,Yes,4yr+,93.36526315789473,3,0,1
Male,1,No,No,66,No,Yes,DSL,Yes,No,No,No,Yes,Yes,Two year,Yes,Bank transfer (automatic),51.78,3380.37,No,4yr+,50.45328358208955,3,0,0
Male,0,No,No,29,Yes,No,Fiber optic,Yes,No,Yes,No,Yes,Yes,Month-to-month,No,Credit card (automatic),94.7,2708.51,Yes,2-4yr,90.28366666666668,5,0,1
Female,1,No,Yes,12,Yes,Yes,Fiber optic,Yes,Yes,No,No internet service,No,No,One year,Yes,Bank transfer (automatic),55.91,675.27,No,0-1yr,51.94384615384615,3,0,0
Male,0,No,No,18,Yes,Yes,No,No,No,No internet service,Yes,Yes,No,Month-to-month,Yes,Bank transfer (automatic),118.85,2144.8,No,1-2yr,112.8842105263158,3,0,1
Female,1,No,No,6,Yes,No,No,No internet service,Yes,Yes,No internet service,Yes,Yes,One year,No,Credit card (automatic),35.45,174.21,No,0-1yr,24.88714285714286,5,1,0
Male,0,No,No,8,No,Yes,Fiber optic,No internet service,No,Yes,No,No,Yes,Month-to-month,Yes,Credit card (automatic),18.16,201.45,Yes,0-1yr,22.383333333333333,2,0,0
Female,0,No,Yes,53,Yes,No,Fiber optic,Yes,Yes,No,No,No,No internet service,Month-to-month,Yes,Electronic check,78.67,4182.9,Yes,4yr+,77.46111111111111,3,0,1
Male,0,No,No,60,Yes,No phone service,DSL,No,No internet service,Yes,Yes,Yes,No internet service,One year,No,Credit card (automatic),115.2,6860.26,No,4yr+,112.4632786885246,4,0,1
Female,0,Yes,Yes,1,No,Yes,DSL,No,No,Yes,Yes,No,No,Month-to-month,No,Bank transfer (automatic),84.0,114.69,No,0-1yr,57.345,2,1,1
Female,0,No,No,49,Yes,Yes,Fiber optic,No,No,Yes,No,No,No,Month-to-month,No,Electronic check,26.74,1289.24,No,4yr+,25.7848,2,0,0
Female,0,Yes,No,30,Yes,No,Fiber optic,No,No,No internet service,No internet service,No internet service,No,One year,Yes,Credit card (automatic),73.13,2198.98,No,2-4yr,70.93483870967742,1,0,1
Female,0,Yes,Yes,32,Yes,No,No,Yes,No,Yes,No,Yes,Yes,Month-to-month,Yes,Credit card (automatic),110.77,3589.01,No,2-4yr,108.7578787878788,5,0,1
Female,0,No,No,10,No,No phone service,Fiber optic,No,Yes,No,Yes,No,No,Month-to-month,Yes,Bank transfer (automatic),18.66,236.56,Yes,0-1yr,21.505454545454544,2,0,0
Male,0,No,Yes,32,Yes,No phone service,No,No,No,No,Yes,No,Yes,One year,Yes,Credit card (automatic),35.03,1166.79,No,2-4yr,35.35727272727273,3,0,0
Male,0,No,No,6,Yes,No,Fiber optic,No internet service,No,No internet service,No,Yes,No,Two year,Yes,Electronic check,101.09,609.02,Yes,0-1yr,87.00285714285714,2,1,1
Male,1,Yes,No,30,Yes,Yes,No,No,No,No internet service,No,No internet service,Yes,Month-to-month,No,Mailed check,109.18,3226.66,Yes,2-4yr,104.0858064516129,2,0,1
Female,0,No,Yes,47,Yes,Yes,DSL,Yes,No,No,Yes,No,No,One year,Yes,Electronic check,90.13,4220.18,No,2-4yr,87.92041666666667,3,0,1
Male,0,Yes,Yes,46,Yes,Yes,No,Yes,No internet service,No internet service,Yes,No,No,One year,Yes,Mailed check,119.14,5481.6,No,2-4yr,116.62978723404257,3,0,1
Female,0,No,No,52,No,Yes,Fiber optic,No internet service,No,Yes,No,Yes,No,Month-to-month,Yes,Mailed check,27.2,1491.71,Yes,4yr+,28.14547169811321,2,0,0
Female,1,No,Yes,18,No,No,DSL,No,Yes,No,No,Yes,Yes,Month-to-month,No,Electronic check,73.66,1299.58,Yes,1-2yr,68.39894736842105,3,0,1
Male,0,No,Yes,5,Yes,No,DSL,No internet service,No,No,No,No,Yes,Month-to-month,No,Bank transfer (automatic),87.87,449.44,Yes,0-1yr,74.90666666666667,2,1,1
Male,0,No,No,48,Yes,Yes,No,Yes,Yes,Yes,No internet service,Yes,No,Two year,No,Electronic check,89.67,4242.51,Yes,2-4yr,86.58183673469388,5,0,1
Female,0,No,No,72,Yes,No,DSL,No,No,No,No,No,Yes,Month-to-month,Yes,Electronic check,98.94,7140.71,Yes,4yr+,97.81794520547945,2,0,1
Male,1,No,No,49,Yes,Yes,Fiber optic,No,No,Yes,Yes,Yes,Yes,Two year,Yes,Mailed check,111.6,5466.13,Yes,4yr+,109.32260000000001,5,0,1
Female,0,Yes,Yes,11,Yes,No,DSL,No internet service,Yes,No internet service,No,No,No,One year,Yes,Mailed check,54.89,597.33,No,0-1yr,49.7775,2,0,0
Female,0,Yes,Yes,22,No,No,Fiber optic,Yes,No internet service,No,No internet service,No,No,Month-to-month,No,Electronic check,22.38,534.69,Yes,1-2yr,23.24739130434783,1,0,0
Female,0,No,Yes,53,Yes,No,No,Yes,No,No,No internet service,Yes,Yes,Month-to-month,Yes,Electronic check,54.97,2879.12,Yes,4yr+,53.31703703703703,4,0,0
Female,1,No,Yes,68,Yes,No,Fiber optic,No,No,Yes,No internet service,No,No,Two year,Yes,Electronic check,86.5,5952.04,Yes,4yr+,86.26144927536232,2,0,1
Female,0,Yes,No,58,Yes,Yes,Fiber optic,No internet service,Yes,Yes,No,No,No internet service,Month-to-month,Yes,Electronic check,39.77,2268.68,Yes,4yr+,38.45220338983051,3,0,0
Male,0,No,No,35,Yes,Yes,No,No internet service,No,No internet service,No,Yes,No internet service,Month-to-month,Yes,Mailed check,100.62,3590.0,Yes,2-4yr,99.72222222222223,2,0,1
Male,1,Yes,Yes,2,Yes,No,No,No internet service,No internet service,No,No internet service,Yes,Yes,One year,Yes,Credit card (automatic),40.42,1.03,No,0-1yr,0.3433333333333333,3,1,0
Female,0,No,No,57,Yes,No phone service,No,No internet service,No,No internet service,No,Yes,No internet service,Month-to-month,Yes,Electronic check,19.03,1100.0,No,4yr+,18.96551724137931,2,0,0
Female,0,No,No,54,Yes,Yes,Fiber optic,Yes,No internet service,Yes,Yes,Yes,No,Month-to-month,Yes,Bank transfer (automatic),69.82,3800.79,No,4yr+,69.10527272727272,5,0,1
Male,0,No,No,56,No,No,DSL,Yes,Yes,Yes,No internet service,No internet service,No internet service,Month-to-month,Yes,Electronic check,92.1,5139.61,No,4yr+,90.16859649122806,3,0,1
Male,0,No,No,16,Yes,No,Fiber optic,Yes,No,No,No,No,No,Month-to-month,Yes,Mailed check,53.66,872.45,No,1-2yr,51.32058823529412,2,0,0
Female,0,Yes,No,38,Yes,No phone service,Fiber optic,No,No internet service,No,Yes,Yes,No,Month-to-month,No,Electronic check,94.39,3568.64,No,2-4yr,91.50358974358974,3,0,1
Male,0,Yes,Yes,67,Yes,Yes,DSL,No internet service,No,Yes,Yes,Yes,No,Two year,Yes,Credit card (automatic),62.72,4224.63,No,4yr+,62.12691176470588,4,0,0
Female,0,No,Yes,54,Yes,No,DSL,No internet service,Yes,No,No,Yes,No,Two year,No,Mailed check,35.51,1930.06,Yes,4yr+,35.092,3,0,0
Male,0,No,No,44,Yes,No,DSL,Yes,No,No,No,No,No internet service,Month-to-month,Yes,Bank transfer (automatic),27.24,1309.41,No,2-4yr,29.098000000000003,2,0,0
Female,1,Yes,Yes,0,Yes,No,Fiber optic,No,No,Yes,Yes,Yes,Yes,Month-to-month,Yes,Bank transfer (automatic),90.48,0.0,Yes,0-1yr,0.0,5,1,1
Male,0,No,No,20,No,Yes,No,No internet service,No,Yes,No,No,Yes,Month-to-month,Yes,Electronic check,57.34,1156.85,No,1-2yr,55.088095238095235,2,0,0
Female,1,Yes,No,20,Yes,No,DSL,No,No,No,No internet service,Yes,No,Month-to-month,No,Credit card (automatic),111.1,2200.96,No,1-2yr,104.80761904761906,2,0,1
Male,0,No,No,51,Yes,Yes,Fiber optic,Yes,No,No,No,No internet service,No internet service,Month-to-month,Yes,Mailed check,73.11,3734.84,Yes,4yr+,71.82384615384616,2,0,1
Male,1,No,No,42,Yes,No,No,No,No,No,Yes,Yes,No,Month-to-month,Yes,Electronic check,53.54,2241.89,No,2-4yr,52.13697674418604,3,0,0
Female,0,Yes,No,51,Yes,No,DSL,No,Yes,No,No,No,No,Two year,Yes,Electronic check,53.6,2716.17,No,4yr+,52.23403846153846,2,0,0
Male,0,Yes,No,66,Yes,No,Fiber optic,No,No,Yes,Yes,No,No,Month-to-month,Yes,Electronic check,31.41,2046.91,Yes,4yr+,30.55089552238806,3,0,0
Female,0,No,No,43,Yes,No,No,No,No,No internet service,No,No,Yes,Month-to-month,Yes,Electronic check,78.57,3414.23,Yes,2-4yr,77.59613636363636,2,0,1
Male,1,No,Yes,31,Yes,Yes,No,Yes,No internet service,No internet service,No,No internet service,No,Month-to-month,Yes,Bank transfer (automatic),77.38,2380.12,No,2-4yr,74.37875,2,0,1
Female,0,No,No,9,Yes,Yes,DSL,No internet service,Yes,No,No internet service,No,No,Month-to-month,Yes,Mailed check,99.6,895.31,Yes,0-1yr,89.53099999999999,2,0,1
Male,0,No,Yes,63,Yes,No,DSL,No,No,Yes,No,No,No internet service,Two year,Yes,Bank transfer (automatic),38.52,2436.05,No,4yr+,38.06328125,2,0,0
Female,0,No,No,68,Yes,Yes,DSL,No,Yes,No,Yes,No,Yes,Month-to-month,No,Electronic check,47.66,3204.65,No,4yr+,46.44420289855073,4,0,0
Male,0,No,No,67,Yes,No,Fiber optic,No internet service,Yes,No,No,No internet service,No,Two year,No,Credit card (automatic),27.92,1901.1,No,4yr+,27.95735294117647,2,0,0
Female,0,No,No,27,Yes,Yes,Fiber optic,Yes,No,No internet service,No,No,Yes,Month-to-month,Yes,Electronic check,48.12,1251.31,Yes,2-4yr,44.68964285714286,3,0,0
Male,0,No,No,52,No,No,Fiber optic,Yes,No,No internet service,No internet service,No internet service,Yes,One year,No,Bank transfer (automatic),61.67,3231.51,No,4yr+,60.971886792452835,2,0,0
Female,0,Yes,No,50,Yes,No,DSL,No internet service,Yes,No internet service,No internet service,Yes,Yes,Two year,No,Bank transfer (automatic),116.33,5836.59,Yes,4yr+,114.4429411764706,4,0,1
Female,0,Yes,No,52,Yes,Yes,DSL,Yes,No internet service,Yes,Yes,No,No,Month-to-month,Yes,Electronic check,84.61,4393.07,Yes,4yr+,82.88811320754716,4,0,1
Female,0,No,Yes,3,Yes,Yes,Fiber optic,No internet service,No internet service,No internet service,Yes,No internet service,Yes,Month-to-month,Yes,Electronic check,97.85,238.81,Yes,0-1yr,59.7025,3,1,1
Male,0,Yes,No,16,Yes,No,Fiber optic,Yes,No internet service,No,Yes,Yes,Yes,One year,No,Electronic check,51.2,819.54,Yes,1-2yr,48.20823529411764,5,0,0
Female,0,No,No,66,Yes,No,Fiber optic,Yes,Yes,No internet service,No internet service,No internet service,No,Month-to-month,Yes,Electronic check,32.74,2109.22,No,4yr+,31.480895522388057,3,0,0
Male,0,No,No,46,Yes,No,Fiber optic,No,No,No,Yes,Yes,No internet service,One year,No,Electronic check,44.19,2027.14,No,2-4yr,43.130638297872345,3,0,0
Female,0,No,No,55,Yes,No,DSL,Yes,No,Yes,Yes,No internet service,Yes,Month-to-month,Yes,Bank transfer (automatic),44.16,2468.24,No,4yr+,44.075714285714284,5,0,0
Male,0,Yes,Yes,22,Yes,No phone service,DSL,No,Yes,No,No,No,No,Month-to-month,Yes,Mailed check,77.48,1703.79,Yes,1-2yr,74.07782608695652,2,0,1
Female,0,Yes,No,17,Yes,Yes,DSL,No,No,Yes,Yes,Yes,Yes,Month-to-month,No,Mailed check,52.83,960.81,No,1-2yr,53.37833333333333,5,0,0
Male,0,Yes,No,0,Yes,No phone service,DSL,No internet service,No internet service,No,Yes,No internet service,No internet service,Two year,No,Electronic check,105.45,14.75,Yes,0-1yr,14.75,2,1,1
Male,0,Yes,No,34,Yes,Yes,DSL,No internet service,Yes,No internet service,No,Yes,No,Month-to-month,Yes,Credit card (automatic),118.83,4078.89,Yes,2-4yr,116.53971428571428,3,0,1
Female,0,Yes,Yes,63,Yes,Yes,Fiber optic,Yes,No internet service,Yes,Yes,Yes,No internet service,Month-to-month,No,Electronic check,53.02,3376.1,Yes,4yr+,52.7515625,5,0,0
Male,0,No,No,57,Yes,No,DSL,No internet service,No internet service,Yes,No,Yes,Yes,One year,Yes,Mailed check,89.92,5195.8,No,4yr+,89.58275862068966,4,0,1
Male,0,No,No,58,Yes,Yes,DSL,No,No,Yes,No internet service,No,No,Month-to-month,No,Electronic check,85.06,4868.22,No,4yr+,82.51220338983052,2,0,1
Female,0,No,Yes,0,Yes,Yes,Fiber optic,No,No,No,Yes,No internet service,No,Month-to-month,No,Electronic check,37.84,0.0,Yes,0-1yr,0.0,2,1,0
Male,0,No,No,2,Yes,Yes,DSL,No internet service,No,No internet service,No,Yes,Yes,Month-to-month,Yes,Bank transfer (automatic),111.64,224.67,Yes,0-1yr,74.89,3,1,1
Male,0,Yes,No,66,Yes,No,Fiber optic,No,No,Yes,No internet service,No,Yes,One year,Yes,Bank transfer (automatic),38.34,2570.47,No,4yr+,38.365223880597014,3,0,0
Male,0,No,No,36,Yes,No,Fiber optic,No,No,Yes,No internet service,Yes,No,One year,Yes,Bank transfer (automatic),93.17,3362.54,Yes,2-4yr,90.87945945945945,3,0,1
Female,0,No,No,28,Yes,No,Fiber optic,No,No internet service,No internet service,No,No,No,Month-to-month,Yes,Mailed check,53.46,1496.56,Yes,2-4yr,51.60551724137931,1,0,0
Male,0,Yes,No,32,Yes,No,No,No,Yes,No internet service,No,Yes,Yes,Month-to-month,Yes,Credit card (automatic),55.44,1825.6,No,2-4yr,55.32121212121212,4,0,0
Female,1,No,No,60,Yes,No,DSL,Yes,Yes,Yes,Yes,Yes,No,One year,No,Mailed check,64.46,3850.71,No,4yr+,63.12639344262295,6,0,0
Male,0,Yes,No,3,Yes,Yes,Fiber optic,No,No,No,No,Yes,Yes,One year,Yes,Mailed check,106.18,299.33,Yes,0-1yr,74.8325,3,1,1
Male,0,No,Yes,13,Yes,No phone service,No,Yes,Yes,No,No internet service,No,Yes,Month-to-month,Yes,Electronic check,32.31,446.07,No,1-2yr,31.862142857142857,4,0,0
Male,0,No,Yes,32,Yes,Yes,No,Yes,No,No,No,No internet service,No,Month-to-month,No,Electronic check,23.57,873.94,No,2-4yr,26.483030303030304,2,0,0
Female,0,Yes,No,21,Yes,Yes,DSL,Yes,No,No,No,No,Yes,Month-to-month,Yes,Mailed check,59.01,1238.22,No,1-2yr,56.28272727272727,3,0,0
Male,0,No,No,47,Yes,Yes,DSL,No,No internet service,No internet service,Yes,Yes,No,One year,Yes,Electronic check,23.67,1080.18,No,2-4yr,22.50375,3,0,0
Male,0,No,Yes,2,Yes,No,DSL,No,No,Yes,No,No,Yes,Two year,Yes,Mailed check,88.14,147.93,No,0-1yr,49.31,3,1,1
Female,0,No,No,22,Yes,Yes,Fiber optic,No,No,Yes,No,No internet service,No,Month-to-month,Yes,Electronic check,95.55,2083.8,Yes,1-2yr,90.60000000000001,2,0,1
Male,0,Yes,No,67,Yes,Yes,Fiber optic,No,Yes,No,No,Yes,No,Month-to-month,Yes,Credit card (automatic),105.18,7113.36,Yes,4yr+,104.60823529411765,3,0,1
Female,0,No,Yes,20,Yes,Yes,DSL,No,No,No,Yes,Yes,No internet service,Month-to-month,No,Credit card (automatic),93.87,1859.1,Yes,1-2yr,88.52857142857142,3,0,1
Female,0,Yes,No,42,Yes,Yes,Fiber optic,No,No,No internet service,No,Yes,Yes,Month-to-month,Yes,Electronic check,111.47,4696.97,Yes,2-4yr,109.23186046511628,3,0,1
Male,0,Yes,Yes,25,Yes,No,Fiber optic,No,No,No,No,No,No,Month-to-month,No,Credit card (automatic),94.33,2353.65,No,2-4yr,90.525,1,0,1
Female,0,Yes,No,40,Yes,No,Fiber optic,No,Yes,Yes,Yes,No,Yes,Two year,No,Credit card (automatic),113.48,4473.54,No,2-4yr,109.11073170731707,5,0,1
Male,1,No,No,37,Yes,No,No,No internet service,Yes,No,Yes,No,No,Month-to-month,No,Credit card (automatic),37.7,1378.51,Yes,2-4yr,36.27657894736842,3,0,0
Female,0,No,No,10,Yes,Yes,Fiber optic,No internet service,No,No,Yes,Yes,No,One year,Yes,Mailed check,68.99,566.18,No,0-1yr,51.47090909090909,3,0,0
Female,0,No,Yes,28,No,Yes,DSL,No internet service,No,No internet service,No,Yes,Yes,Month-to-month,Yes,Bank transfer (automatic),119.38,3351.4,No,2-4yr,115.56551724137931,2,0,1
Male,0,No,No,59,Yes,No phone service,Fiber optic,No internet service,No,No,No,No internet service,No,Two year,No,Electronic check,87.52,5188.16,No,4yr+,86.46933333333332,1,0,1
Female,0,Yes,No,66,Yes,Yes,DSL,No,No internet service,No,No internet service,Yes,Yes,Month-to-month,Yes,Bank transfer (automatic),107.62,7060.64,No,4yr+,105.38268656716419,3,0,1
Female,1,Yes,No,64,Yes,No,Fiber optic,No,Yes,No,No,No internet service,Yes,Month-to-month,Yes,Bank transfer (automatic),21.1,1323.3,No,4yr+,20.358461538461537,3,0,0
Female,0,Yes,Yes,60,Yes,Yes,No,No,No,No,No internet service,No,Yes,Two year,No,Bank transfer (automatic),106.92,6348.17,No,4yr+,104.0683606557377,2,0,1
Female,1,Yes,No,18,Yes,No phone service,No,No,No,No,No,Yes,No,Month-to-month,No,Electronic check,89.17,1494.24,No,1-2yr,78.64421052631579,2,0,1
Female,0,Yes,No,45,Yes,Yes,Fiber optic,No internet service,Yes,Yes,No,No,No,One year,Yes,Credit card (automatic),35.42,2045.46,No,2-4yr,44.466521739130435,3,0,0
Male,1,Yes,No,48,Yes,No,DSL,No,No,No internet service,Yes,No internet service,Yes,Two year,No,Mailed check,20.62,1022.36,No,2-4yr,20.864489795918367,3,0,0
Female,0,Yes,No,21,Yes,No,DSL,No internet service,No,No,Yes,No,No,Month-to-month,Yes,Electronic check,44.51,919.0,No,1-2yr,41.77272727272727,2,0,0
Male,0,Yes,No,56,Yes,No,Fiber optic,No,No,No,No internet service,No internet service,Yes,One year,Yes,Mailed check,111.41,6249.43,Yes,4yr+,109.63912280701754,2,0,1
Female,0,Yes,No,13,Yes,Yes,DSL,No internet service,No internet service,No internet service,No,Yes,Yes,Two year,No,Credit card (automatic),86.15,1222.0,Yes,1-2yr,87.28571428571429,3,0,1
Male,0,Yes,Yes,43,Yes,No,Fiber optic,No,Yes,No internet service,No,No,No,Two year,No,Credit card (automatic),111.79,4856.91,No,2-4yr,110.38431818181817,2,0,1
Male,0,No,No,15,Yes,No,DSL,No,No internet service,No internet service,Yes,No internet service,No,One year,No,Bank transfer (automatic),63.51,979.6,No,1-2yr,61.225,2,0,0
Female,0,No,Yes,11,No,Yes,DSL,No,No,No internet service,No internet service,No internet service,Yes,Month-to-month,Yes,Electronic check,113.54,1224.7,Yes,0-1yr,102.05833333333334,1,0,1
Female,0,No,No,54,No,Yes,DSL,No internet service,No,Yes,Yes,No,Yes,One year,No,Electronic check,65.22,3599.85,No,4yr+,65.45181818181818,3,0,0
Female,0,Yes,Yes,50,Yes,No,No,No internet service,No internet service,No,No,No,No internet service,One year,Yes,Electronic check,38.83,2003.26,Yes,4yr+,39.279607843137256,1,0,0
Male,0,Yes,No,38,Yes,Yes,Fiber optic,Yes,No internet service,No,No,Yes,Yes,One year,Yes,Electronic check,33.44,1315.38,No,2-4yr,33.72769230769231,4,0,0
Female,0,No,Yes,32,No,No,Fiber optic,No,No,Yes,No,Yes,Yes,Two year,No,Mailed check,119.37,3819.59,No,2-4yr,115.74515151515152,3,0,1
Male,0,Yes,No,32,Yes,Yes,DSL,No,No,No internet service,No,Yes,No,Month-to-month,Yes,Electronic check,52.05,1619.37,No,2-4yr,49.07181818181818,2,0,0
Male,0,Yes,No,28,Yes,No,Fiber optic,No internet service,No,No,No,Yes,No,Month-to-month,Yes,Electronic check,34.33,1037.11,Yes,2-4yr,35.76241379310345,2,0,0
Male,0,Yes,Yes,68,Yes,Yes,DSL,No,No,No,No internet service,Yes,No,One year,Yes,Credit card (automatic),18.86,1326.01,No,4yr+,19.217536231884058,2,0,0
Female,0,Yes,Yes,69,Yes,No,Fiber optic,Yes,Yes,No internet service,No internet service,Yes,No internet service,Two year,Yes,Bank transfer (automatic),47.13,3241.79,No,4yr+,46.31128571428572,4,0,0
Female,0,Yes,Yes,30,Yes,Yes,No,No,Yes,Yes,No internet service,No internet service,Yes,Month-to-month,Yes,Credit card (automatic),108.69,3246.86,No,2-4yr,104.7374193548387,4,0,1
Male,0,Yes,No,30,Yes,Yes,Fiber optic,No,No internet service,No,Yes,No,No,Two year,Yes,Mailed check,72.47,2113.02,Yes,2-4yr,68.16193548387096,2,0,1
Male,0,No,No,45,Yes,Yes,Fiber optic,Yes,Yes,No,No internet service,No,Yes,Two year,Yes,Mailed check,82.51,3750.97,No,2-4yr,81.54282608695652,4,0,1
Female,0,Yes,No,51,Yes,No phone service,Fiber optic,No,Yes,Yes,Yes,No internet service,No,Two year,Yes,Electronic check,112.08,5724.6,Yes,4yr+,110.08846153846154,4,0,1
Male,0,Yes,Yes,9,Yes,Yes,No,No internet service,No internet service,Yes,Yes,Yes,No internet service,Two year,No,Mailed check,70.31,652.68,No,0-1yr,65.268,4,0,1
Female,0,No,No,40,Yes,No,No,No internet service,Yes,No internet service,No internet service,No,No,Two year,No,Bank transfer (automatic),103.5,4186.51,No,2-4yr,102.11,2,0,1
Male,0,Yes,No,2,Yes,Yes,Fiber optic,Yes,Yes,No,No internet service,No,No,Two year,Yes,Mailed check,51.03,138.16,No,0-1yr,46.053333333333335,3,1,0
Female,0,Yes,No,58,Yes,Yes,DSL,No internet service,No,No internet service,No,Yes,No internet service,One year,Yes,Credit card (automatic),117.66,6780.53,No,4yr+,114.92423728813559,2,0,1
Male,1,No,No,51,Yes,No,Fiber optic,No,No,No,No internet service,No,Yes,Month-to-month,No,Credit card (automatic),26.04,1329.16,Yes,4yr+,25.560769230769232,2,0,0
Female,0,Yes,Yes,33,Yes,No,DSL,Yes,No,Yes,No internet service,Yes,No,Month-to-month,Yes,Mailed check,91.93,3054.33,No,2-4yr,89.83323529411764,4,0,1
Male,0,Yes,Yes,48,Yes,No phone service,Fiber optic,Yes,No,Yes,No,Yes,No internet service,Month-to-month,Yes,Electronic check,85.38,4122.65,Yes,2-4yr,84.13571428571427,4,0,1
Female,0,No,Yes,27,Yes,No phone service,Fiber optic,Yes,No,No,No,Yes,No,Month-to-month,No,Credit card (automatic),37.55,934.34,Yes,2-4yr,33.369285714285716,3,0,0
Female,0,Yes,Yes,12,Yes,No,DSL,No internet service,No,No internet service,No,No internet service,Yes,Month-to-month,Yes,Bank transfer (automatic),57.66,641.62,No,0-1yr,49.355384615384615,2,0,0
Male,0,No,Yes,68,Yes,No,DSL,Yes,No,Yes,Yes,No,Yes,Two year,Yes,Bank transfer (automatic),49.91,3426.75,No,4yr+,49.66304347826087,5,0,0
Male,1,No,Yes,66,Yes,No,Fiber optic,Yes,No,No internet service,Yes,No,Yes,One year,Yes,Bank transfer (automatic),27.64,1856.34,No,4yr+,27.706567164179102,4,0,0
Female,0,Yes,No,60,Yes,Yes,No,No,No internet service,No internet service,No,No,Yes,Month-to-month,Yes,Electronic check,77.65,4739.48,Yes,4yr+,77.69639344262295,2,0,1
Male,0,No,No,59,Yes,No phone service,Fiber optic,No,No,No internet service,No,Yes,No,Two year,Yes,Electronic check,119.35,6964.15,Yes,4yr+,116.06916666666666,2,0,1
Female,1,No,No,70,Yes,No,Fiber optic,No internet service,No,No,Yes,No,Yes,Month-to-month,No,Electronic check,75.08,5300.48,Yes,4yr+,74.65464788732393,3,0,1
Male,0,Yes,No,23,Yes,No,DSL,No,Yes,No internet service,No,No,Yes,Month-to-month,No,Electronic check,73.62,1712.08,No,1-2yr,71.33666666666666,3,0,1
Female,0,No,No,62,Yes,Yes,Fiber optic,Yes,No,No,No,Yes,No,Two year,Yes,Mailed check,22.11,1318.27,No,4yr+,20.924920634920635,3,0,0
Female,0,Yes,Yes,60,Yes,Yes,Fiber optic,No internet service,Yes,Yes,No internet service,No,No,Month-to-month,No,Electronic check,32.2,1843.63,No,4yr+,30.22344262295082,3,0,0
Female,0,No,No,22,Yes,No phone service,Fiber optic,Yes,No,Yes,No,Yes,No,One year,No,Credit card (automatic),70.35,1594.75,No,1-2yr,69.33695652173913,4,0,1
Female,0,Yes,Yes,29,No,Yes,DSL,No,No internet service,No internet service,No,Yes,No,Month-to-month,Yes,Bank transfer (automatic),118.49,3387.03,No,2-4yr,112.90100000000001,1,0,1
Female,1,Yes,No,59,Yes,No,Fiber optic,No,No,Yes,No internet service,No internet service,Yes,Month-to-month,Yes,Mailed check,107.41,6271.48,Yes,4yr+,104.52466666666666,3,0,1
Female,0,Yes,No,17,Yes,Yes,DSL,Yes,Yes,No,No internet service,No,Yes,Two year,Yes,Electronic check,52.7,918.58,No,1-2yr,51.032222222222224,4,0,0
Male,0,No,No,55,Yes,No,DSL,No internet service,No internet service,Yes,No,No,Yes,Month-to-month,No,Bank transfer (automatic),73.39,4035.97,Yes,4yr+,72.07089285714285,3,0,1
Male,0,Yes,Yes,52,Yes,Yes,No,No,Yes,Yes,No internet service,No,No,Two year,Yes,Electronic check,74.38,3896.49,No,4yr+,73.51867924528301,3,0,1
Male,0,Yes,Yes,6,Yes,No,DSL,Yes,No,Yes,No,No,Yes,Month-to-month,No,Bank transfer (automatic),87.91,548.99,Yes,0-1yr,78.42714285714285,4,1,1
Female,0,Yes,No,68,Yes,Yes,DSL,No internet service,No,No internet service,Yes,No,No,Month-to-month,Yes,Credit card (automatic),88.15,2045.46,No,4yr+,29.644347826086957,2,0,1
Female,0,No,Yes,71,Yes,No,Fiber optic,No,Yes,No,Yes,No,Yes,Two year,Yes,Mailed check,98.56,7033.94,Yes,4yr+,97.69361111111111,4,0,1
Female,0,No,No,51,Yes,No,No,No,No internet service,No internet service,No,No,No internet service,Two year,Yes,Electronic check,20.55,1081.03,No,4yr+,20.78903846153846,1,0,0
Female,0,No,No,3,Yes,Yes,Fiber optic,No,Yes,No,No,No internet service,No,Month-to-month,No,Bank transfer (automatic),114.26,298.67,No,0-1yr,74.6675,2,1,1
Male,0,No,No,33,Yes,No,Fiber optic,No internet service,No internet service,No internet service,No,No internet service,No,Month-to-month,Yes,Electronic check,25.15,908.07,No,2-4yr,26.70794117647059,1,0,0
Male,0,No,No,68,Yes,Yes,No,Yes,Yes,No,No,No,No internet service,One year,Yes,Electronic check,66.57,4501.49,No,4yr+,65.23898550724637,3,0,0
Female,0,Yes,No,32,No,Yes,DSL,Yes,Yes,No,Yes,No internet service,No,Month-to-month,Yes,Mailed check,111.8,3532.08,Yes,2-4yr,107.03272727272727,3,0,1
Male,0,No,Yes,68,Yes,No,Fiber optic,No,Yes,No,Yes,No,No,Month-to-month,No,Credit card (automatic),67.74,4595.75,Yes,4yr+,66.60507246376811,3,0,0
Male,0,No,No,37,Yes,Yes,Fiber optic,Yes,Yes,No,No,No,No internet service,Two year,No,Electronic check,24.49,928.14,No,2-4yr,24.42473684210526,3,0,0
Female,1,No,No,25,Yes,Yes,No,No,No,No internet service,Yes,Yes,No,One year,Yes,Credit card (automatic),41.38,1011.41,No,2-4yr,38.90038461538462,3,0,0
Male,0,No,No,0,Yes,Yes,DSL,No,No,No,No,No,No internet service,Month-to-month,No,Electronic check,77.02,0.0,Yes,0-1yr,0.0,1,1,1
Female,0,Yes,Yes,3,Yes,Yes,DSL,Yes,No internet service,No internet service,No,No internet service,No,Month-to-month,Yes,Electronic check,26.96,35.99,No,0-1yr,8.9975,2,1,0
Male,0,Yes,No,38,Yes,No,Fiber optic,Yes,Yes,No internet service,No,No internet service,No internet service,Two year,Yes,Bank transfer (automatic),61.22,2336.65,No,2-4yr,59.91410256410256,3,0,0
Female,0,No,No,53,Yes,Yes,Fiber optic,No,No,Yes,No,No internet service,Yes,One year,Yes,Electronic check,51.57,2761.23,Yes,4yr+,51.13388888888889,3,0,0
Female,0,No,No,32,No,No phone service,Fiber optic,No internet service,No,No,No,Yes,Yes,One year,Yes,Electronic check,101.15,3268.92,Yes,2-4yr,99.05818181818182,2,0,1
Female,0,No,No,32,Yes,No phone service,Fiber optic,No,No,Yes,No internet service,Yes,No,Month-to-month,Yes,Electronic check,29.23,857.58,Yes,2-4yr,25.987272727272728,3,0,0
Female,0,No,Yes,71,Yes,Yes,DSL,No,No,No,No internet service,Yes,Yes,Month-to-month,No,Electronic check,87.65,6181.62,No,4yr+,85.85583333333334,3,0,1
Male,0,No,No,19,Yes,Yes,Fiber optic,Yes,No,No,No internet service,Yes,Yes,Month-to-month,No,Electronic check,59.47,1176.49,No,1-2yr,58.8245,4,0,0
Female,0,Yes,No,15,Yes,No,Fiber optic,No,Yes,No internet service,No,No,Yes,Month-to-month,No,Bank transfer (automatic),77.95,1148.04,Yes,1-2yr,71.7525,3,0,1
Female,0,No,No,20,Yes,Yes,No,Yes,No internet service,Yes,Yes,Yes,No,Month-to-month,No,Bank transfer (automatic),38.96,789.33,No,1-2yr,37.58714285714286,5,0,0
Female,1,Yes,No,44,Yes,Yes,DSL,No,No,Yes,No,No,No internet service,Month-to-month,No,Credit card (automatic),80.19,3659.68,Yes,2-4yr,81.32622222222221,2,0,1
Male,0,Yes,Yes,61,Yes,Yes,No,No,No,Yes,No internet service,No,No,One year,Yes,Bank transfer (automatic),86.75,5179.02,No,4yr+,83.5325806451613,2,0,1
Female,0,Yes,No,30,Yes,No,Fiber optic,No internet service,Yes,No,Yes,Yes,No internet service,One year,No,Bank transfer (automatic),25.16,748.34,No,2-4yr,24.14,4,0,0
Male,0,No,No,41,Yes,No,DSL,No,Yes,No internet service,Yes,Yes,No,Month-to-month,Yes,Bank transfer (automatic),102.08,4220.68,Yes,2-4yr,100.49238095238096,4,0,1
Female,0,Yes,No,11,Yes,Yes,Fiber optic,No,No,No internet service,Yes,No internet service,Yes,One year,No,Credit card (automatic),105.85,1115.26,Yes,0-1yr,92.93833333333333,3,0,1
Male,0,Yes,No,64,Yes,Yes,DSL,No,Yes,No,No,Yes,Yes,One year,Yes,Electronic check,24.48,1559.98,No,4yr+,23.999692307692307,4,0,0
Male,0,No,No,72,Yes,No phone service,No,No internet service,Yes,No internet service,No,Yes,No,Month-to-month,Yes,Electronic check,79.53,5666.15,Yes,4yr+,77.61849315068493,3,0,1
Female,1,Yes,No,2,Yes,No,No,No,No internet service,Yes,Yes,No internet service,Yes,Month-to-month,No,Bank transfer (automatic),78.59,186.07,Yes,0-1yr,62.02333333333333,4,1,1
Male,0,No,Yes,8,Yes,No,DSL,No,No,Yes,No internet service,No internet service,Yes,One year,No,Electronic check,19.27,120.61,No,0-1yr,13.401111111111112,3,0,0
Female,0,No,No,50,Yes,No,DSL,No internet service,No,Yes,No,No,No,Month-to-month,Yes,Credit card (automatic),52.92,2624.46,No,4yr+,51.46,2,0,0
Female,0,No,No,15,Yes,No,Fiber optic,Yes,Yes,No internet service,No,Yes,No,Month-to-month,Yes,Mailed check,116.83,1797.29,Yes,1-2yr,112.330625,4,0,1
Female,0,No,No,2,Yes,No,Fiber optic,Yes,No internet service,No,No,Yes,No,Month-to-month,Yes,Electronic check,74.66,177.13,Yes,0-1yr,59.04333333333333,3,1,1
Male,0,Yes,No,23,Yes,Yes,Fiber optic,Yes,Yes,No,No,No internet service,No internet service,Month-to-month,No,Bank transfer (automatic),113.19,2652.04,No,1-2yr,110.50166666666667,3,0,1
Male,0,No,No,72,Yes,Yes,DSL,No internet service,No internet service,Yes,No,No internet service,No,Two year,Yes,Electronic check,86.92,6346.12,No,4yr+,86.9331506849315,2,0,1
Female,0,Yes,No,12,Yes,No,Fiber optic,Yes,No internet service,No,No,No,No,One year,Yes,Credit card (automatic),20.9,254.48,No,0-1yr,19.575384615384614,2,0,0
Female,1,No,No,1,Yes,Yes,DSL,No internet service,No,No internet service,No,Yes,No internet service,Month-to-month,Yes,Credit card (automatic),25.93,131.76,Yes,0-1yr,65.88,2,1,0
Male,0,Yes,Yes,70,Yes,No phone service,No,No,No internet service,Yes,No,Yes,Yes,Two year,Yes,Bank transfer (automatic),91.66,6425.88,No,4yr+,90.50535211267606,4,0,1
Female,0,No,No,20,Yes,Yes,No,Yes,No,No,No,Yes,No,One year,Yes,Electronic check,74.57,1557.28,Yes,1-2yr,74.15619047619047,3,0,1
Female,0,Yes,Yes,18,Yes,No phone service,Fiber optic,No,Yes,Yes,No,No,No internet service,One year,No,Electronic check,30.97,556.02,No,1-2yr,29.26421052631579,3,0,0
Female,0,Yes,No,46,Yes,No phone service,No,Yes,Yes,Yes,No,Yes,No,Month-to-month,No,Mailed check,80.63,3751.0,No,2-4yr,79.80851063829788,5,0,1
Male,0,Yes,Yes,21,Yes,Yes,DSL,No,Yes,No,No internet service,No internet service,No internet service,One year,Yes,Credit card (automatic),100.65,2092.3,No,1-2yr,95.10454545454546,2,0,1
Male,0,Yes,No,32,Yes,No,DSL,No,Yes,Yes,Yes,Yes,No,Month-to-month,No,Electronic check,94.8,3100.57,Yes,2-4yr,93.95666666666668,5,0,1
Male,0,No,No,31,Yes,No,Fiber optic,No,No,No,Yes,No,No,Month-to-month,Yes,Electronic check,43.11,1393.96,No,2-4yr,43.56125,2,0,0
Female,0,Yes,No,63,Yes,No phone service,Fiber optic,Yes,Yes,No,No,Yes,Yes,Month-to-month,Yes,Electronic check,44.34,2782.74,No,4yr+,43.4803125,5,0,0
Female,0,No,No,38,Yes,No,Fiber optic,No,No internet service,No,No,No,No internet service,Month-to-month,Yes,Mailed check,116.72,4443.17,Yes,2-4yr,113.9274358974359,1,0,1
Female,0,No,No,71,Yes,No,No,No internet service,No,No,Yes,Yes,No internet service,Month-to-month,Yes,Credit card (automatic),108.52,7657.71,No,4yr+,106.35708333333334,3,0,1
Male,1,No,Yes,41,Yes,No,No,No,No,No,No,No,No internet service,Month-to-month,No,Electronic check,50.47,2115.77,Yes,2-4yr,50.37547619047619,1,0,0
Female,0,Yes,No,8,Yes,Yes,Fiber optic,No internet service,No internet service,Yes,No,No,No,Two year,Yes,Electronic check,102.05,858.43,Yes,0-1yr,95.38111111111111,2,0,1
Female,0,Yes,No,24,Yes,Yes,Fiber optic,Yes,Yes,No,No internet service,Yes,Yes,Month-to-month,No,Bank transfer (automatic),34.5,766.37,No,1-2yr,30.6548,5,0,0
Female,0,No,Yes,1,Yes,No,DSL,No internet service,No,No,Yes,No internet service,Yes,Two year,No,Credit card (automatic),38.08,146.65,No,0-1yr,73.325,3,1,0
Female,0,Yes,No,18,Yes,No,DSL,No,No,Yes,No,No,No internet service,One year,No,Credit card (automatic),36.48,676.52,No,1-2yr,35.60631578947368,2,0,0
Male,0,Yes,No,19,Yes,No,Fiber optic,Yes,Yes,No internet service,Yes,No internet service,No,Month-to-month,No,Bank transfer (automatic),26.95,500.44,No,1-2yr,25.022,4,0,0
Male,1,No,No,69,Yes,No,Fiber optic,No internet service,No,No,No,No internet service,Yes,Month-to-month,No,Electronic check,105.18,7317.36,Yes,4yr+,104.53371428571428,2,0,1
Female,0,No,Yes,16,Yes,Yes,Fiber optic,No internet service,No,No internet service,No,No internet service,No,Two year,Yes,Mailed check,77.04,1206.54,No,1-2yr,70.97294117647058,1,0,1
Male,0,No,No,67,Yes,No,DSL,No,No,No internet service,No,Yes,No,Month-to-month,Yes,Credit card (automatic),44.41,3040.82,No,4yr+,44.71794117647059,2,0,0
Male,0,Yes,Yes,2,No,Yes,Fiber optic,Yes,No,No,No internet service,Yes,No,One year,Yes,Credit card (automatic),104.56,150.31,Yes,0-1yr,50.10333333333333,2,1,1
Female,0,No,Yes,50,Yes,No,DSL,Yes,No,No,Yes,No internet service,No,One year,No,Bank transfer (automatic),99.87,4982.4,No,4yr+,97.69411764705882,3,0,1
Female,0,Yes,No,25,Yes,No phone service,Fiber optic,No,No,No,No,No,No,Month-to-month,Yes,Bank transfer (automatic),28.3,703.13,No,2-4yr,27.04346153846154,1,0,0
Male,0,Yes,No,55,Yes,Yes,DSL,No internet service,Yes,No,Yes,Yes,No internet service,Month-to-month,No,Credit card (automatic),83.7,4576.3,No,4yr+,81.71964285714286,4,0,1
Female,1,No,No,63,No,Yes,DSL,Yes,No,No internet service,No,No,Yes,Month-to-month,Yes,Mailed check,91.63,5735.85,No,4yr+,89.62265625,2,0,1
Male,0,Yes,Yes,7,No,Yes,DSL,No internet service,No internet service,No internet service,Yes,Yes,Yes,Two year,Yes,Electronic check,91.01,612.73,No,0-1yr,76.59125,3,0,1
Female,0,Yes,No,36,Yes,No,DSL,No,No internet service,Yes,No internet service,No,No,Two year,Yes,Bank transfer (automatic),91.76,3276.74,No,2-4yr,88.56054054054053,2,0,1
Male,0,Yes,No,26,Yes,No,No,No internet service,No internet service,No,No internet service,No internet service,No internet service,Two year,No,Credit card (automatic),35.28,893.83,No,2-4yr,33.104814814814816,1,0,0
Female,0,No,No,44,Yes,No,DSL,No internet service,No,No internet service,No internet service,No internet service,Yes,Month-to-month,Yes,Bank transfer (automatic),50.14,2277.87,No,2-4yr,50.61933333333333,2,0,0
Male,0,No,No,3,Yes,Yes,DSL,No,No internet service,No,Yes,Yes,No,Month-to-month,Yes,Credit card (automatic),104.11,334.0,Yes,0-1yr,83.5,3,1,1
Male,0,No,Yes,36,Yes,No,Fiber optic,No,No,No internet service,No,No,No,Month-to-month,Yes,Mailed check,109.64,3942.64,Yes,2-4yr,106.55783783783784,1,0,1
Male,0,No,No,70,Yes,No,Fiber optic,No internet service,No,No,Yes,No,No,Two year,Yes,Electronic check,46.48,3291.85,No,4yr+,46.36408450704225,2,0,0
Female,0,Yes,No,32,Yes,Yes,DSL,No,Yes,No,No internet service,No,No internet service,Month-to-month,Yes,Electronic check,20.35,646.43,No,2-4yr,19.588787878787876,2,0,0
Male,0,Yes,Yes,30,Yes,No,DSL,No,No internet service,No,No,Yes,No internet service,Month-to-month,Yes,Credit card (automatic),105.7,3131.29,Yes,2-4yr,101.00935483870968,2,0,1
Male,0,Yes,Yes,54,Yes,Yes,No,No,No,No,No,No,No,Two year,Yes,Mailed check,56.46,2968.56,Yes,4yr+,53.97381818181818,1,0,0
Female,1,Yes,Yes,11,Yes,No,Fiber optic,Yes,No,No,No,No,No,Month-to-month,Yes,Electronic check,51.61,617.15,No,0-1yr,51.42916666666667,2,0,0
Female,0,No,Yes,10,Yes,No,Fiber optic,No internet service,Yes,No,Yes,No,Yes,One year,No,Credit card (automatic),53.39,422.62,No,0-1yr,38.42,4,0,0
Male,0,No,No,71,Yes,No,Fiber optic,Yes,No,No,No,No internet service,No,Month-to-month,No,Mailed check,60.4,4212.97,Yes,4yr+,58.51347222222223,2,0,0
Male,0,Yes,No,31,Yes,No,DSL,No internet service,No,No,No,No,No,Month-to-month,Yes,Credit card (automatic),56.58,1779.21,No,2-4yr,55.6003125,1,0,0
Female,1,Yes,Yes,56,Yes,No,Fiber optic,Yes,No,Yes,No internet service,Yes,Yes,Two year,Yes,Mailed check,75.78,4242.82,Yes,4yr+,74.43543859649122,5,0,1
Female,1,Yes,Yes,37,Yes,Yes,Fiber optic,No,Yes,Yes,No internet service,No,Yes,One year,Yes,Electronic check,26.05,1036.81,Yes,2-4yr,27.284473684210525,4,0,0
Female,0,Yes,No,59,Yes,No,No,Yes,No,Yes,No,No internet service,No internet service,Month-to-month,No,Bank transfer (automatic),117.1,6876.69,Yes,4yr+,114.61149999999999,3,0,1
Female,1,No,No,18,Yes,No,DSL,No,Yes,No,No internet service,Yes,No,Month-to-month,Yes,Credit card (automatic),113.52,2081.83,No,1-2yr,109.57,3,0,1
Female,0,Yes,No,55,Yes,Yes,No,No,No,No,No,No,No,Month-to-month,Yes,Electronic check,113.31,6223.23,Yes,4yr+,111.12910714285714,1,0,1
Male,0,Yes,No,13,Yes,Yes,DSL,No,Yes,No,No internet service,Yes,Yes,One year,Yes,Credit card (automatic),107.69,1427.43,No,1-2yr,101.95928571428571,4,0,1
Female,0,No,No,32,Yes,Yes,DSL,No,No,Yes,No,Yes,No,Month-to-month,Yes,Electronic check,85.35,2739.7,Yes,2-4yr,83.02121212121212,3,0,1
Male,0,Yes,Yes,9,Yes,Yes,DSL,No internet service,Yes,No,No,No internet service,No internet service,One year,Yes,Mailed check,40.55,390.15,No,0-1yr,39.015,2,0,0
Male,0,No,Yes,63,Yes,Yes,DSL,No,Yes,No,No,No internet service,No,Month-to-month,No,Mailed check,23.05,1462.9,Yes,4yr+,22.8578125,2,0,0
Male,0,Yes,No,63,Yes,Yes,No,No,Yes,No,Yes,No,No,One year,Yes,Credit card (automatic),28.13,1786.86,No,4yr+,27.9196875,3,0,0
Female,0,No,No,61,Yes,Yes,Fiber optic,No,No internet service,No,No,No,Yes,Month-to-month,Yes,Mailed check,51.05,3059.62,No,4yr+,49.34870967741935,2,0,0
Male,0,No,No,67,Yes,No phone service,DSL,Yes,No,Yes,Yes,No internet service,No,One year,Yes,Mailed check,69.4,4653.58,No,4yr+,68.435,4,0,1
Male,0,No,No,42,Yes,Yes,No,No,No,No internet service,No internet service,No internet service,No internet service,Month-to-month,No,Credit card (automatic),119.31,5041.15,No,2-4yr,117.2360465116279,1,0,1
Female,0,Yes,No,58,Yes,No,No,No,No,Yes,Yes,No,No,Month-to-month,Yes,Electronic check,62.42,3617.78,No,4yr+,61.31830508474577,3,0,0
Male,0,No,Yes,51,Yes,No,Fiber optic,No,No,No,No,No,No internet service,Two year,Yes,Electronic check,71.51,3641.92,No,4yr+,70.03692307692307,1,0,1
Male,0,Yes,No,18,No,No,No,No,No internet service,No internet service,No internet service,No,No internet service,Month-to-month,No,Electronic check,88.91,1506.23,Yes,1-2yr,79.27526315789474,0,0,1
Female,0,Yes,Yes,20,Yes,Yes,DSL,No,Yes,No,Yes,Yes,No internet service,Month-to-month,No,Bank transfer (automatic),36.43,805.3,Yes,1-2yr,38.34761904761905,4,0,0
Male,1,Yes,Yes,21,Yes,No phone service,No,Yes,Yes,No internet service,No,No,No internet service,Month-to-month,Yes,Mailed check,113.15,2307.77,No,1-2yr,104.89863636363636,3,0,1
Male,0,Yes,No,8,Yes,No,Fiber optic,No,No internet service,Yes,No,No internet service,Yes,Month-to-month,Yes,Credit card (automatic),71.96,544.77,Yes,0-1yr,60.53,3,0,1
Male,0,No,No,8,No,No,No,No internet service,No,No,Yes,No internet service,No internet service,One year,Yes,Mailed check,46.18,330.02,No,0-1yr,36.66888888888889,1,0,0
Female,0,No,No,72,Yes,Yes,No,No,Yes,No,No,No internet service,Yes,Month-to-month,No,Electronic check,113.38,8178.2,Yes,4yr+,112.03013698630137,3,0,1
Female,0,No,No,26,Yes,Yes,Fiber optic,No,Yes,Yes,No,Yes,Yes,One year,Yes,Credit card (automatic),81.8,2143.9,No,2-4yr,79.40370370370371,5,0,1
Female,0,No,Yes,16,Yes,No,Fiber optic,Yes,Yes,No,Yes,No,Yes,One year,Yes,Electronic check,67.34,1110.41,Yes,1-2yr,65.31823529411766,5,0,0
Male,0,No,Yes,43,Yes,Yes,DSL,No internet service,No internet service,No,No,Yes,Yes,One year,Yes,Credit card (automatic),77.18,3353.93,No,2-4yr,76.22568181818181,3,0,1
Male,1,Yes,No,44,Yes,No,DSL,Yes,Yes,No,No,Yes,No,Month-to-month,Yes,Electronic check,94.33,4236.69,Yes,2-4yr,94.14866666666666,4,0,1
Female,0,Yes,No,7,Yes,Yes,DSL,No,No internet service,No internet service,No internet service,No internet service,No,Month-to-month,Yes,Electronic check,33.76,221.05,Yes,0-1yr,27.63125,1,0,0
Male,1,No,No,17,Yes,No,No,No internet service,No internet service,Yes,No internet service,No,Yes,One year,No,Mailed check,106.21,1764.01,No,1-2yr,98.00055555555555,3,0,1
Male,1,Yes,No,32,Yes,No phone service,DSL,No,No,Yes,No,No,No,Month-to-month,Yes,Electronic check,115.87,3696.1,Yes,2-4yr,112.0030303030303,2,0,1
Female,0,No,No,0,Yes,No,Fiber optic,No,Yes,No,No,Yes,No,One year,No,Electronic check,75.83,0.0,Yes,0-1yr,0.0,3,1,1
Female,1,Yes,No,5,Yes,No,Fiber optic,No,Yes,No,No,No,No,Month-to-month,Yes,Mailed check,87.59,420.69,Yes,0-1yr,70.115,2,1,1
Male,0,Yes,Yes,40,Yes,No,No,Yes,No,No,Yes,No,Yes,Month-to-month,No,Electronic check,105.7,4150.45,Yes,2-4yr,101.23048780487804,4,0,1
Male,0,Yes,No,54,Yes,No,DSL,No internet service,No,No,No,Yes,Yes,Two year,No,Electronic check,56.23,2994.63,Yes,4yr+,54.447818181818185,3,0,0
Male,0,Yes,No,4,Yes,No phone service,Fiber optic,Yes,No,Yes,No internet service,Yes,Yes,One year,Yes,Electronic check,119.27,392.71,Yes,0-1yr,78.542,5,1,1
Female,1,Yes,Yes,58,Yes,No,No,No,No,No,No,Yes,Yes,One year,Yes,Mailed check,87.41,5130.21,No,4yr+,86.95271186440678,3,0,1
Female,1,No,No,17,Yes,No,Fiber optic,Yes,No internet service,No internet service,Yes,No,No,Two year,Yes,Mailed check,61.25,1046.8,No,1-2yr,58.15555555555555,3,0,0
Female,0,Yes,No,48,Yes,Yes,Fiber optic,No internet service,No,No,No,No internet service,No,One year,Yes,Electronic check,87.09,4274.34,Yes,2-4yr,87.23142857142858,1,0,1
Female,0,No,No,64,Yes,No,Fiber optic,Yes,No,No,Yes,No internet service,Yes,Month-to-month,Yes,Bank transfer (automatic),71.21,4612.97,Yes,4yr+,70.96876923076924,4,0,1
Male,0,Yes,Yes,53,Yes,Yes,No,No,No internet service,Yes,No,No internet service,Yes,Two year,Yes,Bank transfer (automatic),29.39,1618.13,No,4yr+,29.965370370370373,3,0,0
Female,0,Yes,No,60,Yes,No,Fiber optic,No,Yes,Yes,No,No internet service,Yes,One year,No,Bank transfer (automatic),99.18,5943.82,No,4yr+,97.43967213114753,4,0,1
Female,0,Yes,Yes,7,Yes,No,DSL,No,Yes,Yes,No,No internet service,No internet service,One year,No,Mailed check,75.57,553.49,No,0-1yr,69.18625,3,0,1
Female,0,No,No,2,Yes,No,No,No,Yes,No,No,No,Yes,Month-to-month,Yes,Electronic check,99.18,153.54,Yes,0-1yr,51.18,3,1,1
Female,0,Yes,Yes,24,No,No,Fiber optic,No,Yes,No internet service,No internet service,No,No internet service,Two year,No,Mailed check,33.8,784.58,No,1-2yr,31.383200000000002,1,0,0
Female,0,No,Yes,68,Yes,Yes,Fiber optic,No,No,No,Yes,No,No,Month-to-month,No,Credit card (automatic),72.91,4958.58,No,4yr+,71.86347826086957,2,0,1
Male,1,Yes,No,54,Yes,Yes,No,No,Yes,Yes,No internet service,No internet service,Yes,Month-to-month,Yes,Mailed check,96.2,5107.84,No,4yr+,92.86981818181819,4,0,1
Male,0,No,No,39,Yes,No,DSL,No,No,Yes,No,Yes,No internet service,Month-to-month,Yes,Electronic check,118.81,4608.27,Yes,2-4yr,115.20675000000001,3,0,1
Female,0,Yes,Yes,49,Yes,Yes,No,No,No internet service,No,No internet service,Yes,No,Month-to-month,Yes,Electronic check,108.21,5341.94,Yes,4yr+,106.83879999999999,2,0,1
Male,0,No,Yes,32,Yes,No,Fiber optic,Yes,Yes,No,No,No internet service,No,Month-to-month,No,Credit card (automatic),106.16,3372.61,Yes,2-4yr,102.20030303030303,3,0,1
Female,1,No,No,17,Yes,Yes,No,No internet service,No,No,Yes,Yes,No,Two year,Yes,Bank transfer (automatic),43.24,698.27,No,1-2yr,38.79277777777778,3,0,0
Female,1,No,No,56,Yes,Yes,DSL,No,Yes,No,No internet service,No internet service,No,One year,Yes,Electronic check,103.47,5775.1,No,4yr+,101.31754385964913,2,0,1
Male,0,Yes,No,15,Yes,No phone service,Fiber optic,Yes,Yes,No,No,No,Yes,Month-to-month,No,Electronic check,35.27,566.45,No,1-2yr,35.403125,4,0,0
Male,0,Yes,Yes,37,Yes,Yes,No,No,No,Yes,Yes,Yes,Yes,One year,No,Credit card (automatic),38.21,1431.82,No,2-4yr,37.67947368421053,5,0,0
Female,0,Yes,No,40,Yes,No,DSL,No internet service,No internet service,Yes,Yes,No,No internet service,Month-to-month,Yes,Electronic check,29.23,1157.94,No,2-4yr,28.242439024390244,3,0,0
Female,0,No,Yes,6,Yes,Yes,DSL,Yes,No,Yes,No,No internet service,No internet service,Month-to-month,No,Mailed check,105.47,633.7,No,0-1yr,90.52857142857144,3,1,1
Female,0,No,Yes,52,Yes,No phone service,No,No,Yes,Yes,No,Yes,Yes,Month-to-month,No,Bank transfer (automatic),29.04,1552.93,No,4yr+,29.30056603773585,5,0,0
Male,0,No,No,62,Yes,No,DSL,No,No,Yes,No,No,No internet service,Two year,Yes,Mailed check,32.09,2054.95,No,4yr+,32.61825396825397,2,0,0
Female,0,Yes,No,31,Yes,Yes,No,Yes,Yes,Yes,No,No internet service,No,Month-to-month,No,Electronic check,43.08,1311.74,Yes,2-4yr,40.991875,4,0,0
Female,0,Yes,No,37,Yes,Yes,DSL,No internet service,Yes,No,No,Yes,Yes,Month-to-month,Yes,Electronic check,76.41,2823.05,Yes,2-4yr,74.29078947368421,4,0,1
Female,0,Yes,No,21,Yes,No,Fiber optic,No,No,No,No,Yes,No,Month-to-month,Yes,Credit card (automatic),107.78,2325.62,Yes,1-2yr,105.71,2,0,1
Male,0,No,No,15,Yes,Yes,Fiber optic,No,Yes,No,No,Yes,No,One year,Yes,Mailed check,60.66,936.04,No,1-2yr,58.5025,3,0,0
Female,0,No,No,51,Yes,No,Fiber optic,No internet service,No,No internet service,Yes,Yes,No,One year,Yes,Credit card (automatic),73.72,3689.57,Yes,4yr+,70.95326923076924,3,0,1
Female,1,No,No,28,No,Yes,Fiber optic,No,No,Yes,No internet service,Yes,No internet service,Month-to-month,Yes,Mailed check,34.98,934.78,No,2-4yr,32.23379310344828,2,0,0
Male,0,Yes,Yes,15,No,Yes,Fiber optic,No internet service,No,No internet service,Yes,No,Yes,Month-to-month,Yes,Credit card (automatic),45.13,633.84,No,1-2yr,39.615,2,0,0
Female,1,No,Yes,16,No,No,No,No,Yes,No,No,Yes,No,One year,No,Credit card (automatic),31.66,485.78,No,1-2yr,28.575294117647058,2,0,0
Female,0,No,No,63,Yes,Yes,DSL,No,No internet service,No,No,No internet service,No,One year,No,Mailed check,59.81,3786.52,No,4yr+,59.164375,1,0,0
Male,0,Yes,No,12,Yes,No,Fiber optic,No internet service,No,No,No,Yes,No internet service,Month-to-month,Yes,Electronic check,78.21,1032.78,Yes,0-1yr,79.44461538461539,2,0,1
Female,0,No,Yes,71,Yes,Yes,DSL,Yes,No,Yes,Yes,No,Yes,Two year,Yes,Bank transfer (automatic),46.97,3330.72,No,4yr+,46.26,5,0,0
Male,0,No,No,55,Yes,Yes,Fiber optic,No,Yes,No internet service,Yes,No,No,Two year,No,Bank transfer (automatic),104.29,5768.93,No,4yr+,103.01660714285715,3,0,1
Male,0,No,Yes,4,Yes,No phone service,DSL,No,No,Yes,No,No internet service,No internet service,Month-to-month,Yes,Mailed check,118.09,529.05,Yes,0-1yr,105.80999999999999,2,1,1
Female,0,No,No,11,Yes,No,DSL,Yes,No,No,No internet service,No,Yes,One year,Yes,Credit card (automatic),30.26,407.2,No,0-1yr,33.93333333333333,3,0,0
Female,0,Yes,Yes,40,No,No,Fiber optic,No,No,Yes,No,Yes,No,Month-to-month,Yes,Electronic check,19.82,849.54,Yes,2-4yr,20.720487804878047,2,0,0
Female,0,Yes,No,2,Yes,Yes,DSL,Yes,Yes,Yes,No,No internet service,No internet service,One year,No,Electronic check,98.56,159.77,Yes,0-1yr,53.25666666666667,4,1,1
Female,0,No,No,32,No,No,DSL,No,No,Yes,No,Yes,Yes,Month-to-month,No,Bank transfer (automatic),37.45,1125.87,Yes,2-4yr,34.11727272727273,3,0,0
Male,0,Yes,Yes,49,Yes,No,Fiber optic,No,No internet service,Yes,Yes,Yes,No internet service,Month-to-month,No,Electronic check,54.02,2615.55,No,4yr+,52.31100000000001,4,0,0
Female,0,No,No,55,Yes,Yes,Fiber optic,No internet service,No,Yes,Yes,No,Yes,One year,Yes,Mailed check,58.21,3209.97,No,4yr+,57.32089285714285,4,0,0
Male,0,No,No,8,Yes,No,No,Yes,Yes,No internet service,Yes,No internet service,Yes,Two year,No,Credit card (automatic),111.49,854.77,No,0-1yr,94.97444444444444,5,0,1
Female,0,No,No,49,Yes,No,Fiber optic,No,No,Yes,No,Yes,Yes,Month-to-month,Yes,Bank transfer (automatic),85.2,4093.54,Yes,4yr+,81.8708,4,0,1
Female,0,No,No,28,Yes,Yes,DSL,Yes,No internet service,Yes,Yes,No,Yes,Month-to-month,Yes,Credit card (automatic),22.14,559.15,No,2-4yr,19.28103448275862,5,0,0
Female,1,Yes,No,38,Yes,No,Fiber optic,No,No,No,Yes,No,Yes,Month-to-month,Yes,Bank transfer (automatic),19.51,891.71,Yes,2-4yr,22.864358974358975,3,0,0
Male,0,Yes,Yes,44,Yes,No,DSL,No,Yes,No internet service,No,No internet service,No,One year,No,Bank transfer (automatic),38.36,1676.88,No,2-4yr,37.264,2,0,0
Female,0,Yes,No,16,Yes,Yes,No,No,No internet service,Yes,No internet service,Yes,Yes,Two year,Yes,Bank transfer (automatic),50.45,897.21,No,1-2yr,52.777058823529416,4,0,0
Female,1,Yes,Yes,55,Yes,Yes,No,No internet service,Yes,Yes,No internet service,Yes,No internet service,Month-to-month,Yes,Electronic check,67.42,3696.36,No,4yr+,66.00642857142857,4,0,0
Female,0,Yes,Yes,45,Yes,Yes,Fiber optic,No internet service,No,No internet service,No,No,No,One year,No,Mailed check,103.46,4695.33,Yes,2-4yr,102.07239130434782,1,0,1
Female,0,Yes,Yes,66,Yes,Yes,Fiber optic,Yes,No,Yes,Yes,Yes,No,Two year,No,Electronic check,50.11,3300.1,No,4yr+,49.255223880597015,5,0,0
Male,0,No,No,68,Yes,No,DSL,No,No internet service,No,No,No,No,Month-to-month,No,Credit card (automatic),56.41,3836.25,No,4yr+,55.59782608695652,1,0,0
Female,0,No,No,13,Yes,No,Fiber optic,No,No internet service,Yes,Yes,No,No,One year,Yes,Electronic check,51.59,709.59,No,1-2yr,50.685,3,0,0
Male,0,Yes,Yes,66,Yes,No phone service,No,No,No internet service,No internet service,No,No,No,Month-to-month,No,Electronic check,18.91,1227.94,No,4yr+,18.327462686567166,1,0,0
Male,0,Yes,Yes,22,Yes,Yes,DSL,Yes,Yes,No internet service,No,No internet service,Yes,Two year,No,Bank transfer (automatic),115.43,2479.75,Yes,1-2yr,107.81521739130434,4,0,1
Male,0,No,No,60,Yes,Yes,DSL,No,No internet service,No internet service,No,No internet service,No internet service,Month-to-month,Yes,Mailed check,32.18,1890.54,No,4yr+,30.992459016393443,1,0,0
Male,0,Yes,Yes,22,Yes,No,Fiber optic,No,Yes,Yes,No internet service,No,No,Month-to-month,Yes,Electronic check,47.34,1000.95,No,1-2yr,43.5195652173913,3,0,0
Male,1,Yes,Yes,26,Yes,No,Fiber optic,No,Yes,No,No,No internet service,Yes,Month-to-month,Yes,Electronic check,31.19,815.13,Yes,2-4yr,30.19,3,0,0
Male,0,Yes,Yes,53,Yes,No,Fiber optic,No internet service,No,Yes,No,Yes,No,Two year,Yes,Credit card (automatic),68.04,3511.32,No,4yr+,65.02444444444444,3,0,0
Female,0,No,No,9,Yes,Yes,No,No,No,No internet service,Yes,No,No,Month-to-month,Yes,Mailed check,113.08,1032.98,Yes,0-1yr,103.298,2,0,1
Male,0,Yes,No,15,Yes,Yes,DSL,Yes,No,No internet service,No internet service,No,Yes,Month-to-month,Yes,Electronic check,28.27,487.36,No,1-2yr,30.46,3,0,0
Male,0,No,No,40,No,Yes,Fiber optic,Yes,No,No,Yes,No internet service,No internet service,Two year,Yes,Mailed check,62.97,2493.4,No,2-4yr,60.81463414634147,2,0,0
Male,0,Yes,No,54,Yes,No phone service,Fiber optic,No internet service,No internet service,No,No internet service,No,No,Two year,Yes,Electronic check,20.28,1062.39,No,4yr+,19.31618181818182,1,0,0
Female,0,No,No,60,Yes,Yes,DSL,No internet service,Yes,Yes,No,No internet service,No,Two year,No,Electronic check,96.63,5896.17,No,4yr+,96.65852459016394,3,0,1
Female,0,Yes,No,48,Yes,No,Fiber optic,No,Yes,No,Yes,No internet service,No,Month-to-month,Yes,Credit card (automatic),83.41,4077.28,No,2-4yr,83.20979591836735,3,0,1
Male,1,Yes,No,72,Yes,No,DSL,No,No internet service,No,No internet service,No,No internet service,Two year,Yes,Mailed check,89.37,6456.02,No,4yr+,88.4386301369863,1,0,1
Female,0,No,No,51,No,Yes,DSL,No internet service,Yes,No,Yes,No,Yes,Month-to-month,No,Electronic check,66.18,3337.8,Yes,4yr+,64.18846153846154,3,0,0
Male,0,No,Yes,1,Yes,No,DSL,No,No,No,No internet service,Yes,No,Month-to-month,Yes,Credit card (automatic),110.58,139.77,Yes,0-1yr,69.885,2,1,1
Male,0,No,Yes,49,Yes,No,No,No internet service,No,Yes,Yes,Yes,Yes,Month-to-month,Yes,Credit card (automatic),59.77,2878.3,No,4yr+,57.566,5,0,0
Female,0,No,No,42,Yes,No,Fiber optic,No,No,No internet service,No internet service,No internet service,No,Month-to-month,Yes,Electronic check,70.44,2892.33,Yes,2-4yr,67.26348837209302,1,0,1
Male,0,No,No,7,Yes,Yes,No,No,No,No internet service,No,No,Yes,Month-to-month,No,Mailed check,88.92,645.05,Yes,0-1yr,80.63125,2,0,1
Female,0,No,No,58,Yes,Yes,DSL,No,Yes,No internet service,No,No,Yes,Month-to-month,No,Credit card (automatic),71.1,4099.89,No,4yr+,69.48966101694916,3,0,1
Female,0,No,No,64,Yes,Yes,Fiber optic,Yes,No internet service,No,No,Yes,No internet service,Two year,No,Mailed check,37.31,2286.68,No,4yr+,35.17969230769231,3,0,0
Male,0,Yes,No,11,Yes,Yes,Fiber optic,No,Yes,No,Yes,Yes,No,Month-to-month,No,Mailed check,50.34,583.08,Yes,0-1yr,48.59,4,0,0
Male,0,Yes,Yes,3,Yes,No,No,No,No,Yes,No internet service,Yes,Yes,Month-to-month,Yes,Mailed check,27.41,155.24,No,0-1yr,38.81,4,1,0
Female,0,Yes,No,40,Yes,No,Fiber optic,No internet service,Yes,No internet service,Yes,No,No,Month-to-month,No,Mailed check,62.13,2518.18,No,2-4yr,61.4190243902439,3,0,0
Male,0,No,No,6,Yes,Yes,Fiber optic,No,No,No,No,Yes,No,Two year,No,Bank transfer (automatic),80.16,456.02,Yes,0-1yr,65.14571428571428,2,1,1
Male,0,Yes,No,68,Yes,No,DSL,No,No,No,No,Yes,Yes,Month-to-month,Yes,Mailed check,30.09,1939.1,Yes,4yr+,28.102898550724635,3,0,0
Male,0,Yes,No,68,Yes,No,Fiber optic,Yes,No internet service,No,No,No,Yes,Month-to-month,No,Electronic check,82.32,5605.08,Yes,4yr+,81.23304347826087,3,0,1
Female,0,No,No,29,Yes,Yes,Fiber optic,Yes,No,No internet service,Yes,No,No internet service,Month-to-month,Yes,Credit card (automatic),109.07,3130.19,Yes,2-4yr,104.33966666666667,3,0,1
Female,0,No,Yes,72,Yes,Yes,No,No,No,Yes,Yes,Yes,No,Two year,Yes,Electronic check,52.45,3731.34,Yes,4yr+,51.11424657534247,4,0,0
Male,0,No,No,5,Yes,No,DSL,No,No internet service,Yes,Yes,No,No,Month-to-month,No,Mailed check,40.65,105.91,No,0-1yr,17.651666666666667,3,1,0
Female,0,Yes,Yes,18,Yes,No,DSL,No,No,No,No internet service,No internet service,No internet service,Month-to-month,No,Bank transfer (automatic),109.09,2057.47,No,1-2yr,108.28789473684209,1,0,1
Female,0,No,No,65,Yes,No,Fiber optic,Yes,No,No internet service,Yes,No,No,Month-to-month,Yes,Bank transfer (automatic),88.58,5702.84,Yes,4yr+,86.40666666666667,3,0,1
Female,1,Yes,No,9,Yes,Yes,DSL,No internet service,No,No,No internet service,No internet service,Yes,Two year,No,Mailed check,28.75,167.67,No,0-1yr,16.767,2,0,0
Female,0,Yes,No,15,No,Yes,DSL,No,No,No,Yes,No internet service,Yes,Month-to-month,No,Bank transfer (automatic),59.63,979.18,No,1-2yr,61.19875,2,0,0
Female,1,Yes,No,36,Yes,Yes,No,No internet service,No internet service,No,Yes,Yes,No,One year,No,Electronic check,86.76,3124.91,Yes,2-4yr,84.45702702702702,3,0,1
Male,0,Yes,No,31,Yes,No,Fiber optic,No,Yes,No,No,Yes,No internet service,Month-to-month,Yes,Bank transfer (automatic),76.59,2368.09,Yes,2-4yr,74.0028125,3,0,1
Male,0,Yes,No,46,Yes,No,No,Yes,No,No,Yes,No,Yes,Two year,Yes,Credit card (automatic),81.09,3745.61,No,2-4yr,79.69382978723405,4,0,1
Male,0,No,No,71,Yes,Yes,No,No internet service,No,No,No,No,Yes,One year,No,Credit card (automatic),75.85,5407.13,No,4yr+,75.09902777777778,2,0,1
Female,0,Yes,No,42,Yes,No,DSL,No,No internet service,Yes,No internet service,No,No internet service,One year,Yes,Bank transfer (automatic),99.4,4185.46,No,2-4yr,97.33627906976744,2,0,1
Female,1,No,No,35,No,No,Fiber optic,No,No internet service,No internet service,Yes,Yes,Yes,Month-to-month,No,Electronic check,50.68,1698.46,Yes,2-4yr,47.17944444444444,3,0,0
Male,0,No,No,25,No,No,DSL,No,No,No,No internet service,No,No,Month-to-month,No,Electronic check,90.26,2177.29,Yes,2-4yr,83.74192307692307,0,0,1
Female,0,Yes,Yes,9,Yes,No phone service,No,Yes,No,No internet service,No,Yes,Yes,Month-to-month,No,Mailed check,119.09,1035.36,Yes,0-1yr,103.53599999999999,4,0,1
Male,0,No,No,30,No,Yes,Fiber optic,No,No,Yes,Yes,No internet service,No,One year,Yes,Mailed check,57.78,1707.89,No,2-4yr,55.09322580645161,2,0,0
Male,0,Yes,No,28,Yes,No phone service,Fiber optic,No internet service,No,No,Yes,Yes,No,Two year,Yes,Electronic check,98.69,2745.32,No,2-4yr,94.66620689655173,3,0,1
Male,0,No,Yes,4,Yes,Yes,DSL,Yes,No internet service,No internet service,No internet service,No internet service,Yes,Month-to-month,No,Credit card (automatic),43.1,183.83,No,0-1yr,36.766000000000005,3,1,0
Female,0,Yes,Yes,0,Yes,Yes,Fiber optic,Yes,No internet service,Yes,Yes,Yes,No,Two year,Yes,Credit card (automatic),46.75,0.0,No,0-1yr,0.0,5,1,0
Female,0,Yes,Yes,2,Yes,No,DSL,No internet service,No internet service,No,No internet service,Yes,No,Month-to-month,No,Electronic check,113.36,192.69,Yes,0-1yr,64.23,2,1,1
Male,0,Yes,No,66,Yes,No phone service,Fiber optic,Yes,Yes,No,No,Yes,No,Two year,No,Mailed check,20.65,1382.64,No,4yr+,20.63641791044776,4,0,0
Male,0,No,No,70,Yes,No,No,No,No internet service,No,Yes,No internet service,No,Month-to-month,Yes,Bank transfer (automatic),40.18,2848.29,No,4yr+,40.11676056338028,2,0,0
Male,0,No,No,34,Yes,No,No,No,No internet service,Yes,No,Yes,No,Month-to-month,No,Electronic check,67.26,2246.4,No,2-4yr,64.18285714285715,3,0,0
Male,1,Yes,Yes,14,Yes,No,DSL,No,No,Yes,No internet service,No,No,Month-to-month,Yes,Mailed check,58.99,757.46,No,1-2yr,50.49733333333334,2,0,0
Female,1,No,No,66,Yes,No,Fiber optic,No,No,No internet service,No,No internet service,No,One year,Yes,Mailed check,82.18,5432.89,Yes,4yr+,81.0879104477612,1,0,1
Female,0,No,Yes,29,Yes,Yes,No,No,No,No,No,No,No,One year,Yes,Electronic check,37.66,1071.11,No,2-4yr,35.70366666666666,1,0,0
Male,0,No,No,42,Yes,No,DSL,Yes,No,Yes,No internet service,Yes,No,Month-to-month,No,Bank transfer (automatic),25.2,1100.2,No,2-4yr,25.58604651162791,4,0,0
Male,0,No,No,59,Yes,No,No,No,No internet service,Yes,Yes,No internet service,No,Month-to-month,Yes,Credit card (automatic),55.67,3235.27,Yes,4yr+,53.921166666666664,3,0,0
Female,0,No,Yes,39,Yes,No,DSL,No,No,No internet service,No internet service,No internet service,Yes,Month-to-month,Yes,Mailed check,71.48,2727.43,Yes,2-4yr,68.18575,2,0,1
Female,0,No,No,64,Yes,No,Fiber optic,No,No,Yes,No internet service,No,Yes,Month-to-month,Yes,Mailed check,75.32,4788.81,Yes,4yr+,73.674,3,0,1
Male,1,No,Yes,28,Yes,No,Fiber optic,No,No internet service,No,No,No,Yes,Month-to-month,Yes,Electronic check,79.35,2247.79,Yes,2-4yr,77.51,2,0,1
Male,0,Yes,No,18,Yes,No phone service,Fiber optic,Yes,No,No,No internet service,No internet service,No internet service,One year,Yes,Credit card (automatic),73.96,1313.7,No,1-2yr,69.1421052631579,2,0,1
Male,1,Yes,No,2,Yes,No,No,Yes,No internet service,No internet service,No,No internet service,No,One year,Yes,Credit card (automatic),43.07,81.71,Yes,0-1yr,27.236666666666665,2,1,0
Female,0,Yes,No,35,No,No phone service,DSL,No internet service,No,No,No,No,No,One year,No,Electronic check,95.98,3334.54,No,2-4yr,92.62611111111111,0,0,1
Female,0,No,Yes,42,Yes,Yes,Fiber optic,No,No,No,No,No internet service,Yes,One year,Yes,Credit card (automatic),26.95,1182.68,No,2-4yr,27.50418604651163,2,0,0
Female,0,No,Yes,14,No,No,Fiber optic,No,Yes,Yes,No,Yes,Yes,Month-to-month,No,Electronic check,38.23,559.37,No,1-2yr,37.291333333333334,4,0,0
Male,1,Yes,No,40,Yes,No,No,Yes,No,No internet service,No,Yes,No internet service,One year,Yes,Electronic check,93.42,3660.67,Yes,2-4yr,89.28463414634146,3,0,1
Male,0,No,Yes,35,Yes,No,DSL,Yes,No,No,Yes,Yes,No internet service,Month-to-month,No,Bank transfer (automatic),46.53,1673.61,No,2-4yr,46.48916666666666,4,0,0
Female,0,Yes,No,32,Yes,No,No,No,No internet service,No internet service,No,Yes,Yes,One year,Yes,Mailed check,68.33,2216.08,No,2-4yr,67.1539393939394,3,0,0
Female,0,Yes,No,4,Yes,No,Fiber optic,No internet service,Yes,No,Yes,No,No internet service,Month-to-month,No,Mailed check,51.37,259.72,Yes,0-1yr,51.944,3,1,0
Male,0,No,Yes,13,Yes,No,DSL,No internet service,No,No,Yes,No,No,One year,No,Bank transfer (automatic),69.71,879.79,No,1-2yr,62.84214285714285,2,0,1
Female,0,Yes,Yes,67,Yes,No,Fiber optic,No internet service,Yes,Yes,No,Yes,Yes,Month-to-month,No,Electronic check,53.36,3528.17,Yes,4yr+,51.88485294117647,5,0,0
Female,0,Yes,No,46,Yes,Yes,DSL,No internet service,No,No,No internet service,No,No,Month-to-month,No,Electronic check,119.41,5488.73,Yes,2-4yr,116.78148936170211,1,0,1
Male,0,No,No,53,Yes,No,Fiber optic,No internet service,No internet service,Yes,No,Yes,No,One year,Yes,Mailed check,54.46,2894.53,No,4yr+,53.60240740740741,3,0,0
Female,0,No,No,3,Yes,Yes,DSL,No,No,No,No,No internet service,No internet service,Month-to-month,No,Electronic check,81.96,305.15,Yes,0-1yr,76.2875,1,1,1
Male,0,Yes,No,8,Yes,Yes,Fiber optic,Yes,No,Yes,Yes,No internet service,Yes,Month-to-month,Yes,Electronic check,108.61,900.71,Yes,0-1yr,100.0788888888889,5,0,1
Male,0,No,No,52,Yes,No,Fiber optic,No internet service,No,Yes,No,No,Yes,One year,No,Electronic check,83.07,4327.09,No,4yr+,81.64320754716981,3,0,1
Male,0,No,Yes,59,Yes,No,Fiber optic,Yes,Yes,Yes,Yes,No internet service,Yes,Two year,No,Credit card (automatic),75.72,4461.1,No,4yr+,74.35166666666667,6,0,1
Male,0,Yes,No,45,Yes,No,Fiber optic,Yes,No,Yes,Yes,Yes,Yes,Month-to-month,No,Credit card (automatic),76.06,3423.46,Yes,2-4yr,74.42304347826087,6,0,1
Male,0,Yes,No,53,Yes,Yes,Fiber optic,Yes,No,No internet service,No,No,No,Month-to-month,Yes,Electronic check,68.64,3618.2,Yes,4yr+,67.0037037037037,2,0,0
Male,0,No,Yes,36,Yes,Yes,DSL,No,No,No,No,No internet service,Yes,Month-to-month,Yes,Electronic check,100.37,3647.27,Yes,2-4yr,98.57486486486486,2,0,1
Male,1,Yes,Yes,22,Yes,No,Fiber optic,No,No internet service,No,Yes,No,No,One year,Yes,Bank transfer (automatic),23.14,436.47,No,1-2yr,18.976956521739133,2,0,0
Female,0,No,Yes,26,Yes,Yes,No,Yes,No internet service,Yes,No,No,Yes,Month-to-month,Yes,Credit card (automatic),108.28,2815.71,No,2-4yr,104.28555555555556,4,0,1
Male,0,No,Yes,69,Yes,No,No,No,No internet service,No,No internet service,Yes,No,Two year,Yes,Electronic check,77.8,5420.41,No,4yr+,77.43442857142857,2,0,1
Male,0,No,No,65,Yes,Yes,DSL,No internet service,No internet service,No,Yes,Yes,No,Month-to-month,Yes,Credit card (automatic),104.59,6741.56,Yes,4yr+,102.1448484848485,3,0,1
Female,0,Yes,No,60,Yes,No,DSL,No,No internet service,No internet service,Yes,No,No,Month-to-month,No,Mailed check,19.06,1240.83,No,4yr+,20.341475409836065,2,0,0
Female,0,No,Yes,50,Yes,Yes,No,No internet service,No,No internet service,No,No internet service,Yes,Month-to-month,Yes,Credit card (automatic),106.67,5279.64,Yes,4yr+,103.52235294117648,2,0,1
Female,0,Yes,No,49,Yes,Yes,Fiber optic,Yes,Yes,No,Yes,No,Yes,Month-to-month,No,Electronic check,30.25,1457.02,No,4yr+,29.1404,5,0,0
Male,0,Yes,No,18,Yes,No,Fiber optic,Yes,No,No,No internet service,No internet service,Yes,One year,Yes,Credit card (automatic),91.56,1699.38,Yes,1-2yr,89.44105263157896,3,0,1
Female,0,Yes,No,0,Yes,Yes,No,No,No internet service,Yes,No,No internet service,Yes,Month-to-month,No,Mailed check,60.49,72.6,Yes,0-1yr,72.6,3,1,0
Male,0,Yes,No,39,Yes,No,DSL,No,Yes,No,No,Yes,Yes,Two year,No,Credit card (automatic),87.47,3429.2,No,2-4yr,85.72999999999999,4,0,1
Male,0,No,Yes,31,Yes,No phone service,Fiber optic,No,Yes,Yes,No,No,Yes,Month-to-month,Yes,Mailed check,82.08,2561.04,Yes,2-4yr,80.0325,4,0,1
Male,0,Yes,No,21,Yes,No,No,No internet service,Yes,No,No,No,No,Month-to-month,Yes,Mailed check,34.67,817.46,No,1-2yr,37.157272727272726,2,0,0
Male,0,Yes,No,65,Yes,No,Fiber optic,No,No,Yes,Yes,No,No internet service,Month-to-month,Yes,Credit card (automatic),70.49,4513.44,Yes,4yr+,68.38545454545454,3,0,1
Female,0,No,Yes,39,Yes,Yes,DSL,No internet service,No,No,No internet service,Yes,Yes,Two year,No,Bank transfer (automatic),46.28,1718.68,No,2-4yr,42.967,3,0,0
Female,0,Yes,Yes,37,Yes,Yes,DSL,No,No,No,No,No internet service,No internet service,One year,Yes,Bank transfer (automatic),75.16,2684.7,No,2-4yr,70.64999999999999,1,0,1
Male,1,No,Yes,47,Yes,No,DSL,Yes,Yes,No,Yes,No,Yes,Month-to-month,No,Mailed check,93.28,4341.6,Yes,2-4yr,90.45,5,0,1
Male,0,Yes,Yes,54,Yes,No,Fiber optic,No,No,No,No,No,No,Two year,Yes,Credit card (automatic),26.29,1383.86,No,4yr+,25.16109090909091,1,0,0
Male,0,No,No,54,No,No,DSL,Yes,Yes,Yes,Yes,No,No,Month-to-month,Yes,Credit card (automatic),70.61,3831.97,Yes,4yr+,69.67218181818181,4,0,1
Female,0,No,No,50,Yes,No,DSL,Yes,Yes,No,Yes,Yes,No internet service,One year,No,Electronic check,81.0,4100.39,No,4yr+,80.39980392156863,5,0,1
Male,0,Yes,No,59,Yes,Yes,No,Yes,No,No internet service,No,No,Yes,Two year,Yes,Bank transfer (automatic),48.13,2885.1,No,4yr+,48.085,3,0,0
Male,0,Yes,No,7,Yes,Yes,DSL,No,No,No internet service,No,No internet service,Yes,One year,Yes,Credit card (automatic),115.21,850.44,No,0-1yr,106.305,2,0,1
Female,0,Yes,No,67,Yes,No,DSL,Yes,No,No,No,No internet service,Yes,Two year,Yes,Bank transfer (automatic),71.07,4713.79,No,4yr+,69.32044117647058,3,0,1
Female,0,No,No,71,Yes,No,DSL,Yes,No,No,Yes,Yes,No,Two year,No,Credit card (automatic),36.62,2619.26,No,4yr+,36.37861111111111,4,0,0
Male,0,Yes,No,8,Yes,No,DSL,No,Yes,No,No,No,No internet service,Two year,Yes,Credit card (automatic),28.99,195.23,No,0-1yr,21.69222222222222,2,0,0
Female,0,Yes,Yes,1,Yes,No,Fiber optic,No,No internet service,Yes,Yes,No,No internet service,Month-to-month,No,Bank transfer (automatic),73.25,103.29,Yes,0-1yr,51.645,3,1,1
Female,0,Yes,No,69,Yes,Yes,No,No,Yes,Yes,No,Yes,No,Month-to-month,Yes,Bank transfer (automatic),56.27,3884.76,No,4yr+,55.49657142857143,4,0,0
Male,0,Yes,No,58,Yes,Yes,No,No,Yes,Yes,No,Yes,No,One year,No,Credit card (automatic),37.64,2227.37,No,4yr+,37.752033898305086,4,0,0
Female,1,No,Yes,18,Yes,No,Fiber optic,Yes,No internet service,Yes,No,No,No internet service,One year,No,Credit card (automatic),21.13,499.15,No,1-2yr,26.271052631578947,3,0,0
Male,0,No,No,27,Yes,No,Fiber optic,No,No,No,No internet service,No,No,Month-to-month,Yes,Credit card (automatic),75.79,2044.69,Yes,2-4yr,73.02464285714287,1,0,1
Female,0,Yes,No,71,Yes,No,Fiber optic,Yes,Yes,No internet service,No internet service,Yes,Yes,Month-to-month,Yes,Electronic check,79.06,5558.09,Yes,4yr+,77.19569444444444,5,0,1
Male,1,Yes,No,13,Yes,Yes,DSL,No internet service,Yes,No,No internet service,Yes,No internet service,Two year,Yes,Electronic check,32.46,340.42,No,1-2yr,24.315714285714286,3,0,0
Male,0,No,No,23,Yes,Yes,DSL,No,No internet service,No,No internet service,Yes,Yes,Two year,No,Mailed check,79.38,1780.9,No,1-2yr,74.20416666666667,3,0,1
Male,0,No,No,43,Yes,No,No,Yes,No,No,No,Yes,Yes,Month-to-month,Yes,Bank transfer (automatic),115.1,5002.64,No,2-4yr,113.69636363636364,4,0,1
Female,0,Yes,No,55,Yes,Yes,DSL,No,Yes,Yes,No internet service,No,Yes,Month-to-month,Yes,Electronic check,117.79,6502.67,No,4yr+,116.11910714285715,4,0,1
Male,0,Yes,No,50,Yes,No,DSL,No internet service,No,Yes,No internet service,Yes,No,Month-to-month,Yes,Electronic check,108.63,5443.02,Yes,4yr+,106.72588235294118,3,0,1
Female,0,Yes,No,31,Yes,No phone service,Fiber optic,No,Yes,No,No,Yes,No,Month-to-month,Yes,Electronic check,100.32,3128.99,Yes,2-4yr,97.7809375,3,0,1
Male,0,No,No,49,Yes,No,Fiber optic,No internet service,No,No,Yes,No internet service,Yes,One year,Yes,Bank transfer (automatic),39.36,1964.61,No,4yr+,39.2922,3,0,0
Male,0,Yes,No,40,Yes,Yes,DSL,Yes,Yes,No internet service,Yes,Yes,No,Two year,No,Credit card (automatic),33.96,1280.55,No,2-4yr,31.23292682926829,5,0,0
Female,1,No,No,65,Yes,No,DSL,Yes,No,No,No internet service,No,No,Month-to-month,No,Credit card (automatic),63.38,4169.01,No,4yr+,63.166818181818186,2,0,0
Male,0,No,No,24,Yes,Yes,Fiber optic,No internet service,Yes,No internet service,No,No internet service,No internet service,One year,Yes,Mailed check,81.2,1968.27,Yes,1-2yr,78.7308,2,0,1
Male,0,No,No,60,Yes,Yes,Fiber optic,No,No,No,No internet service,No,No,One year,No,Mailed check,104.77,6214.16,Yes,4yr+,101.87147540983607,1,0,1
Female,0,Yes,Yes,65,Yes,Yes,DSL,No,No,No,No,No,No,Month-to-month,No,Mailed check,41.66,2724.67,No,4yr+,41.282878787878786,1,0,0
Male,0,Yes,Yes,41,Yes,Yes,Fiber optic,No,No,No,No,No,No,One year,No,Mailed check,66.92,2678.6,Yes,2-4yr,63.77619047619047,1,0,0
Male,0,Yes,Yes,64,Yes,No phone service,Fiber optic,No,Yes,Yes,No,Yes,Yes,One year,Yes,Bank transfer (automatic),84.04,5404.07,No,4yr+,83.13953846153845,5,0,1
Male,1,Yes,No,35,Yes,Yes,No,No,No,Yes,No internet service,No,Yes,Two year,Yes,Mailed check,63.45,2226.75,No,2-4yr,61.854166666666664,3,0,0
Male,0,No,Yes,8,No,Yes,DSL,Yes,No,Yes,Yes,No,No,Month-to-month,No,Electronic check,64.33,464.18,No,0-1yr,51.57555555555555,3,0,0
Female,0,No,Yes,35,Yes,No phone service,DSL,No,No,No,No internet service,Yes,Yes,One year,No,Mailed check,40.96,1454.28,No,2-4yr,40.39666666666667,3,0,0
Female,0,No,No,37,No,Yes,Fiber optic,No internet service,No,No,No internet service,No,Yes,Month-to-month,Yes,Electronic check,118.64,4430.13,Yes,2-4yr,116.58236842105264,1,0,1
Male,1,No,No,32,Yes,No,Fiber optic,No,No,Yes,No,No internet service,No,Month-to-month,Yes,Electronic check,66.47,2098.37,Yes,2-4yr,63.586969696969696,2,0,0
Female,0,Yes,No,41,Yes,Yes,DSL,No,No,No,No,Yes,Yes,Month-to-month,Yes,Mailed check,72.34,3005.05,Yes,2-4yr,71.54880952380952,3,0,1
Male,0,Yes,Yes,60,No,Yes,Fiber optic,No,No,Yes,Yes,No,Yes,Month-to-month,Yes,Electronic check,40.29,2403.47,No,4yr+,39.4011475409836,3,0,0
Female,0,Yes,No,45,Yes,No phone service,DSL,No internet service,No internet service,No internet service,Yes,No,No,Month-to-month,Yes,Mailed check,70.44,3213.52,Yes,2-4yr,69.85913043478261,2,0,1
Male,1,No,No,60,Yes,Yes,DSL,No,Yes,No internet service,No,No internet service,No,Month-to-month,Yes,Electronic check,44.05,2638.2,Yes,4yr+,43.24918032786885,2,0,0
Male,1,No,No,17,Yes,No,Fiber optic,No,Yes,No,Yes,No internet service,No internet service,One year,Yes,Bank transfer (automatic),38.64,715.54,No,1-2yr,39.75222222222222,3,0,0
Male,1,No,No,69,Yes,Yes,DSL,No internet service,No,No,Yes,No,No,One year,No,Credit card (automatic),46.12,3136.6,No,4yr+,44.808571428571426,2,0,0
Male,0,Yes,No,14,Yes,Yes,No,No internet service,No internet service,Yes,No internet service,Yes,No,Month-to-month,Yes,Mailed check,18.28,211.69,No,1-2yr,14.112666666666666,3,0,0
Male,0,Yes,Yes,47,Yes,Yes,Fiber optic,No,No internet service,No internet service,No,Yes,No,Month-to-month,Yes,Bank transfer (automatic),76.16,3540.12,Yes,2-4yr,73.7525,2,0,1
Male,0,No,Yes,71,Yes,Yes,Fiber optic,No,No,Yes,No,Yes,Yes,One year,Yes,Credit card (automatic),57.52,4090.25,No,4yr+,56.80902777777778,4,0,0
Female,1,Yes,Yes,12,Yes,Yes,Fiber optic,No,No,Yes,Yes,No,Yes,Month-to-month,Yes,Mailed check,109.67,1308.43,Yes,0-1yr,100.64846153846155,4,0,1
Male,0,No,No,42,Yes,No,Fiber optic,No,No,Yes,No internet service,No,No internet service,Month-to-month,Yes,Electronic check,22.15,944.63,No,2-4yr,21.968139534883722,2,0,0
Female,0,No,No,59,Yes,No,DSL,No internet service,No,No,No internet service,No internet service,No,One year,No,Electronic check,22.41,1263.98,No,4yr+,21.066333333333333,1,0,0
Male,0,No,No,56,Yes,Yes,No,No internet service,No,No,No,No,No internet service,Month-to-month,Yes,Mailed check,108.36,6032.29,Yes,4yr+,105.82964912280701,1,0,1
Female,0,Yes,Yes,70,Yes,Yes,No,Yes,No internet service,No,No internet service,No,No,Month-to-month,No,Bank transfer (automatic),30.92,2227.93,No,4yr+,31.379295774647886,2,0,0
Female,0,Yes,No,16,Yes,No phone service,DSL,No,No,No,No internet service,No,Yes,Month-to-month,No,Electronic check,18.22,310.1,No,1-2yr,18.241176470588236,2,0,0
Female,1,Yes,No,49,Yes,No phone service,DSL,No,No,Yes,No,Yes,No,Month-to-month,No,Credit card (automatic),36.25,1807.43,No,4yr+,36.1486,3,0,0
Male,1,Yes,No,31,Yes,No,DSL,No internet service,No,No internet service,No,No,No,Two year,No,Electronic check,102.04,3150.47,No,2-4yr,98.4521875,1,0,1
Male,0,Yes,No,21,Yes,No,Fiber optic,No,No,No,Yes,No,No,Month-to-month,No,Credit card (automatic),99.88,2112.22,Yes,1-2yr,96.00999999999999,2,0,1
Female,0,No,Yes,54,Yes,Yes,Fiber optic,No,No,No,Yes,No internet service,No,Month-to-month,Yes,Credit card (automatic),52.69,2821.52,Yes,4yr+,51.300363636363635,2,0,0
Male,0,No,No,56,Yes,Yes,No,Yes,No,No,Yes,Yes,No internet service,One year,No,Credit card (automatic),86.14,4731.33,No,4yr+,83.0057894736842,4,0,1
Female,0,Yes,No,12,No,No,Fiber optic,No,Yes,Yes,Yes,No internet service,No internet service,Month-to-month,Yes,Credit card (automatic),69.74,888.65,Yes,0-1yr,68.3576923076923,3,0,1
Male,0,Yes,Yes,46,Yes,No,Fiber optic,Yes,Yes,Yes,Yes,No,No internet service,Month-to-month,Yes,Electronic check,110.28,5081.99,Yes,2-4yr,108.12744680851064,5,0,1
Female,0,Yes,Yes,61,Yes,No,Fiber optic,No internet service,No,No,No internet service,Yes,Yes,Two year,Yes,Bank transfer (automatic),23.76,1412.76,No,4yr+,22.786451612903225,3,0,0
Female,0,Yes,No,53,Yes,Yes,Fiber optic,No,No internet service,Yes,Yes,Yes,Yes,Two year,No,Electronic check,100.94,5349.88,No,4yr+,99.07185185185186,5,0,1
Male,1,No,No,28,Yes,No phone service,Fiber optic,No,Yes,Yes,No internet service,Yes,Yes,Month-to-month,Yes,Credit card (automatic),35.4,967.89,Yes,2-4yr,33.37551724137931,5,0,0
Female,0,Yes,No,21,Yes,No,Fiber optic,No,No,No internet service,No,No,Yes,Month-to-month,No,Electronic check,57.95,1291.87,Yes,1-2yr,58.721363636363634,2,0,0
Male,0,Yes,Yes,64,Yes,No,Fiber optic,No internet service,No,No,Yes,Yes,No,One year,Yes,Electronic check,37.58,2438.7,No,4yr+,37.51846153846154,3,0,0
Female,0,Yes,No,28,Yes,No,Fiber optic,Yes,Yes,No,No,No,No,Month-to-month,No,Credit card (automatic),89.67,2453.37,No,2-4yr,84.59896551724138,3,0,1
Female,0,No,No,47,Yes,Yes,Fiber optic,Yes,No internet service,No,Yes,No internet service,No,Month-to-month,Yes,Electronic check,87.19,4033.76,Yes,2-4yr,84.03666666666668,3,0,1
Male,0,No,No,4,Yes,Yes,Fiber optic,No internet service,No internet service,No internet service,No internet service,No,No internet service,Month-to-month,Yes,Electronic check,73.89,308.09,Yes,0-1yr,61.617999999999995,1,1,1
Male,0,Yes,No,34,Yes,Yes,Fiber optic,No internet service,Yes,Yes,No internet service,No,No internet service,Month-to-month,Yes,Mailed check,89.21,3039.86,Yes,2-4yr,86.85314285714286,3,0,1
Male,0,No,Yes,70,Yes,Yes,Fiber optic,No internet service,No,No internet service,Yes,Yes,Yes,Month-to-month,Yes,Bank transfer (automatic),83.24,5852.7,No,4yr+,82.43239436619719,4,0,1
Female,1,No,No,45,Yes,Yes,Fiber optic,Yes,No,No,No internet service,No,No internet service,Month-to-month,Yes,Bank transfer (automatic),97.2,4366.83,No,2-4yr,94.93108695652174,2,0,1
Male,0,No,No,34,Yes,No,Fiber optic,Yes,No internet service,Yes,No,Yes,No,One year,No,Bank transfer (automatic),42.42,1409.91,No,2-4yr,40.283142857142856,4,0,0
Female,0,Yes,No,44,Yes,Yes,Fiber optic,Yes,Yes,Yes,Yes,No internet service,No,Month-to-month,Yes,Credit card (automatic),61.75,2742.48,Yes,2-4yr,60.944,5,0,0
Female,0,No,No,12,Yes,No,DSL,Yes,Yes,No,No,Yes,No internet service,Month-to-month,No,Electronic check,33.47,431.34,Yes,0-1yr,33.18,4,0,0
Male,0,No,No,9,Yes,Yes,DSL,No,No,No,No,No,Yes,Month-to-month,Yes,Mailed check,61.82,619.25,No,0-1yr,61.925,2,0,0
Male,0,No,No,65,Yes,Yes,Fiber optic,Yes,No internet service,Yes,Yes,No,No internet service,One year,Yes,Bank transfer (automatic),89.57,5858.77,Yes,4yr+,88.76924242424244,4,0,1
Female,0,No,No,69,Yes,No,Fiber optic,No,Yes,No,No,No,No,Month-to-month,Yes,Bank transfer (automatic),88.52,6066.04,Yes,4yr+,86.65771428571429,2,0,1
Female,0,No,No,71,Yes,No,No,Yes,No,No,Yes,No internet service,No internet service,Month-to-month,Yes,Mailed check,90.36,6428.38,No,4yr+,89.28305555555556,3,0,1
Male,1,Yes,No,24,No,No phone service,Fiber optic,No,Yes,No,No,Yes,No internet service,Month-to-month,No,Electronic check,49.49,1173.47,Yes,1-2yr,46.9388,2,0,0
Male,0,No,No,43,Yes,No phone service,Fiber optic,No internet service,No internet service,No internet service,Yes,Yes,No,Month-to-month,No,Electronic check,85.55,3631.4,No,2-4yr,82.53181818181818,3,0,1
Male,0,No,No,59,Yes,Yes,DSL,Yes,Yes,No internet service,No internet service,No internet service,Yes,Two year,Yes,Electronic check,55.48,3183.88,No,4yr+,53.06466666666667,4,0,0
Male,0,No,No,46,Yes,Yes,DSL,No,No internet service,No,No,No,Yes,One year,No,Mailed check,114.34,5372.03,No,2-4yr,114.29851063829787,2,0,1
Male,0,Yes,Yes,39,Yes,No,Fiber optic,No,No,No internet service,Yes,No,Yes,Month-to-month,Yes,Electronic check,53.02,2039.83,No,2-4yr,50.99575,3,0,0
Female,0,No,No,6,Yes,No phone service,DSL,Yes,No,Yes,No,Yes,Yes,One year,No,Mailed check,79.51,470.75,Yes,0-1yr,67.25,5,1,1
Female,0,No,Yes,45,Yes,No,Fiber optic,No,No internet service,Yes,Yes,No,No internet service,Month-to-month,No,Electronic check,94.51,4263.94,Yes,2-4yr,92.69434782608695,3,0,1
Female,0,Yes,No,22,Yes,No,Fiber optic,No,No internet service,No,No,No internet service,Yes,Month-to-month,No,Bank transfer (automatic),110.45,2435.48,Yes,1-2yr,105.8904347826087,2,0,1
Female,0,No,No,45,Yes,No,Fiber optic,No,No,No,Yes,No,No internet service,Month-to-month,Yes,Credit card (automatic),62.67,2694.07,No,2-4yr,58.56673913043478,2,0,0
Male,0,No,No,12,Yes,Yes,No,No internet service,Yes,No,No internet service,No internet service,No,One year,Yes,Mailed check,54.77,648.95,No,0-1yr,49.91923076923077,2,0,0
Male,0,No,No,20,Yes,No,Fiber optic,No,No,No,No internet service,No,Yes,Month-to-month,Yes,Mailed check,61.86,1325.76,No,1-2yr,63.13142857142857,2,0,0
Male,0,Yes,No,0,Yes,No,DSL,Yes,No,Yes,No,Yes,No,Month-to-month,No,Credit card (automatic),51.02,0.0,Yes,0-1yr,0.0,4,1,0
Female,0,Yes,No,18,Yes,No,No,No,No,Yes,Yes,Yes,No,Month-to-month,No,Mailed check,84.7,1606.36,No,1-2yr,84.54526315789474,4,0,1
Female,0,No,Yes,59,Yes,Yes,No,Yes,No,No internet service,No,No,No,Month-to-month,Yes,Credit card (automatic),113.14,6676.83,Yes,4yr+,111.2805,2,0,1
Male,0,Yes,No,32,Yes,Yes,DSL,No,Yes,No internet service,No,No,No,One year,No,Electronic check,30.86,969.96,No,2-4yr,29.392727272727274,2,0,0
Male,0,No,Yes,3,Yes,Yes,DSL,No,No,No,No,No internet service,Yes,Two year,No,Credit card (automatic),75.21,232.85,No,0-1yr,58.2125,2,1,1
Female,0,No,No,2,Yes,Yes,DSL,Yes,No,No,No,No,No,One year,Yes,Mailed check,109.56,221.0,No,0-1yr,73.66666666666667,2,1,1
Female,1,No,No,51,Yes,No phone service,DSL,No internet service,Yes,No,No,No internet service,No,One year,No,Electronic check,28.21,1439.48,No,4yr+,27.682307692307692,2,0,0
Male,0,Yes,No,27,Yes,Yes,No,No internet service,No,Yes,No,No,No internet service,Two year,Yes,Credit card (automatic),68.37,1816.89,Yes,2-4yr,64.88892857142858,2,0,0
Male,0,No,Yes,69,Yes,Yes,Fiber optic,No internet service,No,No,No internet service,No,No internet service,Month-to-month,Yes,Credit card (automatic),106.25,7263.06,Yes,4yr+,103.75800000000001,1,0,1
Female,0,Yes,Yes,69,No,Yes,Fiber optic,No,No,No,Yes,Yes,Yes,Month-to-month,Yes,Mailed check,109.85,7607.71,No,4yr+,108.68157142857143,3,0,1
Male,0,Yes,No,54,Yes,No,No,No,Yes,No,No,No,Yes,Month-to-month,Yes,Credit card (automatic),70.46,3809.58,Yes,4yr+,69.2650909090909,3,0,1
Male,1,Yes,No,56,Yes,No,Fiber optic,No internet service,No,Yes,No,No internet service,No,Month-to-month,No,Electronic check,20.55,1234.02,No,4yr+,21.649473684210527,2,0,0
Male,1,Yes,No,15,Yes,Yes,DSL,No,Yes,No internet service,Yes,Yes,No internet service,Month-to-month,Yes,Bank transfer (automatic),28.78,430.03,Yes,1-2yr,26.876875,4,0,0
Female,0,No,No,23,Yes,Yes,No,No internet service,No,No internet service,No,No internet service,No,Month-to-month,Yes,Electronic check,77.85,1714.86,No,1-2yr,71.4525,1,0,1
Female,0,No,No,68,Yes,Yes,No,Yes,No,Yes,No internet service,No internet service,Yes,Month-to-month,Yes,Electronic check,30.63,2098.96,No,4yr+,30.419710144927535,4,0,0
Female,0,Yes,Yes,40,Yes,No,No,Yes,No,No,No,No,Yes,Month-to-month,Yes,Bank transfer (automatic),33.24,1333.4,No,2-4yr,32.5219512195122,3,0,0
Female,1,No,No,46,Yes,Yes,Fiber optic,No,Yes,No internet service,Yes,Yes,Yes,Two year,Yes,Mailed check,96.76,4429.42,Yes,2-4yr,94.24297872340426,5,0,1
Female,0,Yes,No,68,Yes,No phone service,No,No,No,Yes,Yes,Yes,Yes,Month-to-month,Yes,Electronic check,94.57,6461.68,Yes,4yr+,93.64753623188406,5,0,1
Female,0,No,Yes,30,Yes,No,DSL,No internet service,No internet service,No,No,Yes,No,Month-to-month,Yes,Mailed check,103.96,3143.68,Yes,2-4yr,101.40903225806451,2,0,1
Female,0,No,No,29,Yes,Yes,Fiber optic,No internet service,Yes,No,Yes,Yes,No,One year,No,Electronic check,28.78,774.77,No,2-4yr,25.825666666666667,4,0,0
Male,0,No,Yes,17,Yes,No,No,Yes,No internet service,No,No internet service,No,Yes,Month-to-month,No,Bank transfer (automatic),38.21,626.18,No,1-2yr,34.78777777777778,3,0,0
Male,0,Yes,No,43,Yes,Yes,DSL,Yes,No,No internet service,No,Yes,Yes,Month-to-month,Yes,Electronic check,102.96,4482.0,No,2-4yr,101.86363636363636,4,0,1
Male,0,No,Yes,26,Yes,No,No,No internet service,No,No,No,No,Yes,Month-to-month,No,Credit card (automatic),91.55,2331.31,Yes,2-4yr,86.34481481481481,2,0,1
Male,0,Yes,No,25,No,Yes,Fiber optic,Yes,Yes,Yes,No internet service,Yes,No internet service,One year,No,Electronic check,100.21,2045.46,No,2-4yr,78.67153846153846,4,0,1
Male,0,No,Yes,59,Yes,No,DSL,No,Yes,Yes,No,Yes,No,Two year,No,Mailed check,118.95,7029.41,Yes,4yr+,117.15683333333332,4,0,1
Male,0,Yes,No,17,Yes,No,Fiber optic,No,No internet service,Yes,Yes,No,No internet service,One year,No,Electronic check,106.17,1747.2,No,1-2yr,97.06666666666666,3,0,1
Male,0,No,No,55,Yes,No phone service,DSL,Yes,No,No,No,No internet service,No,Month-to-month,No,Bank transfer (automatic),71.09,3905.03,No,4yr+,69.73267857142858,2,0,1
Female,0,No,No,30,Yes,Yes,Fiber optic,Yes,Yes,No,Yes,No,Yes,Month-to-month,Yes,Electronic check,49.7,1484.44,Yes,2-4yr,47.885161290322586,5,0,0
Female,0,No,No,58,Yes,Yes,DSL,No,No,Yes,No internet service,No,Yes,Month-to-month,Yes,Mailed check,76.11,4398.21,No,4yr+,74.54593220338982,3,0,1
Male,0,Yes,No,1,Yes,No,No,No internet service,Yes,No,No,No,No,Two year,No,Electronic check,83.14,6.61,No,0-1yr,3.305,2,1,1
Male,0,No,Yes,38,Yes,No phone service,DSL,No,No internet service,No,No internet service,No,No,One year,Yes,Credit card (automatic),52.2,2045.46,No,2-4yr,52.44769230769231,1,0,0
Female,0,Yes,No,60,Yes,No phone service,DSL,No,No,Yes,No,No internet service,No,Month-to-month,No,Electronic check,96.64,5767.47,Yes,4yr+,94.54868852459016,2,0,1
Male,0,No,Yes,62,Yes,Yes,DSL,No,No internet service,No,No internet service,Yes,No,One year,No,Credit card (automatic),27.46,1755.81,No,4yr+,27.869999999999997,2,0,0
Male,0,Yes,No,17,Yes,Yes,No,No,No internet service,No,Yes,No internet service,No,Month-to-month,Yes,Electronic check,97.5,1678.28,Yes,1-2yr,93.23777777777778,2,0,1
Female,0,Yes,No,16,Yes,No,Fiber optic,Yes,Yes,No,No internet service,Yes,Yes,Two year,No,Electronic check,21.26,301.31,No,1-2yr,17.724117647058822,5,0,0
Male,0,No,No,38,Yes,Yes,Fiber optic,No,No,Yes,No internet service,No internet service,No internet service,Two year,Yes,Electronic check,68.79,2594.25,Yes,2-4yr,66.51923076923077,2,0,0
Female,0,Yes,No,70,Yes,Yes,Fiber optic,Yes,No,No,No,Yes,No,Month-to-month,No,Electronic check,105.87,7417.16,Yes,4yr+,104.46704225352113,3,0,1
Male,0,Yes,Yes,53,Yes,Yes,Fiber optic,Yes,No,No internet service,No,No internet service,No,One year,Yes,Mailed check,26.82,1401.61,No,4yr+,25.95574074074074,2,0,0
Female,0,Yes,Yes,34,Yes,No,DSL,No,No internet service,No,No,No internet service,No,Month-to-month,No,Credit card (automatic),70.81,2331.78,Yes,2-4yr,66.62228571428572,1,0,1
Female,0,Yes,Yes,10,Yes,No phone service,Fiber optic,No,No,No,No internet service,Yes,No,Month-to-month,Yes,Electronic check,34.26,357.22,Yes,0-1yr,32.474545454545456,2,0,0
Female,0,No,No,60,Yes,No phone service,DSL,Yes,Yes,No,No,No internet service,Yes,One year,No,Mailed check,109.27,6582.51,No,4yr+,107.91,4,0,1
Male,0,No,Yes,43,Yes,Yes,No,No,No internet service,Yes,No,Yes,No,Month-to-month,No,Mailed check,102.9,4461.74,Yes,2-4yr,101.4031818181818,3,0,1
Female,0,Yes,Yes,67,Yes,No,No,No,Yes,No,No internet service,Yes,Yes,Month-to-month,Yes,Electronic check,113.26,7635.36,Yes,4yr+,112.28470588235294,4,0,1
Male,0,Yes,No,24,Yes,No,Fiber optic,Yes,Yes,Yes,No,No,Yes,One year,No,Electronic check,107.25,2532.58,Yes,1-2yr,101.3032,5,0,1
Male,0,Yes,No,47,Yes,Yes,DSL,No internet service,No,Yes,No,No internet service,Yes,One year,Yes,Credit card (automatic),93.13,4416.35,No,2-4yr,92.00729166666667,3,0,1
Male,0,Yes,No,31,Yes,No,No,Yes,No internet service,No,No internet service,No,Yes,Month-to-month,No,Electronic check,36.86,1085.57,No,2-4yr,33.9240625,3,0,0
Male,0,No,No,3,Yes,Yes,DSL,No internet service,No,Yes,Yes,No,Yes,Month-to-month,No,Bank transfer (automatic),48.86,164.44,No,0-1yr,41.11,4,1,0
Female,0,No,Yes,37,Yes,Yes,DSL,Yes,Yes,No,No internet service,No,Yes,One year,No,Electronic check,68.68,2505.73,No,2-4yr,65.94026315789473,4,0,0
Female,0,Yes,No,62,Yes,Yes,DSL,No internet service,No,Yes,Yes,No internet service,No internet service,Month-to-month,No,Mailed check,78.07,4861.26,Yes,4yr+,77.16285714285715,3,0,1
Male,0,Yes,No,46,Yes,Yes,Fiber optic,Yes,No,Yes,Yes,No internet service,Yes,Two year,Yes,Mailed check,97.78,4422.49,No,2-4yr,94.09553191489361,5,0,1
Male,0,Yes,Yes,0,Yes,No,No,No,Yes,No internet service,No,Yes,No,Month-to-month,Yes,Electronic check,41.15,27.14,Yes,0-1yr,27.14,3,1,0
Female,0,No,Yes,2,Yes,Yes,DSL,No,Yes,No internet service,No,Yes,Yes,Month-to-month,No,Electronic check,31.08,22.83,No,0-1yr,7.609999999999999,4,1,0
Male,0,No,No,61,Yes,Yes,DSL,No,No,Yes,No,Yes,No internet service,Month-to-month,Yes,Electronic check,67.23,4125.17,No,4yr+,66.535,3,0,0
Female,0,Yes,No,63,Yes,Yes,Fiber optic,No,No internet service,No,No,No,Yes,Month-to-month,Yes,Electronic check,34.1,2166.94,No,4yr+,33.8584375,2,0,0
Male,1,Yes,Yes,16,Yes,No,Fiber optic,Yes,Yes,Yes,No,Yes,Yes,One year,Yes,Credit card (automatic),88.76,1439.43,No,1-2yr,84.67235294117647,6,0,1
Male,1,No,No,61,Yes,No,DSL,No,Yes,No,Yes,Yes,Yes,Month-to-month,Yes,Electronic check,76.71,4681.69,No,4yr+,75.51112903225805,5,0,1
Female,0,No,No,34,Yes,No,DSL,Yes,No internet service,No,No,No internet service,No internet service,Month-to-month,Yes,Bank transfer (automatic),93.59,3123.7,No,2-4yr,89.24857142857142,2,0,1
Male,0,Yes,No,12,Yes,No,No,No internet service,No,Yes,No,Yes,No,Two year,No,Electronic check,24.47,368.16,No,0-1yr,28.32,3,0,0
Female,0,Yes,No,34,No,Yes,No,Yes,No internet service,No,No,No,Yes,Month-to-month,No,Credit card (automatic),116.4,3951.1,No,2-4yr,112.88857142857142,2,0,1
Male,0,Yes,No,42,Yes,Yes,No,No,Yes,Yes,No,No,Yes,Month-to-month,No,Mailed check,18.0,749.38,No,2-4yr,17.427441860465116,4,0,0
Male,0,No,No,1,Yes,No,No,No,Yes,Yes,No internet service,Yes,Yes,Month-to-month,Yes,Electronic check,51.2,120.44,No,0-1yr,60.22,5,1,0
Male,0,Yes,No,55,Yes,Yes,DSL,No,No,No,No,Yes,Yes,Month-to-month,Yes,Credit card (automatic),87.32,4758.15,No,4yr+,84.96696428571428,3,0,1
Female,0,Yes,No,50,Yes,Yes,DSL,Yes,No,No,Yes,No,No internet service,Month-to-month,Yes,Electronic check,22.6,1127.63,No,4yr+,22.110392156862748,3,0,0
Male,0,No,No,53,Yes,No,Fiber optic,No,No,No,No internet service,No internet service,No,Month-to-month,No,Mailed check,26.5,1412.99,No,4yr+,26.166481481481483,1,0,0
Male,0,Yes,No,15,Yes,Yes,DSL,No internet service,No,No,No internet service,Yes,No,Month-to-month,Yes,Mailed check,25.82,375.71,No,1-2yr,23.481875,2,0,0
Male,0,No,No,17,Yes,Yes,No,No internet service,Yes,No,No,Yes,Yes,Two year,Yes,Mailed check,77.31,1327.93,No,1-2yr,73.77388888888889,4,0,1
Male,0,Yes,No,6,Yes,No,No,No,No,No,No internet service,No internet service,No,Month-to-month,Yes,Credit card (automatic),109.38,627.21,No,0-1yr,89.60142857142857,1,1,1
Female,0,Yes,Yes,44,Yes,No,Fiber optic,No,No,No,No,No,Yes,One year,No,Credit card (automatic),74.65,3281.19,No,2-4yr,72.91533333333334,2,0,1
Female,0,No,No,35,Yes,No,DSL,No,No,No,No,No internet service,Yes,One year,No,Credit card (automatic),79.56,2791.16,No,2-4yr,77.53222222222222,2,0,1
Male,0,Yes,No,40,Yes,No,No,Yes,No,No,No,No internet service,No,Month-to-month,Yes,Credit card (automatic),53.29,2199.95,No,2-4yr,53.65731707317073,2,0,0
Female,0,No,No,41,Yes,No,No,No,No,No,No,No internet service,Yes,Month-to-month,Yes,Mailed check,19.91,899.12,No,2-4yr,21.407619047619047,2,0,0
Male,0,No,Yes,6,Yes,No,DSL,No,Yes,No,Yes,No,No,Month-to-month,No,Electronic check,20.2,129.67,No,0-1yr,18.524285714285714,3,1,0
Male,0,Yes,No,14,Yes,Yes,No,No,Yes,No,Yes,No internet service,No internet service,Month-to-month,Yes,Bank transfer (automatic),108.61,1580.5,No,1-2yr,105.36666666666666,3,0,1
Male,0,No,No,59,Yes,Yes,DSL,No,No,No,Yes,No,Yes,Two year,No,Mailed check,28.46,1642.89,No,4yr+,27.381500000000003,3,0,0
Female,0,Yes,Yes,39,Yes,No,DSL,No,Yes,No,No,Yes,No internet service,One year,No,Electronic check,119.98,4791.79,Yes,2-4yr,119.79475,3,0,1
Female,1,No,No,36,Yes,Yes,Fiber optic,No internet service,No,No,No,Yes,Yes,Two year,No,Mailed check,34.77,1239.48,No,2-4yr,33.49945945945946,3,0,0
Female,0,Yes,Yes,65,Yes,No phone service,Fiber optic,No,No internet service,No,No,Yes,Yes,Two year,No,Credit card (automatic),86.81,5641.01,No,4yr+,85.46984848484848,3,0,1
Female,0,No,Yes,54,Yes,No,DSL,No,No,No internet service,No,Yes,No,Month-to-month,No,Electronic check,114.79,6225.26,Yes,4yr+,113.18654545454545,2,0,1
Female,1,Yes,No,55,Yes,Yes,DSL,No,Yes,No,No internet service,Yes,No,Month-to-month,No,Credit card (automatic),54.95,3064.88,Yes,4yr+,54.730000000000004,3,0,0
Female,1,Yes,No,43,Yes,Yes,No,No,No internet service,No internet service,No,Yes,Yes,Month-to-month,Yes,Mailed check,92.91,3986.56,Yes,2-4yr,90.60363636363637,3,0,1
Female,0,No,No,56,Yes,Yes,Fiber optic,Yes,Yes,No,No,No internet service,No internet service,Two year,Yes,Electronic check,53.79,2911.83,No,4yr+,51.084736842105265,3,0,0
Female,0,No,Yes,5,Yes,Yes,Fiber optic,Yes,Yes,No internet service,Yes,No internet service,No internet service,Two year,No,Credit card (automatic),49.1,278.29,No,0-1yr,46.38166666666667,4,1,0
Female,0,Yes,No,31,No,Yes,DSL,Yes,No,No,Yes,No,Yes,Month-to-month,Yes,Credit card (automatic),38.58,1150.48,No,2-4yr,35.9525,3,0,0
Male,0,Yes,Yes,17,Yes,No,DSL,No,No,No internet service,Yes,No internet service,No internet service,Month-to-month,No,Electronic check,101.74,1768.29,Yes,1-2yr,98.23833333333333,2,0,1
Female,0,No,Yes,67,Yes,No,DSL,No internet service,Yes,Yes,No,Yes,No,Month-to-month,Yes,Electronic check,44.25,3002.37,No,4yr+,44.152499999999996,4,0,0
Female,0,No,Yes,72,Yes,No,DSL,No,No,Yes,No,No internet service,No internet service,Two year,No,Mailed check,46.88,3384.99,No,4yr+,46.369726027397256,2,0,0
Female,0,Yes,No,6,Yes,Yes,DSL,No,No,No,Yes,No,Yes,Two year,Yes,Credit card (automatic),119.89,764.56,No,0-1yr,109.22285714285714,3,1,1
Female,0,Yes,No,7,Yes,Yes,DSL,No internet service,Yes,No internet service,No,Yes,No internet service,Month-to-month,No,Electronic check,51.39,335.21,Yes,0-1yr,41.90125,3,0,0
Female,0,Yes,No,63,Yes,No,Fiber optic,No internet service,Yes,No,Yes,Yes,Yes,Month-to-month,Yes,Electronic check,61.12,3919.3,No,4yr+,61.2390625,5,0,0
Female,0,No,No,6,Yes,No,DSL,No,No,Yes,No internet service,Yes,No internet service,Month-to-month,No,Bank transfer (automatic),118.99,722.09,No,0-1yr,103.1557142857143,3,1,1
Female,0,Yes,Yes,40,No,No,No,Yes,No,No,No,Yes,No,Month-to-month,Yes,Mailed check,55.67,2217.53,No,2-4yr,54.08609756097562,2,0,0
Female,0,Yes,No,39,Yes,No phone service,DSL,Yes,Yes,No,Yes,Yes,Yes,Two year,Yes,Electronic check,55.35,2215.71,No,2-4yr,55.39275,6,0,0
Female,0,No,No,2,Yes,No,Fiber optic,Yes,Yes,Yes,No,Yes,Yes,Month-to-month,Yes,Credit card (automatic),102.43,171.6,No,0-1yr,57.199999999999996,6,1,1
Female,0,Yes,No,16,No,No,DSL,Yes,No,No,No internet service,Yes,No internet service,One year,No,Credit card (automatic),49.82,691.88,No,1-2yr,40.69882352941176,2,0,0
Female,0,No,Yes,65,Yes,Yes,Fiber optic,No,No internet service,No internet service,No,Yes,No,Month-to-month,Yes,Credit card (automatic),41.85,2657.87,Yes,4yr+,40.27075757575757,2,0,0
Male,0,Yes,No,51,No,No,DSL,No,No,No internet service,No,No internet service,Yes,Month-to-month,No,Electronic check,61.17,3191.42,No,4yr+,61.37346153846154,1,0,0
Male,1,Yes,No,21,No,Yes,No,Yes,No,Yes,No,Yes,No,Month-to-month,No,Credit card (automatic),89.47,1891.37,No,1-2yr,85.97136363636363,3,0,1
Female,0,Yes,No,3,Yes,No,No,Yes,Yes,Yes,No,Yes,No internet service,One year,No,Bank transfer (automatic),22.41,75.74,No,0-1yr,18.935,5,1,0
Female,0,No,No,5,Yes,No,Fiber optic,Yes,Yes,No,No internet service,No,Yes,One year,No,Electronic check,56.14,326.24,No,0-1yr,54.373333333333335,4,1,0
Male,0,Yes,Yes,37,Yes,Yes,DSL,No,Yes,No,No internet service,No internet service,Yes,Month-to-month,Yes,Bank transfer (automatic),53.32,1987.62,No,2-4yr,52.30578947368421,3,0,0
Female,0,No,No,25,Yes,Yes,Fiber optic,No,No,Yes,No,No,No internet service,Month-to-month,No,Electronic check,42.97,1060.49,Yes,2-4yr,40.78807692307692,2,0,0
Male,0,No,Yes,10,No,Yes,Fiber optic,No,No,No,No,No internet service,No,Month-to-month,No,Bank transfer (automatic),84.74,825.47,Yes,0-1yr,75.04272727272728,0,0,1
Male,1,No,No,16,Yes,Yes,DSL,Yes,No internet service,No,No,Yes,Yes,Month-to-month,Yes,Bank transfer (automatic),47.58,702.51,No,1-2yr,41.32411764705882,4,0,0
Male,0,Yes,No,30,Yes,Yes,Fiber optic,No,No,No internet service,No,Yes,Yes,One year,Yes,Bank transfer (automatic),79.89,2343.35,Yes,2-4yr,75.59193548387097,3,0,1
Male,0,Yes,Yes,34,Yes,Yes,No,Yes,No internet service,No internet service,No internet service,Yes,No internet service,Month-to-month,Yes,Electronic check,69.44,2369.7,No,2-4yr,67.70571428571428,3,0,1
Male,0,Yes,No,15,Yes,Yes,Fiber optic,Yes,Yes,Yes,No,No,Yes,Month-to-month,Yes,Bank transfer (automatic),40.15,594.46,Yes,1-2yr,37.15375,5,0,0
Female,0,Yes,No,17,Yes,Yes,No,No internet service,Yes,No internet service,No,Yes,No,Two year,Yes,Electronic check,45.19,792.63,Yes,1-2yr,44.035,3,0,0
Male,0,Yes,Yes,61,Yes,No phone service,No,No internet service,No internet service,No,Yes,No,No internet service,Month-to-month,No,Credit card (automatic),35.4,2155.11,No,4yr+,34.759838709677425,2,0,0
Female,0,No,No,26,Yes,Yes,No,No,No,No,No,Yes,Yes,Month-to-month,No,Bank transfer (automatic),23.78,565.08,No,2-4yr,20.928888888888892,3,0,0
Female,0,Yes,Yes,34,Yes,Yes,Fiber optic,No internet service,No internet service,No,No internet service,No,No internet service,Month-to-month,Yes,Electronic check,81.16,2771.72,Yes,2-4yr,79.192,1,0,1
Male,0,Yes,No,44,No,No,Fiber optic,No,Yes,No,No,Yes,No,Two year,No,Electronic check,86.62,3820.56,No,2-4yr,84.90133333333333,2,0,1
Male,0,Yes,No,34,Yes,No,No,Yes,No,Yes,Yes,No,No,One year,Yes,Bank transfer (automatic),34.93,1188.48,No,2-4yr,33.95657142857143,4,0,0
Female,1,No,No,27,Yes,No,Fiber optic,No internet service,No,No,Yes,No,Yes,Month-to-month,Yes,Mailed check,80.77,2188.65,Yes,2-4yr,78.16607142857143,3,0,1
Male,0,Yes,No,8,Yes,Yes,No,Yes,Yes,Yes,No,No,No,One year,No,Bank transfer (automatic),118.17,1043.64,No,0-1yr,115.96000000000001,4,0,1
Male,0,No,No,14,Yes,No,DSL,No,No,No,No internet service,Yes,Yes,Month-to-month,No,Electronic check,25.59,298.67,No,1-2yr,19.911333333333335,3,0,0
Female,0,Yes,No,20,Yes,No,Fiber optic,Yes,No,Yes,No internet service,No internet service,Yes,Two year,Yes,Bank transfer (automatic),68.02,1312.54,No,1-2yr,62.50190476190476,4,0,0
Female,0,No,Yes,51,No,No,DSL,No,Yes,Yes,No internet service,No,No internet service,Two year,Yes,Electronic check,92.77,4646.18,No,4yr+,89.34961538461539,2,0,1
Male,1,No,No,34,Yes,No,DSL,No,Yes,No,No,Yes,Yes,One year,Yes,Mailed check,22.69,776.09,No,2-4yr,22.174,4,0,0
Female,0,Yes,No,50,Yes,No,DSL,No,Yes,No,No,No internet service,No internet service,One year,Yes,Credit card (automatic),97.38,4772.2,No,4yr+,93.57254901960783,2,0,1
Male,0,Yes,Yes,54,Yes,No,Fiber optic,Yes,Yes,No,No,No,Yes,Month-to-month,No,Bank transfer (automatic),117.91,6378.35,Yes,4yr+,115.97000000000001,4,0,1
Male,1,Yes,No,43,Yes,No,DSL,No,No,Yes,No,No,No,One year,No,Electronic check,27.03,1159.48,No,2-4yr,26.35181818181818,2,0,0
Male,0,Yes,No,64,Yes,No,Fiber optic,No,Yes,No internet service,No,Yes,No internet service,One year,No,Credit card (automatic),101.87,6490.99,Yes,4yr+,99.86138461538461,3,0,1
Female,1,No,No,24,Yes,No,Fiber optic,No internet service,Yes,No,No,No,Yes,Month-to-month,Yes,Electronic check,56.62,1382.47,Yes,1-2yr,55.2988,3,0,0
Female,0,No,Yes,46,Yes,No,DSL,No internet service,No internet service,Yes,No,Yes,No internet service,One year,No,Bank transfer (automatic),32.7,1519.03,No,2-4yr,32.31978723404255,3,0,0
Female,0,No,Yes,55,Yes,Yes,DSL,No,No,No,Yes,No,No,Two year,Yes,Mailed check,68.31,3837.3,No,4yr+,68.52321428571429,2,0,0
Female,0,No,Yes,37,Yes,No phone service,Fiber optic,Yes,No,No,Yes,No,Yes,Month-to-month,No,Electronic check,25.29,966.38,Yes,2-4yr,25.431052631578947,4,0,0
Female,0,Yes,No,10,Yes,Yes,Fiber optic,No internet service,No,Yes,No internet service,No,No,Month-to-month,Yes,Electronic check,71.25,709.34,Yes,0-1yr,64.48545454545454,2,0,1
Male,1,Yes,Yes,66,Yes,No,No,Yes,No internet service,No,No internet service,Yes,Yes,One year,No,Electronic check,19.97,1203.95,No,4yr+,17.969402985074627,4,0,0
Male,0,No,No,14,Yes,No,No,Yes,Yes,No internet service,No,No internet service,Yes,Two year,No,Credit card (automatic),92.32,1338.96,No,1-2yr,89.264,4,0,1
Male,0,Yes,Yes,0,No,Yes,No,No,No,No,Yes,Yes,No,Two year,No,Credit card (automatic),67.77,46.88,No,0-1yr,46.88,2,1,0
Male,0,No,No,6,Yes,No,Fiber optic,No internet service,No,Yes,No internet service,No,Yes,One year,Yes,Mailed check,64.81,455.04,No,0-1yr,65.00571428571429,3,1,0
Female,0,Yes,No,0,Yes,Yes,No,Yes,Yes,No internet service,No,No,Yes,Two year,No,Electronic check,38.01,0.0,No,0-1yr,0.0,4,1,0
Male,0,Yes,No,48,No,Yes,No,Yes,No,No,No,No,No internet service,One year,No,Credit card (automatic),54.85,2643.05,No,2-4yr,53.93979591836735,1,0,0
Female,1,No,Yes,72,Yes,Yes,No,No,No internet service,No internet service,No,Yes,No internet service,Month-to-month,No,Mailed check,36.55,2664.53,No,4yr+,36.50041095890411,2,0,0
Male,0,Yes,No,28,Yes,Yes,DSL,Yes,No internet service,Yes,No,No,No,One year,Yes,Mailed check,93.01,2664.36,No,2-4yr,91.8744827586207,3,0,1
Female,0,No,Yes,25,Yes,Yes,No,No,Yes,No,No,Yes,No,Month-to-month,Yes,Mailed check,38.3,987.59,Yes,2-4yr,37.98423076923077,3,0,0
Female,0,No,No,44,Yes,No phone service,Fiber optic,No,Yes,No,No internet service,No,No,Month-to-month,Yes,Mailed check,80.91,3563.07,Yes,2-4yr,79.17933333333333,2,0,1
Male,0,No,No,70,Yes,No phone service,No,No,No internet service,Yes,Yes,Yes,No,Month-to-month,Yes,Mailed check,46.52,3205.48,No,4yr+,45.14760563380282,4,0,0
Male,0,No,Yes,11,Yes,Yes,DSL,Yes,No,No,Yes,No,No,Month-to-month,No,Bank transfer (automatic),85.01,929.26,No,0-1yr,77.43833333333333,3,0,1
Male,0,No,No,31,Yes,No,Fiber optic,Yes,Yes,No,Yes,No,No internet service,Month-to-month,No,Mailed check,73.13,2286.47,No,2-4yr,71.4521875,4,0,1
Male,1,No,No,19,Yes,Yes,DSL,No internet service,No,Yes,No,Yes,Yes,Month-to-month,Yes,Credit card (automatic),61.19,1201.75,No,1-2yr,60.0875,4,0,0
Female,0,Yes,Yes,50,No,Yes,DSL,No internet service,Yes,No,Yes,Yes,No,Month-to-month,No,Electronic check,86.65,4253.19,No,4yr+,83.39588235294117,3,0,1
Male,0,Yes,No,35,Yes,Yes,DSL,Yes,Yes,No,Yes,Yes,No internet service,Month-to-month,Yes,Bank transfer (automatic),60.4,2128.77,No,2-4yr,59.1325,5,0,0
Male,0,No,Yes,66,Yes,No phone service,No,Yes,No internet service,Yes,Yes,No,No,Month-to-month,Yes,Electronic check,101.78,6643.84,No,4yr+,99.16179104477612,4,0,1
Female,1,Yes,No,0,Yes,No phone service,DSL,Yes,Yes,No internet service,Yes,No,No internet service,One year,Yes,Bank transfer (automatic),92.42,13.29,Yes,0-1yr,13.29,4,1,1
Male,0,Yes,No,26,Yes,Yes,DSL,No,Yes,No internet service,No,No,Yes,Two year,No,Electronic check,73.15,1844.53,No,2-4yr,68.31592592592592,3,0,1
Male,0,Yes,Yes,39,Yes,Yes,DSL,No,Yes,Yes,Yes,No,Yes,Two year,No,Electronic check,107.46,4118.79,No,2-4yr,102.96975,5,0,1
Male,0,No,No,13,No,Yes,Fiber optic,No,No,No,No,Yes,No internet service,Month-to-month,Yes,Credit card (automatic),102.54,1423.54,Yes,1-2yr,101.68142857142857,1,0,1
Male,0,No,No,68,Yes,No,DSL,No,Yes,Yes,No,No internet service,No,One year,No,Electronic check,72.25,4843.89,No,4yr+,70.2013043478261,3,0,1
Male,0,Yes,No,5,Yes,No,DSL,No,No,No,Yes,Yes,No,Month-to-month,Yes,Bank transfer (automatic),24.98,93.07,No,0-1yr,15.511666666666665,3,1,0
Female,0,No,No,32,Yes,Yes,Fiber optic,No internet service,No,No internet service,No,Yes,Yes,Month-to-month,Yes,Credit card (automatic),75.73,2422.34,No,2-4yr,73.40424242424243,3,0,1
Male,0,No,No,54,Yes,No,Fiber optic,Yes,No internet service,No,No internet service,No,No,One year,Yes,Mailed check,54.24,2824.84,Yes,4yr+,51.360727272727274,2,0,0
Male,0,No,No,18,Yes,Yes,DSL,Yes,Yes,No internet service,No internet service,No internet service,No,One year,Yes,Electronic check,73.09,1354.89,No,1-2yr,71.31,3,0,1
Male,1,No,No,28,Yes,No phone service,DSL,Yes,No internet service,No,Yes,Yes,Yes,Two year,No,Electronic check,84.01,2317.24,No,2-4yr,79.90482758620689,5,0,1
Male,1,No,No,60,Yes,No,DSL,No internet service,Yes,No,No internet service,No,No,One year,No,Credit card (automatic),83.77,4975.19,No,4yr+,81.56049180327868,2,0,1
Male,0,Yes,No,69,Yes,No,No,No internet service,No,No internet service,No,No internet service,No,Month-to-month,Yes,Mailed check,86.7,6028.52,Yes,4yr+,86.12171428571429,1,0,1
Female,0,No,No,23,Yes,No,Fiber optic,No,No,No,Yes,No,Yes,Two year,Yes,Bank transfer (automatic),87.29,1940.88,No,1-2yr,80.87,3,0,1
Male,0,Yes,No,22,Yes,No,Fiber optic,Yes,Yes,No,No,Yes,No,One year,Yes,Bank transfer (automatic),29.15,663.68,No,1-2yr,28.85565217391304,4,0,0
Female,0,No,No,9,Yes,Yes,DSL,Yes,No,No,No,No internet service,No,Two year,Yes,Mailed check,37.55,339.13,No,0-1yr,33.913,2,0,0
Female,0,No,No,53,Yes,Yes,Fiber optic,No,Yes,Yes,No,No,Yes,One year,Yes,Bank transfer (automatic),82.32,4365.82,No,4yr+,80.84851851851852,4,0,1
Male,0,Yes,No,40,Yes,No phone service,DSL,No,Yes,Yes,No,No,No,Month-to-month,Yes,Electronic check,59.63,2382.38,No,2-4yr,58.106829268292685,3,0,0
Male,0,Yes,No,48,Yes,Yes,DSL,Yes,No,No internet service,No,No,Yes,Month-to-month,No,Mailed check,95.81,4605.31,Yes,2-4yr,93.98591836734694,3,0,1
Male,0,No,No,16,Yes,Yes,Fiber optic,Yes,No,No,Yes,No internet service,Yes,Month-to-month,Yes,Bank transfer (automatic),30.74,377.98,Yes,1-2yr,22.234117647058824,4,0,0
Male,0,Yes,No,55,Yes,No,Fiber optic,No,Yes,No internet service,No,No,No,Month-to-month,Yes,Electronic check,37.54,2020.99,Yes,4yr+,36.089107142857145,2,0,0
Female,0,No,Yes,44,Yes,No,DSL,No,Yes,Yes,No,Yes,No,Month-to-month,No,Electronic check,74.96,3252.58,Yes,2-4yr,72.27955555555556,4,0,1
Male,0,Yes,No,29,Yes,No,Fiber optic,No,Yes,No,No,No,No internet service,Month-to-month,Yes,Bank transfer (automatic),69.08,2058.7,Yes,2-4yr,68.62333333333332,2,0,0
Male,0,Yes,No,43,No,No phone service,No,Yes,No,No internet service,No internet service,Yes,Yes,Two year,Yes,Bank transfer (automatic),45.17,1950.24,No,2-4yr,44.32363636363636,3,0,0
Male,0,No,No,54,Yes,No,Fiber optic,No internet service,No,Yes,No,Yes,No,Two year,Yes,Mailed check,59.65,3221.67,No,4yr+,58.575818181818185,3,0,0
Male,0,No,Yes,18,Yes,Yes,Fiber optic,No,Yes,Yes,No internet service,No,Yes,One year,Yes,Credit card (automatic),21.57,481.04,No,1-2yr,25.317894736842106,4,0,0
Male,0,No,Yes,28,Yes,No,No,No internet service,Yes,No,No,Yes,No,Month-to-month,Yes,Mailed check,21.78,508.62,No,2-4yr,17.538620689655172,3,0,0
Male,0,Yes,No,1,Yes,No,No,No,No,No,No,No,No,Month-to-month,Yes,Credit card (automatic),27.68,98.4,No,0-1yr,49.2,1,1,0
Female,0,No,No,35,Yes,Yes,Fiber optic,No internet service,No internet service,Yes,No,No internet service,No,One year,No,Bank transfer (automatic),76.83,2689.64,No,2-4yr,74.71222222222222,2,0,1
Female,0,No,Yes,18,Yes,Yes,Fiber optic,No internet service,No,No internet service,No,No,Yes,Month-to-month,No,Electronic check,106.1,1872.04,Yes,1-2yr,98.52842105263157,2,0,1
Male,1,No,No,6,Yes,Yes,DSL,No,No internet service,No internet service,No,No internet service,No internet service,Two year,No,Mailed check,44.54,240.53,No,0-1yr,34.36142857142857,1,1,0
Male,1,No,No,25,No,No,Fiber optic,No internet service,Yes,No,No internet service,Yes,No,Two year,Yes,Bank transfer (automatic),21.46,511.59,No,2-4yr,19.67653846153846,2,0,0
Male,1,No,Yes,37,Yes,No,DSL,No,No internet service,No,No,No internet service,No internet service,Month-to-month,Yes,Credit card (automatic),90.28,3415.36,Yes,2-4yr,89.87789473684211,1,0,1
Female,0,Yes,No,2,Yes,No,DSL,No,No,No internet service,No,No internet service,Yes,One year,Yes,Electronic check,105.25,222.46,No,0-1yr,74.15333333333334,2,1,1
Male,0,Yes,No,65,Yes,No phone service,Fiber optic,Yes,No internet service,No,No,Yes,No,Month-to-month,Yes,Mailed check,32.09,2120.17,No,4yr+,32.12378787878788,3,0,0
Female,1,No,No,70,Yes,Yes,DSL,No,Yes,Yes,No internet service,Yes,No,One year,Yes,Electronic check,57.35,3977.39,No,4yr+,56.01957746478873,4,0,0
Male,0,Yes,No,42,Yes,No phone service,Fiber optic,No,No,Yes,No,Yes,No,Month-to-month,Yes,Electronic check,34.19,1441.54,Yes,2-4yr,33.52418604651163,3,0,0
Male,0,No,No,61,Yes,No,Fiber optic,No,No,Yes,No,No internet service,Yes,Month-to-month,Yes,Bank transfer (automatic),28.85,1805.31,Yes,4yr+,29.11790322580645,3,0,0
Male,0,Yes,No,70,Yes,Yes,Fiber optic,Yes,No,Yes,Yes,No internet service,No internet service,One year,Yes,Electronic check,84.11,5944.01,No,4yr+,83.71845070422536,4,0,1
Male,0,No,No,23,Yes,No phone service,DSL,No,No internet service,Yes,No,Yes,Yes,One year,Yes,Bank transfer (automatic),116.69,2616.88,Yes,1-2yr,109.03666666666668,4,0,1
Female,1,No,Yes,38,Yes,Yes,DSL,Yes,No,No,Yes,No,Yes,One year,Yes,Credit card (automatic),87.17,3352.89,No,2-4yr,85.97153846153846,4,0,1
Female,0,Yes,Yes,67,No,No,Fiber optic,No,No internet service,Yes,Yes,Yes,No,Month-to-month,Yes,Credit card (automatic),118.45,7928.86,No,4yr+,116.60088235294117,3,0,1
Male,0,Yes,No,43,Yes,No,No,Yes,No,Yes,No,No,No,One year,Yes,Electronic check,62.31,2697.6,No,2-4yr,61.309090909090905,3,0,0
Male,0,Yes,No,4,Yes,No,DSL,No internet service,No,No,No,No internet service,No,One year,Yes,Bank transfer (automatic),109.58,411.92,No,0-1yr,82.384,1,1,1
Female,0,No,Yes,54,Yes,No,DSL,Yes,Yes,Yes,No,Yes,No,Two year,Yes,Credit card (automatic),38.92,2177.97,No,4yr+,39.59945454545454,5,0,0
Female,0,No,No,29,Yes,Yes,No,No,No internet service,No internet service,No internet service,No internet service,No,Two year,Yes,Electronic check,30.03,883.88,No,2-4yr,29.462666666666667,1,0,0
Female,0,Yes,Yes,28,Yes,No,DSL,No internet service,No,Yes,Yes,No internet service,No,Two year,Yes,Mailed check,89.66,2481.08,No,2-4yr,85.5544827586207,3,0,1
Female,0,No,No,25,Yes,Yes,No,No,No,No internet service,No,No internet service,No,One year,Yes,Credit card (automatic),55.88,1372.55,No,2-4yr,52.79038461538461,1,0,0
Male,1,Yes,No,25,Yes,No,Fiber optic,Yes,No,No internet service,No,Yes,No internet service,One year,No,Electronic check,50.4,1302.97,Yes,2-4yr,50.11423076923077,3,0,0
Female,0,Yes,No,36,Yes,No,Fiber optic,No,No,No,Yes,Yes,No internet service,Month-to-month,Yes,Credit card (automatic),86.47,3149.0,No,2-4yr,85.10810810810811,3,0,1
Male,0,No,No,52,Yes,No phone service,DSL,Yes,No internet service,No,No,Yes,No,Month-to-month,Yes,Mailed check,52.02,2709.07,No,4yr+,51.11452830188679,3,0,0
Female,0,Yes,Yes,29,Yes,Yes,DSL,No internet service,Yes,No internet service,No,No,Yes,Two year,Yes,Electronic check,76.4,2196.26,No,2-4yr,73.20866666666667,3,0,1
Female,0,Yes,No,2,No,No,DSL,No,Yes,Yes,No,No,No internet service,Two year,Yes,Mailed check,48.54,144.84,No,0-1yr,48.28,2,1,0
Female,0,Yes,Yes,42,Yes,No phone service,No,Yes,Yes,No internet service,No internet service,Yes,Yes,One year,Yes,Electronic check,97.94,4087.17,No,2-4yr,95.05046511627907,5,0,1
Female,0,Yes,No,6,Yes,No,Fiber optic,No,No internet service,No,No,No internet service,Yes,Month-to-month,No,Electronic check,49.86,270.34,Yes,0-1yr,38.62,2,1,0
Female,0,Yes,Yes,48,Yes,Yes,Fiber optic,Yes,Yes,No,No internet service,Yes,Yes,Month-to-month,No,Mailed check,72.57,3609.66,Yes,2-4yr,73.6665306122449,5,0,1
Male,0,Yes,No,72,Yes,Yes,No,No internet service,Yes,No,No,Yes,Yes,Month-to-month,Yes,Mailed check,20.36,1484.86,No,4yr+,20.34054794520548,4,0,0
Male,1,No,No,40,Yes,Yes,DSL,No internet service,Yes,No,Yes,No,No internet service,Month-to-month,No,Mailed check,98.76,3946.29,No,2-4yr,96.2509756097561,3,0,1
Female,0,Yes,No,53,No,No,Fiber optic,No internet service,No,No,No,Yes,No,Month-to-month,Yes,Electronic check,81.27,4285.09,Yes,4yr+,79.35351851851853,1,0,1
Female,0,No,No,68,Yes,No,Fiber optic,No,No,No,Yes,Yes,No internet service,Two year,Yes,Credit card (automatic),37.61,2546.97,No,4yr+,36.91260869565217,3,0,0
Male,0,Yes,No,26,Yes,No phone service,No,No,Yes,No,No,Yes,Yes,Month-to-month,No,Mailed check,39.97,1101.61,No,2-4yr,40.800370370370366,4,0,0
Female,0,Yes,Yes,7,Yes,Yes,DSL,Yes,No internet service,Yes,No,No internet service,No,Month-to-month,Yes,Credit card (automatic),44.77,354.82,No,0-1yr,44.3525,3,0,0
Female,0,No,Yes,31,Yes,Yes,Fiber optic,No,No internet service,No,No,No internet service,No internet service,Month-to-month,Yes,Credit card (automatic),76.81,2348.66,No,2-4yr,73.395625,1,0,1
Male,1,No,No,63,Yes,No,No,No,Yes,No,Yes,No,No internet service,Two year,No,Electronic check,73.93,4641.09,No,4yr+,72.51703125,3,0,1
Female,1,Yes,Yes,9,Yes,No,Fiber optic,No,No,Yes,No,No,No,Two year,Yes,Electronic check,45.93,347.6,Yes,0-1yr,34.760000000000005,2,0,0
Female,0,No,Yes,12,Yes,No phone service,DSL,No internet service,No,Yes,Yes,No,Yes,Month-to-month,No,Credit card (automatic),88.79,1078.64,No,0-1yr,82.9723076923077,4,0,1
Male,1,No,No,62,Yes,No,Fiber optic,Yes,Yes,Yes,No,Yes,No,Two year,No,Bank transfer (automatic),108.68,6539.77,No,4yr+,103.80587301587302,5,0,1
Male,0,No,No,34,Yes,No,Fiber optic,Yes,Yes,No,No internet service,No,Yes,Month-to-month,No,Electronic check,22.44,685.91,No,2-4yr,19.59742857142857,4,0,0
Male,0,No,No,60,Yes,No,Fiber optic,Yes,No,No,No internet service,No,No,Month-to-month,Yes,Bank transfer (automatic),60.55,3637.62,No,4yr+,59.63311475409836,2,0,0
Female,0,Yes,No,53,Yes,No,No,Yes,No,Yes,Yes,No,No,One year,Yes,Electronic check,78.54,4031.39,No,4yr+,74.65537037037036,4,0,1
Male,1,Yes,No,7,Yes,No,Fiber optic,Yes,Yes,No internet service,No,No,No,Month-to-month,No,Electronic check,77.82,658.95,Yes,0-1yr,82.36875,3,0,1
Male,0,No,Yes,28,Yes,Yes,Fiber optic,No,No internet service,No,No,No,No,One year,No,Mailed check,19.99,515.39,No,2-4yr,17.772068965517242,1,0,0
Male,0,Yes,No,40,Yes,Yes,Fiber optic,No,No,No,No internet service,No,No,Two year,Yes,Electronic check,39.48,1603.39,No,2-4yr,39.10707317073171,1,0,0
Male,0,No,No,29,No,Yes,DSL,Yes,No,Yes,No,No internet service,Yes,One year,No,Credit card (automatic),24.31,768.38,No,2-4yr,25.612666666666666,3,0,0
Male,0,Yes,No,20,Yes,No,DSL,No,Yes,No,Yes,Yes,No,Month-to-month,Yes,Credit card (automatic),76.03,1534.03,Yes,1-2yr,73.04904761904761,4,0,1
Male,0,Yes,Yes,10,Yes,Yes,No,Yes,No,No,No,No internet service,No,Month-to-month,Yes,Bank transfer (automatic),83.83,838.04,No,0-1yr,76.18545454545455,2,0,1
Female,1,No,No,1,Yes,Yes,Fiber optic,No,Yes,No internet service,No,Yes,Yes,Month-to-month,Yes,Electronic check,34.29,5.9,Yes,0-1yr,2.95,4,1,0
Female,0,Yes,Yes,49,Yes,Yes,DSL,No,No,No,No,Yes,Yes,Month-to-month,Yes,Electronic check,51.97,2480.63,Yes,4yr+,49.6126,3,0,0
Male,0,No,Yes,40,Yes,No,DSL,No,No internet service,No,No internet service,No,Yes,Month-to-month,No,Mailed check,51.64,2041.82,No,2-4yr,49.800487804878045,2,0,0
Male,1,No,Yes,65,Yes,Yes,Fiber optic,No internet service,No,No internet service,Yes,Yes,No,Month-to-month,Yes,Mailed check,101.62,6610.45,No,4yr+,100.15833333333333,3,0,1
Male,0,No,No,2,Yes,No,Fiber optic,Yes,No,Yes,No internet service,No internet service,No internet service,One year,No,Electronic check,37.86,74.42,No,0-1yr,24.80666666666667,3,1,0
Female,1,No,No,50,Yes,Yes,No,No,No,Yes,Yes,No,Yes,One year,Yes,Bank transfer (automatic),73.93,3648.75,No,4yr+,71.54411764705883,4,0,1
Female,0,No,No,67,Yes,Yes,DSL,No internet service,No internet service,No,No internet service,No,No,Month-to-month,Yes,Mailed check,97.86,6609.79,No,4yr+,97.20279411764706,1,0,1
Female,0,No,No,24,Yes,No,No,No,No,Yes,No internet service,Yes,No,Month-to-month,No,Credit card (automatic),102.62,2391.35,No,1-2yr,95.654,3,0,1
Female,0,No,No,29,Yes,Yes,Fiber optic,Yes,Yes,Yes,No,Yes,Yes,Month-to-month,Yes,Credit card (automatic),85.99,2523.46,Yes,2-4yr,84.11533333333334,6,0,1
Female,1,Yes,Yes,10,Yes,Yes,Fiber optic,No,No,No,No,No,No internet service,Month-to-month,No,Mailed check,48.55,528.04,Yes,0-1yr,48.00363636363636,1,0,0
Female,0,Yes,Yes,16,Yes,Yes,Fiber optic,No,Yes,Yes,Yes,No,No,Month-to-month,Yes,Bank transfer (automatic),101.95,1643.1,Yes,1-2yr,96.65294117647058,4,0,1
Female,0,Yes,No,25,Yes,No,DSL,No internet service,No internet service,No,Yes,No,No internet service,Month-to-month,Yes,Electronic check,93.7,2425.69,Yes,2-4yr,93.29576923076924,2,0,1
Female,0,Yes,No,22,Yes,No,No,Yes,No,No internet service,Yes,No,Yes,One year,No,Electronic check,89.86,1997.2,No,1-2yr,86.83478260869565,4,0,1
Female,0,No,No,55,Yes,Yes,DSL,Yes,No,Yes,Yes,No internet service,Yes,Two year,No,Credit card (automatic),24.87,1436.79,No,4yr+,25.656964285714285,5,0,0
Male,0,No,Yes,51,Yes,Yes,DSL,No,Yes,Yes,No,No,Yes,Month-to-month,Yes,Bank transfer (automatic),22.41,1009.57,No,4yr+,19.414807692307694,4,0,0
Male,0,No,Yes,47,Yes,No phone service,No,Yes,No,Yes,Yes,No internet service,Yes,One year,No,Electronic check,88.93,4226.61,No,2-4yr,88.054375,5,0,1
Male,1,Yes,Yes,19,Yes,No,Fiber optic,Yes,No internet service,Yes,No internet service,Yes,No internet service,Month-to-month,No,Bank transfer (automatic),114.37,2202.31,Yes,1-2yr,110.1155,4,0,1
Male,0,No,No,1,Yes,Yes,No,Yes,Yes,Yes,No,Yes,Yes,Two year,Yes,Credit card (automatic),96.92,123.66,No,0-1yr,61.83,6,1,1
Female,0,Yes,No,30,No,No,Fiber optic,Yes,No,Yes,No,Yes,No,Month-to-month,No,Mailed check,102.81,3115.16,No,2-4yr,100.48903225806451,3,0,1
Female,0,No,No,26,Yes,No,Fiber optic,Yes,No internet service,No,No,Yes,Yes,Month-to-month,Yes,Electronic check,73.59,1889.28,Yes,2-4yr,69.97333333333333,4,0,1
Male,1,No,No,1,Yes,No,No,No internet service,No,Yes,No,No,No internet service,Month-to-month,Yes,Credit card (automatic),49.07,87.01,No,0-1yr,43.505,2,1,0
Female,0,Yes,No,3,Yes,No,DSL,Yes,No,No,Yes,No,No,Month-to-month,Yes,Mailed check,87.13,350.46,Yes,0-1yr,87.615,3,1,1
Male,0,Yes,No,12,Yes,No,No,Yes,No,No internet service,No,No,No,One year,Yes,Mailed check,90.62,993.55,No,0-1yr,76.42692307692307,2,0,1
Female,0,Yes,Yes,34,Yes,Yes,DSL,Yes,No,No internet service,No internet service,No,Yes,Two year,Yes,Electronic check,86.89,3013.76,Yes,2-4yr,86.10742857142857,3,0,1
Male,0,No,No,71,Yes,No phone service,No,No internet service,Yes,No,No,No internet service,No,Two year,Yes,Credit card (automatic),114.56,8127.32,No,4yr+,112.87944444444445,2,0,1
Female,0,No,No,65,No,No,DSL,No,Yes,Yes,Yes,No internet service,Yes,Month-to-month,Yes,Credit card (automatic),55.45,3571.27,No,4yr+,54.110151515151514,4,0,0
Female,0,No,Yes,5,Yes,Yes,Fiber optic,No internet service,No,No,No internet service,Yes,Yes,One year,No,Mailed check,22.05,49.72,Yes,0-1yr,8.286666666666667,3,1,0
Male,0,Yes,No,30,Yes,No phone service,No,Yes,No internet service,No,Yes,Yes,No,One year,Yes,Electronic check,110.66,3338.79,Yes,2-4yr,107.70290322580645,4,0,1
Female,0,Yes,No,9,Yes,No phone service,Fiber optic,No internet service,Yes,Yes,No,Yes,No internet service,Two year,No,Mailed check,34.37,388.46,No,0-1yr,38.846,4,0,0
Male,0,No,No,20,No,No phone service,Fiber optic,No,Yes,No internet service,No,Yes,No internet service,One year,Yes,Electronic check,89.13,1763.15,No,1-2yr,83.95952380952382,2,0,1
Male,0,No,No,22,Yes,No,No,Yes,No,Yes,No,No,No,One year,No,Electronic check,107.07,2388.87,No,1-2yr,103.86391304347826,3,0,1
Male,0,Yes,No,2,Yes,No phone service,Fiber optic,No,No internet service,Yes,No internet service,No,No,One year,Yes,Mailed check,49.63,98.74,No,0-1yr,32.913333333333334,2,1,0
Male,0,Yes,No,31,Yes,Yes,No,No internet service,Yes,No internet service,No,Yes,No internet service,One year,Yes,Electronic check,102.7,3101.53,No,2-4yr,96.9228125,3,0,1
Female,0,No,Yes,19,Yes,No,Fiber optic,No,No internet service,No internet service,No,No,No,Month-to-month,Yes,Credit card (automatic),51.87,976.56,Yes,1-2yr,48.827999999999996,1,0,0
Female,0,Yes,Yes,28,Yes,No,DSL,No internet service,Yes,Yes,Yes,No,No,Month-to-month,Yes,Electronic check,99.01,2739.05,Yes,2-4yr,94.45,4,0,1
Female,0,Yes,Yes,51,Yes,Yes,DSL,No internet service,No internet service,No,No internet service,Yes,No internet service,One year,Yes,Mailed check,25.12,1230.45,No,4yr+,23.6625,2,0,0
Male,0,Yes,Yes,45,Yes,Yes,DSL,Yes,No,No,No,No,Yes,Two year,No,Electronic check,84.83,3795.83,No,2-4yr,82.51804347826086,3,0,1
Female,0,No,No,33,Yes,No phone service,DSL,No,No,No,Yes,No internet service,Yes,Month-to-month,No,Bank transfer (automatic),87.07,2857.39,Yes,2-4yr,84.04088235294117,3,0,1
Male,0,No,No,60,Yes,Yes,Fiber optic,Yes,No,Yes,No,No,No,Two year,No,Electronic check,68.13,4138.13,No,4yr+,67.83819672131148,3,0,0
Female,0,No,Yes,71,Yes,No,DSL,No internet service,No internet service,No,No,Yes,Yes,Month-to-month,Yes,Mailed check,88.08,6254.86,No,4yr+,86.87305555555555,3,0,1
Female,0,No,No,70,Yes,Yes,DSL,Yes,Yes,No internet service,Yes,Yes,Yes,Month-to-month,Yes,Bank transfer (automatic),112.16,7780.96,Yes,4yr+,109.59098591549296,6,0,1
Female,0,No,Yes,69,No,Yes,DSL,No internet service,Yes,Yes,No internet service,Yes,No,Month-to-month,No,Credit card (automatic),92.85,6466.98,No,4yr+,92.38542857142856,3,0,1
Male,0,Yes,No,10,Yes,No,No,No,No,No internet service,No,Yes,No,Two year,Yes,Bank transfer (automatic),116.05,1179.76,No,0-1yr,107.25090909090909,2,0,1
Female,0,No,Yes,62,Yes,Yes,Fiber optic,No,No internet service,No internet service,Yes,No internet service,No internet service,Month-to-month,No,Electronic check,63.76,3967.17,Yes,4yr+,62.97095238095238,2,0,0
Female,1,Yes,No,20,Yes,No,Fiber optic,Yes,No,Yes,No,Yes,Yes,Month-to-month,Yes,Electronic check,71.89,1481.48,No,1-2yr,70.54666666666667,5,0,1
Male,0,No,Yes,2,Yes,No,No,No,No,No,No internet service,Yes,Yes,Month-to-month,No,Bank transfer (automatic),44.9,88.72,Yes,0-1yr,29.573333333333334,3,1,0
Female,1,Yes,No,9,Yes,Yes,DSL,No internet service,No,Yes,Yes,Yes,Yes,Month-to-month,No,Electronic check,118.53,1039.95,Yes,0-1yr,103.995,5,0,1
Male,0,Yes,No,26,Yes,Yes,No,Yes,Yes,No,No,No internet service,No,Two year,No,Mailed check,23.62,631.45,No,2-4yr,23.38703703703704,3,0,0
Female,0,Yes,No,11,Yes,Yes,Fiber optic,No,No internet service,No internet service,No,Yes,No,Month-to-month,Yes,Credit card (automatic),54.58,631.53,No,0-1yr,52.6275,2,0,0
Male,0,Yes,Yes,6,Yes,Yes,DSL,Yes,No internet service,Yes,Yes,Yes,No,Two year,Yes,Credit card (automatic),48.37,309.29,No,0-1yr,44.184285714285714,5,1,0
Male,0,Yes,Yes,16,Yes,No,Fiber optic,No,No,No,No,No,Yes,Two year,No,Credit card (automatic),57.42,959.27,No,1-2yr,56.42764705882353,2,0,0
Female,0,Yes,Yes,64,Yes,Yes,Fiber optic,Yes,No,No internet service,Yes,No,No,Month-to-month,No,Credit card (automatic),111.61,7148.06,Yes,4yr+,109.97015384615385,3,0,1
Male,0,No,No,63,Yes,Yes,Fiber optic,Yes,No internet service,No,No,Yes,No,One year,Yes,Bank transfer (automatic),55.54,3449.24,No,4yr+,53.894375,3,0,0
Male,0,Yes,Yes,25,Yes,No,No,No internet service,No internet service,Yes,No internet service,Yes,Yes,Month-to-month,Yes,Bank transfer (automatic),111.53,2756.79,No,2-4yr,106.03038461538462,4,0,1
Male,1,No,No,14,No,Yes,DSL,No,No,Yes,Yes,No internet service,No,Month-to-month,No,Mailed check,61.18,925.15,No,1-2yr,61.67666666666666,2,0,0
Male,0,No,No,32,Yes,Yes,DSL,Yes,No,No,No internet service,No internet service,No,One year,Yes,Credit card (automatic),105.19,3367.72,No,2-4yr,102.05212121212121,2,0,1
Male,0,No,No,61,Yes,Yes,DSL,No,No,No internet service,No,Yes,No internet service,One year,No,Electronic check,71.22,4288.04,Yes,4yr+,69.16193548387096,2,0,1
Male,0,No,No,46,Yes,No,DSL,Yes,No,No internet service,No,Yes,No internet service,Month-to-month,No,Bank transfer (automatic),49.76,2227.87,No,2-4yr,47.401489361702126,3,0,0
Female,0,No,Yes,34,Yes,No phone service,DSL,Yes,No,No,No,Yes,No,Month-to-month,No,Electronic check,63.83,2103.27,Yes,2-4yr,60.09342857142857,3,0,0
Male,0,Yes,Yes,64,Yes,No,No,No,Yes,No,Yes,No,No internet service,Two year,Yes,Electronic check,61.29,3963.75,No,4yr+,60.98076923076923,3,0,0
Male,0,Yes,No,71,Yes,Yes,DSL,Yes,No,Yes,No internet service,No,No,One year,Yes,Mailed check,44.51,3175.7,No,4yr+,44.106944444444444,3,0,0
Female,0,Yes,No,24,Yes,Yes,Fiber optic,No,No,Yes,No,No internet service,No internet service,Month-to-month,Yes,Mailed check,47.54,1233.2,No,1-2yr,49.328,2,0,0
Female,0,No,Yes,56,Yes,No,Fiber optic,No,No,No,No,No,Yes,Month-to-month,No,Bank transfer (automatic),37.02,2101.93,Yes,4yr+,36.8759649122807,2,0,0
Female,0,No,Yes,31,Yes,No,No,No,Yes,No,No,No internet service,No,Month-to-month,Yes,Mailed check,52.27,1652.18,Yes,2-4yr,51.630625,2,0,0
Female,0,Yes,No,62,Yes,No phone service,No,No internet service,No,No,No,No internet service,No,Month-to-month,Yes,Mailed check,81.69,5164.27,Yes,4yr+,81.97253968253969,1,0,1
Female,0,Yes,Yes,11,Yes,Yes,Fiber optic,Yes,No,No internet service,No internet service,No internet service,No,Month-to-month,Yes,Electronic check,57.43,583.29,No,0-1yr,48.607499999999995,2,0,0
Female,1,No,No,62,Yes,Yes,No,No,Yes,No,No,No,Yes,Month-to-month,Yes,Mailed check,90.66,5545.91,Yes,4yr+,88.03031746031746,3,0,1
Female,1,Yes,No,0,Yes,No,No,No,No,No,No internet service,Yes,Yes,Month-to-month,No,Credit card (automatic),118.67,27.64,Yes,0-1yr,27.64,3,1,1
Male,0,No,Yes,50,Yes,No,No,Yes,No internet service,Yes,No,No,Yes,One year,No,Electronic check,56.46,2810.8,Yes,4yr+,55.11372549019608,4,0,0
Male,0,No,Yes,69,Yes,No,Fiber optic,No internet service,No,No internet service,Yes,No,Yes,Month-to-month,No,Mailed check,65.19,4512.99,No,4yr+,64.47128571428571,3,0,0
Female,0,No,Yes,7,Yes,No,DSL,No,Yes,No,No internet service,No,Yes,One year,Yes,Mailed check,34.74,304.42,No,0-1yr,38.0525,3,0,0
Male,0,No,No,67,Yes,No phone service,Fiber optic,No,No internet service,No internet service,No,Yes,No,Month-to-month,No,Credit card (automatic),58.01,3924.75,Yes,4yr+,57.716911764705884,2,0,0
Male,1,No,No,4,Yes,No,Fiber optic,No,Yes,No,No,No,No internet service,Month-to-month,Yes,Bank transfer (automatic),92.14,444.39,Yes,0-1yr,88.878,2,1,1
Male,0,No,No,38,Yes,No phone service,Fiber optic,Yes,No internet service,No,No internet service,No,No,Month-to-month,No,Electronic check,40.18,1481.44,No,2-4yr,37.98564102564103,2,0,0
Female,0,No,No,22,Yes,No phone service,DSL,No,Yes,No,Yes,No,No internet service,One year,Yes,Credit card (automatic),36.57,849.41,No,1-2yr,36.93086956521739,3,0,0
Female,0,No,No,67,Yes,No,Fiber optic,No internet service,Yes,Yes,No,Yes,No internet service,Month-to-month,Yes,Credit card (automatic),56.39,3739.5,Yes,4yr+,54.99264705882353,4,0,0
Male,0,Yes,Yes,51,Yes,Yes,No,No,No,No,Yes,No,No,Month-to-month,Yes,Bank transfer (automatic),101.5,5259.95,No,4yr+,101.15288461538461,2,0,1
Female,0,Yes,Yes,3,Yes,Yes,DSL,Yes,No,No internet service,No,Yes,Yes,Month-to-month,Yes,Mailed check,81.61,267.24,No,0-1yr,66.81,4,1,1
Male,1,Yes,No,46,Yes,No,Fiber optic,No,No,Yes,No internet service,No internet service,Yes,Month-to-month,No,Bank transfer (automatic),115.67,5346.16,Yes,2-4yr,113.74808510638297,3,0,1
Male,0,Yes,Yes,20,Yes,No,Fiber optic,No,No internet service,Yes,No internet service,No,No internet service,Month-to-month,Yes,Mailed check,110.26,2176.1,Yes,1-2yr,103.62380952380951,2,0,1
Male,0,No,Yes,55,Yes,No,No,No,No internet service,No,No,Yes,Yes,One year,Yes,Bank transfer (automatic),33.42,1811.53,Yes,4yr+,32.34875,3,0,0
Male,1,No,No,65,Yes,Yes,No,No,No,Yes,No internet service,Yes,No,Month-to-month,No,Credit card (automatic),22.34,1472.36,No,4yr+,22.30848484848485,3,0,0
Female,0,Yes,No,58,Yes,Yes,Fiber optic,No,No,No,No internet service,No,Yes,One year,Yes,Credit card (automatic),58.71,3492.59,No,4yr+,59.1964406779661,2,0,0
Female,0,Yes,No,6,Yes,No,Fiber optic,No,Yes,No,No,Yes,No internet service,Two year,Yes,Mailed check,71.25,506.62,No,0-1yr,72.37428571428572,3,1,1
Female,0,No,No,48,Yes,Yes,DSL,No internet service,Yes,Yes,Yes,No internet service,No,Month-to-month,Yes,Credit card (automatic),70.59,3406.24,Yes,2-4yr,69.51510204081632,4,0,1
Male,0,Yes,Yes,15,No,Yes,Fiber optic,Yes,No,No internet service,No,No,No internet service,One year,No,Electronic check,31.68,454.13,Yes,1-2yr,28.383125,1,0,0
Female,1,Yes,No,16,No,Yes,Fiber optic,No internet service,Yes,No,No internet service,Yes,Yes,One year,Yes,Electronic check,30.73,520.33,No,1-2yr,30.60764705882353,3,0,0
Male,0,No,Yes,33,Yes,No,No,No,No,No internet service,No internet service,No,Yes,Two year,No,Mailed check,22.78,814.46,No,2-4yr,23.954705882352943,2,0,0
Female,1,No,No,32,Yes,Yes,No,No,No,No,No,Yes,No,Month-to-month,Yes,Bank transfer (automatic),104.79,3363.87,Yes,2-4yr,101.93545454545455,2,0,1
Male,0,Yes,No,25,Yes,No,DSL,No internet service,Yes,No internet service,No internet service,No internet service,No internet service,Two year,Yes,Electronic check,114.67,2847.39,Yes,2-4yr,109.515,2,0,1
Male,1,Yes,Yes,65,Yes,No,Fiber optic,No,No,Yes,Yes,Yes,No,Two year,Yes,Mailed check,29.8,1970.96,No,4yr+,29.863030303030303,4,0,0
Male,0,Yes,No,62,Yes,No phone service,DSL,No internet service,Yes,Yes,Yes,No internet service,No internet service,Month-to-month,No,Electronic check,39.74,2451.9,Yes,4yr+,38.91904761904762,4,0,0
Female,0,No,Yes,40,No,No,DSL,Yes,No,Yes,No internet service,No,No internet service,Month-to-month,Yes,Bank transfer (automatic),27.17,1069.04,No,2-4yr,26.074146341463415,2,0,0
Female,0,No,No,57,Yes,Yes,DSL,Yes,No internet service,No,Yes,No internet service,No internet service,Two year,No,Credit card (automatic),107.51,6125.26,No,4yr+,105.60793103448276,3,0,1
Female,1,Yes,No,9,Yes,Yes,DSL,No,No,No internet service,Yes,Yes,No,One year,Yes,Bank transfer (automatic),115.79,1075.44,Yes,0-1yr,107.54400000000001,3,0,1
Female,0,No,No,14,Yes,Yes,No,No internet service,Yes,No,No,Yes,No,Month-to-month,Yes,Mailed check,44.7,614.67,Yes,1-2yr,40.977999999999994,3,0,0
Male,0,No,No,41,Yes,No,DSL,No internet service,No,No internet service,No,No,Yes,Two year,No,Credit card (automatic),48.97,2005.91,No,2-4yr,47.75976190476191,2,0,0
Female,0,Yes,Yes,56,No,Yes,DSL,No,Yes,Yes,No,No,No internet service,Month-to-month,No,Bank transfer (automatic),54.99,3086.61,No,4yr+,54.15105263157895,2,0,0
Female,0,No,No,16,Yes,Yes,No,No,No,Yes,No,Yes,No internet service,Month-to-month,Yes,Credit card (automatic),69.25,1088.91,Yes,1-2yr,64.05352941176471,3,0,1
Male,1,No,No,59,Yes,No,Fiber optic,No,No,No internet service,No internet service,Yes,No,Month-to-month,No,Bank transfer (automatic),87.61,5246.47,Yes,4yr+,87.44116666666667,2,0,1
Male,0,Yes,Yes,8,Yes,Yes,DSL,No internet service,No,No,No internet service,Yes,Yes,One year,No,Credit card (automatic),69.45,647.75,No,0-1yr,71.97222222222223,3,0,1
Male,0,Yes,No,35,Yes,Yes,DSL,No,No internet service,No internet service,No,No,Yes,Two year,Yes,Credit card (automatic),115.0,4009.86,Yes,2-4yr,111.385,2,0,1
Female,0,No,No,72,Yes,No,DSL,No,No,Yes,No,Yes,No internet service,Month-to-month,Yes,Mailed check,28.19,1989.8,Yes,4yr+,27.257534246575343,3,0,0
Male,0,No,Yes,35,Yes,No phone service,DSL,No,Yes,No internet service,No,Yes,Yes,Two year,Yes,Mailed check,99.46,3457.9,Yes,2-4yr,96.05277777777778,4,0,1
Male,0,No,No,47,Yes,Yes,DSL,No,Yes,No,No,Yes,No internet service,Month-to-month,Yes,Bank transfer (automatic),52.12,2471.93,Yes,2-4yr,51.49854166666666,3,0,0
Male,0,No,Yes,50,Yes,Yes,Fiber optic,No,No internet service,No,No,No,Yes,One year,No,Bank transfer (automatic),56.51,2821.2,No,4yr+,55.317647058823525,2,0,0
Female,0,No,No,69,Yes,No phone service,DSL,No internet service,Yes,Yes,No,Yes,No,Month-to-month,Yes,Bank transfer (automatic),90.3,6166.76,No,4yr+,88.09657142857144,4,0,1
Male,0,Yes,Yes,67,Yes,Yes,Fiber optic,No,No,No,No,No internet service,No internet service,Month-to-month,Yes,Mailed check,112.8,7549.81,Yes,4yr+,111.02661764705883,1,0,1
Female,0,No,No,21,Yes,No phone service,No,No internet service,No,No internet service,Yes,Yes,Yes,Two year,Yes,Mailed check,91.05,1932.4,No,1-2yr,87.83636363636364,4,0,1
Female,0,Yes,No,5,Yes,Yes,Fiber optic,Yes,No,No internet service,No,No internet service,Yes,Month-to-month,No,Mailed check,97.14,534.93,No,0-1yr,89.15499999999999,3,1,1
Male,0,Yes,No,25,Yes,No,No,No,No,Yes,No,No,No internet service,Two year,No,Credit card (automatic),94.58,2452.35,No,2-4yr,94.32115384615385,2,0,1
Male,0,No,No,2,No,Yes,Fiber optic,No,No,Yes,No,Yes,No,Month-to-month,Yes,Bank transfer (automatic),50.74,79.08,Yes,0-1yr,26.36,2,1,0
Female,0,No,No,51,Yes,No phone service,Fiber optic,No,No,No,No,Yes,No,Month-to-month,Yes,Electronic check,95.21,4824.54,Yes,4yr+,92.77961538461538,2,0,1
Male,1,Yes,No,59,Yes,Yes,Fiber optic,No internet service,No internet service,Yes,No,No,No,Month-to-month,Yes,Electronic check,98.02,5770.65,Yes,4yr+,96.1775,2,0,1
Male,1,No,Yes,62,Yes,No,DSL,Yes,No,No,No,No,Yes,One year,No,Electronic check,72.41,4442.14,No,4yr+,70.51015873015874,3,0,1
Female,0,Yes,No,64,Yes,Yes,DSL,Yes,No,Yes,Yes,No,Yes,Month-to-month,Yes,Electronic check,72.75,4620.99,Yes,4yr+,71.09215384615385,5,0,1
Female,0,Yes,No,51,Yes,Yes,Fiber optic,No,No,No,No,Yes,No,One year,No,Electronic check,95.49,4835.28,No,4yr+,92.98615384615384,2,0,1
Male,1,Yes,No,13,Yes,No,Fiber optic,Yes,No,No,No internet service,No internet service,Yes,One year,Yes,Credit card (automatic),101.34,1333.77,Yes,1-2yr,95.26928571428572,3,0,1
Female,0,No,No,71,Yes,No,No,No internet service,No internet service,No,No,No internet service,No,Month-to-month,Yes,Credit card (automatic),52.39,3678.05,No,4yr+,51.08402777777778,1,0,0
Male,0,No,No,67,Yes,No phone service,No,Yes,Yes,No,No,No,No internet service,Month-to-month,No,Mailed check,99.76,6725.15,Yes,4yr+,98.89926470588235,3,0,1
Male,0,Yes,No,27,Yes,No,Fiber optic,No,No,No internet service,No,No,Yes,Month-to-month,No,Mailed check,101.05,2785.81,Yes,2-4yr,99.49321428571429,2,0,1
Male,0,No,No,70,Yes,No,Fiber optic,Yes,No internet service,Yes,No internet service,No,No,Two year,Yes,Bank transfer (automatic),41.88,2875.31,No,4yr+,40.49732394366197,3,0,0
Female,0,Yes,Yes,9,Yes,No,Fiber optic,No,No,No,No,Yes,Yes,Month-to-month,No,Credit card (automatic),91.13,754.92,Yes,0-1yr,75.49199999999999,3,0,1
Male,0,No,No,56,Yes,No phone service,No,No,Yes,Yes,No internet service,Yes,Yes,Month-to-month,Yes,Credit card (automatic),37.03,2046.88,No,4yr+,35.9101754385965,5,0,0
Male,1,Yes,No,65,Yes,No phone service,No,Yes,No,No,No internet service,No,No,Month-to-month,Yes,Electronic check,27.49,1766.78,No,4yr+,26.76939393939394,2,0,0
Male,1,Yes,No,49,Yes,Yes,No,No,No internet service,Yes,No,No internet service,No internet service,One year,No,Electronic check,76.6,3816.7,No,4yr+,76.334,2,0,1
Female,0,No,No,13,No,No,DSL,No,No internet service,Yes,No,Yes,Yes,One year,No,Electronic check,110.68,1436.32,Yes,1-2yr,102.5942857142857,3,0,1
Female,0,Yes,Yes,15,Yes,No,Fiber optic,No internet service,No,Yes,Yes,No,No,Two year,No,Bank transfer (automatic),21.62,345.29,No,1-2yr,21.580625,3,0,0
Female,0,Yes,No,53,Yes,Yes,DSL,Yes,Yes,No,No,No internet service,No,Two year,Yes,Bank transfer (automatic),102.3,5442.79,Yes,4yr+,100.79240740740741,3,0,1
Female,0,No,No,42,Yes,No,DSL,No,No internet service,No internet service,No,Yes,Yes,Month-to-month,No,Electronic check,69.66,2881.69,Yes,2-4yr,67.0160465116279,3,0,1
Female,0,No,Yes,41,Yes,Yes,No,No internet service,No,No,No internet service,Yes,No,Month-to-month,Yes,Credit card (automatic),105.81,4325.68,Yes,2-4yr,102.99238095238096,2,0,1
Male,0,Yes,No,21,Yes,No,DSL,No internet service,No internet service,No internet service,No,No,No internet service,One year,Yes,Mailed check,104.03,2183.99,No,1-2yr,99.27227272727272,1,0,1
Female,1,Yes,Yes,67,Yes,Yes,No,No internet service,Yes,No,No internet service,Yes,No,Two year,No,Credit card (automatic),107.28,7206.64,No,4yr+,105.98,3,0,1
Female,0,Yes,No,18,Yes,Yes,DSL,No internet service,Yes,Yes,Yes,Yes,Yes,Month-to-month,Yes,Electronic check,96.43,1664.03,No,1-2yr,87.58052631578947,6,0,1
Female,0,No,Yes,65,Yes,Yes,No,No,No,Yes,No,Yes,No,Month-to-month,No,Electronic check,103.99,6729.62,Yes,4yr+,101.9639393939394,3,0,1
Male,1,Yes,No,38,Yes,No,DSL,No,Yes,Yes,No,No,No,Two year,Yes,Electronic check,35.95,1366.68,No,2-4yr,35.043076923076924,3,0,0
Female,0,No,No,72,No,No,Fiber optic,Yes,No,Yes,No,No internet service,Yes,Month-to-month,Yes,Electronic check,48.99,3505.3,No,4yr+,48.017808219178086,3,0,0
Female,0,No,No,18,Yes,No phone service,DSL,No,No internet service,No,No internet service,No,Yes,Month-to-month,No,Bank transfer (automatic),42.73,699.03,Yes,1-2yr,36.79105263157894,2,0,0
Male,0,Yes,No,15,Yes,No,Fiber optic,No internet service,No,No,No,No,Yes,Two year,No,Electronic check,93.73,1369.83,No,1-2yr,85.614375,2,0,1
Female,0,Yes,No,53,Yes,Yes,Fiber optic,No,No internet service,No,Yes,No,Yes,Two year,Yes,Bank transfer (automatic),33.67,1714.89,No,4yr+,31.757222222222225,3,0,0
Male,0,Yes,Yes,24,No,No,Fiber optic,No,No,Yes,No,No internet service,Yes,Month-to-month,Yes,Electronic check,36.59,947.21,Yes,1-2yr,37.888400000000004,2,0,0
Male,0,Yes,Yes,17,Yes,No,DSL,No,No,Yes,No,Yes,No,Month-to-month,No,Electronic check,107.65,1814.07,No,1-2yr,100.78166666666667,3,0,1
Male,0,No,No,22,Yes,No,DSL,Yes,No internet service,Yes,No internet service,Yes,Yes,Month-to-month,Yes,Credit card (automatic),90.0,1976.72,No,1-2yr,85.94434782608695,5,0,1
Male,1,Yes,Yes,10,Yes,Yes,DSL,No internet service,No,Yes,No internet service,No internet service,No internet service,Two year,Yes,Credit card (automatic),107.29,1023.95,No,0-1yr,93.08636363636364,2,0,1
Male,0,Yes,No,38,Yes,No,Fiber optic,No,No,No internet service,Yes,No internet service,No,Two year,No,Mailed check,32.21,1235.52,No,2-4yr,31.68,2,0,0
Female,0,No,No,67,No,Yes,No,Yes,No,Yes,No,Yes,No internet service,One year,Yes,Credit card (automatic),58.7,3967.65,No,4yr+,58.34779411764706,3,0,0
Male,0,Yes,No,24,Yes,No,No,No internet service,No,No,No,Yes,No,Month-to-month,No,Bank transfer (automatic),46.88,1079.31,No,1-2yr,43.172399999999996,2,0,0
Male,0,No,No,62,Yes,No,DSL,No,Yes,No,No internet service,No,Yes,Month-to-month,No,Mailed check,18.99,1132.69,No,4yr+,17.97920634920635,3,0,0
Female,0,Yes,Yes,29,Yes,No,Fiber optic,No,No internet service,Yes,No internet service,Yes,No,One year,No,Credit card (automatic),47.02,1338.8,No,2-4yr,44.626666666666665,3,0,0
Male,0,No,No,44,Yes,No,Fiber optic,No,No internet service,No internet service,No,No,No internet service,Month-to-month,Yes,Electronic check,56.72,2425.68,Yes,2-4yr,53.903999999999996,1,0,0
Female,0,No,No,60,Yes,Yes,DSL,No,No,No,No,Yes,Yes,One year,No,Electronic check,27.41,2045.46,No,4yr+,33.53213114754099,3,0,0
Female,0,No,No,50,Yes,No,Fiber optic,No internet service,No,Yes,Yes,Yes,Yes,One year,Yes,Bank transfer (automatic),75.78,3826.95,No,4yr+,75.03823529411764,5,0,1
Female,0,No,No,8,Yes,No,Fiber optic,No,No,No internet service,No,No,Yes,Month-to-month,Yes,Mailed check,57.08,385.01,Yes,0-1yr,42.778888888888886,2,0,0
Male,0,Yes,Yes,1,Yes,Yes,DSL,No,No,Yes,No,No internet service,No,Two year,Yes,Electronic check,22.74,66.79,No,0-1yr,33.395,2,1,0
Male,0,Yes,No,4,No,No,DSL,Yes,No,Yes,No,No,Yes,Month-to-month,Yes,Electronic check,89.81,403.33,Yes,0-1yr,80.666,3,1,1
Male,1,No,No,61,Yes,Yes,DSL,No internet service,No internet service,No,No,Yes,Yes,One year,Yes,Bank transfer (automatic),92.39,5493.75,Yes,4yr+,88.60887096774194,3,0,1
Female,0,No,No,68,Yes,No,Fiber optic,Yes,No,No,No,No internet service,Yes,Month-to-month,Yes,Bank transfer (automatic),103.12,6956.97,Yes,4yr+,100.82565217391304,3,0,1
Male,0,Yes,Yes,51,Yes,No,DSL,No internet service,Yes,Yes,No,No,No,One year,Yes,Mailed check,67.53,3413.7,No,4yr+,65.64807692307691,3,0,0
Male,0,Yes,No,4,Yes,No,DSL,No,No internet service,Yes,No,Yes,No,One year,Yes,Credit card (automatic),116.8,495.62,No,0-1yr,99.124,3,1,1
Male,0,Yes,No,58,Yes,Yes,DSL,No,No,No internet service,Yes,No,No,Month-to-month,No,Mailed check,111.23,6473.24,No,4yr+,109.71593220338983,2,0,1
Female,0,Yes,Yes,67,Yes,Yes,DSL,No internet service,No internet service,Yes,Yes,Yes,No,Month-to-month,Yes,Bank transfer (automatic),74.24,2045.46,No,4yr+,30.08029411764706,4,0,1
Female,0,Yes,No,8,Yes,No phone service,DSL,Yes,Yes,Yes,Yes,No,No,Month-to-month,No,Credit card (automatic),63.39,588.35,Yes,0-1yr,65.37222222222222,5,0,0
Male,0,No,No,21,Yes,No,No,No,Yes,No,No internet service,No,Yes,Month-to-month,Yes,Credit card (automatic),18.31,349.51,Yes,1-2yr,15.886818181818182,3,0,0
Male,0,Yes,No,26,No,Yes,DSL,No,No internet service,No internet service,Yes,Yes,No,One year,No,Mailed check,90.52,2311.76,No,2-4yr,85.62074074074074,2,0,1
Male,0,Yes,No,9,Yes,Yes,Fiber optic,No,Yes,Yes,No internet service,Yes,Yes,Month-to-month,Yes,Bank transfer (automatic),75.63,622.63,Yes,0-1yr,62.263,5,0,1
Male,0,No,Yes,60,Yes,Yes,Fiber optic,No,No internet service,No,Yes,Yes,No,Month-to-month,No,Mailed check,113.63,6808.87,Yes,4yr+,111.62081967213115,3,0,1
Female,0,No,No,50,No,No,Fiber optic,No,No internet service,No,No,No,No,Month-to-month,Yes,Bank transfer (automatic),78.61,3975.71,Yes,4yr+,77.95509803921568,0,0,1
Female,1,No,No,9,Yes,No,Fiber optic,No,No,No,No internet service,Yes,Yes,One year,No,Electronic check,119.27,1028.37,Yes,0-1yr,102.83699999999999,3,0,1
Female,0,No,No,5,Yes,No,DSL,No internet service,Yes,No,No,Yes,Yes,One year,Yes,Mailed check,105.09,535.87,No,0-1yr,89.31166666666667,4,1,1
Female,0,Yes,No,61,Yes,No,No,No,No,No internet service,Yes,No internet service,Yes,Month-to-month,No,Electronic check,115.27,7041.64,Yes,4yr+,113.57483870967742,3,0,1
Male,0,No,No,4,Yes,No,Fiber optic,No,No internet service,Yes,Yes,No,Yes,One year,No,Electronic check,51.42,204.11,No,0-1yr,40.822,4,1,0
Male,0,No,Yes,69,Yes,No,No,No internet service,No,Yes,No internet service,Yes,Yes,Two year,Yes,Bank transfer (automatic),33.23,2308.98,No,4yr+,32.98542857142857,4,0,0
Male,0,Yes,No,62,Yes,Yes,Fiber optic,No,No,No internet service,No,No,No internet service,Month-to-month,Yes,Credit card (automatic),99.28,6200.66,Yes,4yr+,98.4231746031746,1,0,1
Female,0,No,No,55,Yes,No,No,Yes,No,No,No,Yes,Yes,One year,No,Electronic check,98.19,5414.1,No,4yr+,96.68035714285715,4,0,1
Male,0,No,No,58,Yes,No phone service,Fiber optic,No,Yes,No,No,No,No,Month-to-month,Yes,Electronic check,39.57,2347.4,Yes,4yr+,39.786440677966105,2,0,0
Female,0,Yes,No,62,Yes,No,No,Yes,No internet service,No,No,No,No,Month-to-month,Yes,Mailed check,96.0,5897.0,Yes,4yr+,93.60317460317461,2,0,1
Female,0,Yes,No,58,Yes,No,Fiber optic,Yes,No internet service,No,Yes,No,No,Month-to-month,No,Bank transfer (automatic),77.36,4464.77,No,4yr+,75.67406779661017,3,0,1
Male,0,Yes,No,50,Yes,No,Fiber optic,Yes,No internet service,No,No,No,No internet service,Month-to-month,Yes,Electronic check,29.17,1403.56,No,4yr+,27.52078431372549,2,0,0
Male,0,Yes,Yes,49,Yes,No phone service,Fiber optic,Yes,No,No internet service,No,Yes,No internet service,Two year,No,Electronic check,69.18,3417.21,No,4yr+,68.3442,3,0,0
Male,0,Yes,No,3,Yes,No,No,No,No,No,Yes,No,No internet service,Month-to-month,Yes,Mailed check,112.98,400.03,Yes,0-1yr,100.0075,2,1,1
Female,0,No,No,47,Yes,Yes,No,Yes,Yes,Yes,No internet service,Yes,No internet service,Month-to-month,Yes,Credit card (automatic),69.66,3258.54,No,2-4yr,67.88625,5,0,1
Male,0,Yes,No,31,Yes,No phone service,DSL,Yes,No,No,No internet service,Yes,Yes,Month-to-month,Yes,Electronic check,98.45,3066.03,No,2-4yr,95.8134375,4,0,1
Female,0,No,No,50,Yes,No,No,Yes,No,No,No internet service,No internet service,No,One year,No,Mailed check,20.95,972.77,No,4yr+,19.07392156862745,2,0,0
Male,0,No,No,51,Yes,Yes,DSL,Yes,No internet service,No,Yes,No,No internet service,One year,No,Bank transfer (automatic),92.26,4706.34,Yes,4yr+,90.50653846153847,3,0,1
Female,0,No,No,33,No,No,Fiber optic,Yes,No internet service,No,No,No internet service,No,Month-to-month,Yes,Electronic check,114.58,3697.48,Yes,2-4yr,108.74941176470588,1,0,1
Female,1,No,No,35,Yes,Yes,DSL,No,No internet service,Yes,No internet service,Yes,No internet service,Two year,Yes,Electronic check,68.95,2416.28,No,2-4yr,67.11888888888889,3,0,0
Male,0,Yes,No,69,Yes,Yes,Fiber optic,No internet service,No internet service,No,Yes,No,Yes,Two year,Yes,Mailed check,52.45,3522.88,No,4yr+,50.32685714285714,3,0,0
Female,0,Yes,No,42,Yes,No phone service,No,No internet service,No internet service,No,Yes,Yes,No,Month-to-month,No,Credit card (automatic),83.96,3611.04,No,2-4yr,83.97767441860465,3,0,1
Female,0,No,No,15,No,Yes,DSL,No internet service,Yes,No internet service,No internet service,No,No internet service,One year,Yes,Electronic check,111.46,1669.37,Yes,1-2yr,104.335625,1,0,1
Male,0,No,No,58,Yes,No,Fiber optic,Yes,No internet service,No,No,Yes,Yes,Month-to-month,Yes,Mailed check,36.03,2085.25,No,4yr+,35.34322033898305,4,0,0
Female,0,No,No,52,Yes,Yes,Fiber optic,Yes,No,Yes,No,Yes,No,Month-to-month,Yes,Mailed check,59.18,3172.78,Yes,4yr+,59.863773584905665,4,0,0
Male,0,Yes,No,18,Yes,No,DSL,Yes,No,No,No,Yes,Yes,Month-to-month,Yes,Credit card (automatic),33.94,614.22,No,1-2yr,32.32736842105263,4,0,0
Female,1,No,No,40,Yes,Yes,DSL,No,Yes,No internet service,No internet service,No,No,Month-to-month,Yes,Electronic check,68.66,2665.92,Yes,2-4yr,65.02243902439025,2,0,0
Male,0,Yes,No,46,No,No,Fiber optic,Yes,No,No,No,Yes,No internet service,Two year,Yes,Mailed check,73.12,3341.98,No,2-4yr,71.10595744680852,2,0,1
Male,0,No,Yes,53,Yes,No,DSL,No,Yes,No,No internet service,No internet service,No,Month-to-month,No,Credit card (automatic),114.31,6155.69,No,4yr+,113.99425925925925,2,0,1
Female,1,No,Yes,54,Yes,No,No,Yes,No,No,No,Yes,Yes,One year,No,Credit card (automatic),60.08,3199.56,No,4yr+,58.173818181818184,4,0,0
Female,0,Yes,No,18,Yes,Yes,No,Yes,No,Yes,No,Yes,Yes,Month-to-month,No,Bank transfer (automatic),75.83,1342.91,Yes,1-2yr,70.67947368421054,5,0,1
Female,0,No,No,61,Yes,Yes,DSL,No internet service,No internet service,No internet service,No,No,No internet service,One year,Yes,Mailed check,108.3,6683.64,No,4yr+,107.80064516129033,1,0,1
Female,0,Yes,No,58,Yes,Yes,DSL,No,No internet service,Yes,Yes,No internet service,No,Month-to-month,Yes,Mailed check,50.78,2906.69,Yes,4yr+,49.26593220338983,3,0,0
Female,0,Yes,No,64,Yes,Yes,Fiber optic,No internet service,No,No,No,Yes,Yes,One year,Yes,Mailed check,86.76,5547.87,No,4yr+,85.35184615384615,3,0,1
Male,0,No,Yes,67,Yes,No,Fiber optic,No,No,Yes,No,Yes,Yes,Month-to-month,No,Bank transfer (automatic),95.23,6447.93,No,4yr+,94.8225,4,0,1
Female,1,No,No,27,Yes,No,DSL,No internet service,Yes,Yes,No internet service,No,No internet service,Two year,No,Bank transfer (automatic),51.71,1367.48,No,2-4yr,48.83857142857143,3,0,0
Male,0,No,No,17,Yes,No,DSL,No,No,No,No,Yes,No internet service,Two year,No,Credit card (automatic),34.76,550.99,No,1-2yr,30.610555555555557,2,0,0
Male,0,No,No,25,Yes,No,Fiber optic,No internet service,Yes,No,No,No,Yes,One year,Yes,Mailed check,69.3,1640.35,No,2-4yr,63.090384615384615,3,0,1
Female,0,No,No,18,Yes,Yes,No,Yes,No internet service,No,No,Yes,Yes,Month-to-month,No,Bank transfer (automatic),54.39,923.87,No,1-2yr,48.624736842105264,4,0,0
Male,0,No,Yes,54,Yes,Yes,Fiber optic,No,No,No,No internet service,No,No internet service,Month-to-month,No,Credit card (automatic),45.18,2395.55,Yes,4yr+,43.55545454545455,1,0,0
Male,1,No,Yes,56,Yes,Yes,Fiber optic,No,Yes,No,No,Yes,No,Two year,Yes,Credit card (automatic),117.29,6550.08,Yes,4yr+,114.91368421052631,3,0,1
Male,0,Yes,No,5,Yes,No,No,No,No,No,Yes,No,No internet service,Month-to-month,No,Bank transfer (automatic),69.22,363.96,No,0-1yr,60.66,2,1,0
Male,0,No,No,0,Yes,No,Fiber optic,No internet service,No,No,No internet service,No,No,Month-to-month,No,Bank transfer (automatic),105.36,0.0,Yes,0-1yr,0.0,1,1,1
Female,0,Yes,No,7,Yes,Yes,Fiber optic,No internet service,No,No,No,No,No,Month-to-month,No,Mailed check,37.92,2045.46,No,0-1yr,255.6825,1,0,0
Male,0,No,Yes,50,Yes,Yes,Fiber optic,No,Yes,No,No,No,No,Month-to-month,No,Electronic check,113.82,5759.02,Yes,4yr+,112.92196078431374,2,0,1
Female,0,Yes,Yes,24,Yes,No,No,No,No internet service,No,No,No internet service,No internet service,Month-to-month,Yes,Electronic check,99.03,2321.62,No,1-2yr,92.8648,1,0,1
Female,0,Yes,No,46,Yes,No,Fiber optic,No,Yes,No internet service,No,Yes,No,One year,No,Mailed check,100.49,4712.72,No,2-4yr,100.27063829787235,3,0,1
Male,0,Yes,No,54,Yes,No,No,No internet service,Yes,Yes,No,Yes,Yes,Month-to-month,No,Electronic check,57.76,3126.6,No,4yr+,56.847272727272724,5,0,0
Female,0,No,No,63,No,Yes,Fiber optic,No,Yes,No internet service,Yes,No,Yes,Month-to-month,Yes,Bank transfer (automatic),67.53,4306.66,No,4yr+,67.2915625,3,0,0
Female,0,Yes,Yes,9,Yes,Yes,Fiber optic,Yes,No,Yes,No internet service,No,No internet service,Month-to-month,Yes,Bank transfer (automatic),78.52,733.17,Yes,0-1yr,73.317,3,0,1
Female,0,Yes,No,55,No,No phone service,DSL,No,Yes,Yes,Yes,Yes,No,Month-to-month,Yes,Mailed check,98.56,5496.09,Yes,4yr+,98.14446428571429,4,0,1
Male,0,No,Yes,11,Yes,No,DSL,Yes,Yes,Yes,No,No,Yes,One year,Yes,Electronic check,104.6,1148.43,Yes,0-1yr,95.7025,5,0,1
Female,0,No,Yes,32,Yes,Yes,No,No,No,No,Yes,Yes,No,Month-to-month,No,Electronic check,25.96,817.39,No,2-4yr,24.76939393939394,3,0,0
Female,0,Yes,No,70,Yes,No,DSL,No,No,Yes,No,No,Yes,One year,Yes,Electronic check,110.21,7729.94,No,4yr+,108.87239436619718,3,0,1
Female,0,Yes,Yes,16,Yes,No,Fiber optic,No,Yes,No internet service,Yes,No internet service,Yes,Month-to-month,Yes,Electronic check,113.62,1804.16,No,1-2yr,106.12705882352941,4,0,1
Male,0,Yes,Yes,60,Yes,Yes,DSL,No internet service,Yes,No internet service,No,No,Yes,Month-to-month,Yes,Credit card (automatic),78.47,4730.88,No,4yr+,77.55540983606558,3,0,1
Female,0,Yes,No,9,Yes,No,No,Yes,No,No,No,Yes,No,Month-to-month,Yes,Mailed check,37.05,410.94,Yes,0-1yr,41.094,3,0,0
Male,0,No,No,30,Yes,Yes,DSL,Yes,Yes,No,Yes,No,No,Month-to-month,Yes,Electronic check,101.48,2959.88,Yes,2-4yr,95.48,4,0,1
Male,0,No,No,59,Yes,Yes,No,No,No,No internet service,No,No,No internet service,Two year,Yes,Electronic check,73.96,4359.84,No,4yr+,72.664,1,0,1
Male,1,No,No,69,Yes,No,Fiber optic,Yes,Yes,No internet service,No internet service,Yes,No internet service,Month-to-month,Yes,Bank transfer (automatic),101.35,7103.18,Yes,4yr+,101.474,4,0,1
Male,0,Yes,Yes,16,Yes,Yes,DSL,No,Yes,No,No,No,No,One year,No,Bank transfer (automatic),101.11,1598.25,No,1-2yr,94.01470588235294,2,0,1
Male,0,No,Yes,49,Yes,No,Fiber optic,No internet service,No,No,No internet service,No internet service,No,Two year,Yes,Electronic check,26.85,1366.34,No,4yr+,27.3268,1,0,0
Male,0,No,No,36,Yes,No phone service,DSL,No internet service,Yes,No,No internet service,Yes,Yes,One year,Yes,Credit card (automatic),79.92,2920.65,No,2-4yr,78.93648648648649,4,0,1
Female,0,No,No,61,Yes,Yes,DSL,No internet service,Yes,No,No internet service,Yes,Yes,Month-to-month,Yes,Credit card (automatic),67.28,4032.19,No,4yr+,65.03532258064516,4,0,0
Male,0,No,No,71,Yes,No,Fiber optic,No internet service,No,Yes,No internet service,Yes,Yes,Month-to-month,Yes,Electronic check,114.5,8144.34,No,4yr+,113.11583333333334,4,0,1
Female,0,No,Yes,28,Yes,No,DSL,No,No internet service,No,No,No,No,Two year,Yes,Mailed check,48.26,1362.26,No,2-4yr,46.97448275862069,1,0,0
Female,1,No,No,31,Yes,No,No,No,No,Yes,No internet service,No internet service,Yes,One year,Yes,Mailed check,39.01,1368.43,No,2-4yr,42.7634375,3,0,0
Male,0,Yes,Yes,10,Yes,No,DSL,Yes,No internet service,No,No internet service,No,Yes,One year,Yes,Mailed check,109.5,2045.46,No,0-1yr,185.9509090909091,3,0,1
Female,1,No,No,5,Yes,Yes,Fiber optic,No internet service,No internet service,No,No internet service,Yes,No,Month-to-month,Yes,Credit card (automatic),33.17,84.82,No,0-1yr,14.136666666666665,2,1,0
Female,0,No,No,34,Yes,No,Fiber optic,No,No internet service,No internet service,Yes,No,Yes,Two year,Yes,Electronic check,88.02,2981.24,Yes,2-4yr,85.1782857142857,3,0,1
Female,0,No,No,32,Yes,No,Fiber optic,Yes,No,No internet service,No internet service,No,No,One year,No,Mailed check,48.6,1537.32,No,2-4yr,46.585454545454546,2,0,0
Female,1,Yes,No,17,Yes,No phone service,Fiber optic,No,No,No,No,No,No,Month-to-month,Yes,Mailed check,75.92,1246.47,Yes,1-2yr,69.24833333333333,1,0,1
Male,0,No,No,36,Yes,Yes,Fiber optic,No,No,No,No,Yes,Yes,One year,No,Mailed check,80.85,2869.61,No,2-4yr,77.55702702702703,3,0,1
Female,0,No,No,12,Yes,No phone service,Fiber optic,No,Yes,Yes,Yes,No,Yes,Month-to-month,No,Credit card (automatic),60.57,761.05,No,0-1yr,58.54230769230769,5,0,0
Male,0,Yes,No,63,Yes,Yes,Fiber optic,No internet service,No,No,Yes,No,Yes,Month-to-month,No,Electronic check,117.45,7357.34,Yes,4yr+,114.9584375,3,0,1
Female,0,Yes,Yes,0,Yes,No phone service,DSL,No,No internet service,Yes,No internet service,Yes,Yes,Two year,Yes,Electronic check,31.45,0.0,No,0-1yr,0.0,4,1,0
Female,0,No,No,62,Yes,No,Fiber optic,No internet service,No,Yes,No,No,No,Month-to-month,No,Bank transfer (automatic),57.92,3640.89,No,4yr+,57.79190476190476,2,0,0
Male,0,No,Yes,33,Yes,No,DSL,No,No,No,No,No internet service,No internet service,Month-to-month,Yes,Electronic check,61.9,2084.86,No,2-4yr,61.31941176470588,1,0,0
Female,0,No,No,9,No,No,DSL,No,No,Yes,No internet service,Yes,Yes,Month-to-month,Yes,Electronic check,82.37,717.45,Yes,0-1yr,71.745,3,0,1
Female,0,Yes,No,6,Yes,Yes,Fiber optic,No internet service,No,Yes,Yes,No internet service,No,Month-to-month,Yes,Mailed check,59.54,283.96,Yes,0-1yr,40.565714285714286,3,1,0
Female,0,No,No,55,Yes,Yes,Fiber optic,No internet service,No,No internet service,No,Yes,No internet service,Month-to-month,No,Electronic check,27.9,1578.46,Yes,4yr+,28.186785714285715,2,0,0
Male,0,Yes,No,36,Yes,Yes,Fiber optic,Yes,No,Yes,No,No,Yes,Two year,Yes,Mailed check,114.64,4080.05,No,2-4yr,110.27162162162162,4,0,1
Female,0,Yes,Yes,28,Yes,Yes,Fiber optic,Yes,No,Yes,No,Yes,Yes,Month-to-month,No,Electronic check,60.44,1756.91,Yes,2-4yr,60.583103448275864,5,0,0
Male,0,Yes,No,11,Yes,Yes,DSL,No,No,Yes,No,Yes,No,Month-to-month,Yes,Electronic check,52.95,603.42,Yes,0-1yr,50.285,3,0,0
Female,0,Yes,No,16,Yes,No,DSL,No,No internet service,Yes,Yes,No,No,One year,No,Mailed check,63.57,1007.46,No,1-2yr,59.262352941176474,3,0,0
Male,0,Yes,No,47,Yes,No,DSL,No,No internet service,Yes,Yes,No,No,Month-to-month,No,Electronic check,40.09,1906.15,No,2-4yr,39.71145833333333,3,0,0
Male,1,Yes,No,25,Yes,Yes,Fiber optic,No internet service,Yes,No,No,No,No,Month-to-month,No,Credit card (automatic),28.22,607.9,No,2-4yr,23.38076923076923,2,0,0
Female,0,Yes,No,11,Yes,No,Fiber optic,Yes,No internet service,Yes,No internet service,No,Yes,Month-to-month,Yes,Mailed check,33.16,438.77,No,0-1yr,36.564166666666665,4,0,0
Female,0,Yes,No,20,Yes,No,Fiber optic,No,No,No internet service,No,No,No,Month-to-month,No,Bank transfer (automatic),35.0,689.54,No,1-2yr,32.8352380952381,1,0,0
Male,0,No,Yes,41,Yes,No phone service,Fiber optic,Yes,Yes,Yes,No,No internet service,Yes,Month-to-month,No,Credit card (automatic),38.16,1572.91,Yes,2-4yr,37.4502380952381,5,0,0
Male,0,No,Yes,60,No,No,Fiber optic,No internet service,No,No,Yes,No,No,Month-to-month,Yes,Electronic check,60.84,3621.58,Yes,4yr+,59.37016393442623,1,0,0
Female,0,Yes,No,57,Yes,Yes,Fiber optic,No internet service,Yes,No,No internet service,Yes,No internet service,Month-to-month,Yes,Bank transfer (automatic),81.64,4644.94,Yes,4yr+,80.0851724137931,3,0,1
Male,0,No,No,53,Yes,No,Fiber optic,No,Yes,No,No internet service,Yes,Yes,One year,No,Credit card (automatic),82.15,4433.85,No,4yr+,82.10833333333333,4,0,1
Female,0,Yes,No,33,Yes,No,Fiber optic,Yes,No,No,No,No,Yes,Month-to-month,Yes,Electronic check,18.01,580.83,Yes,2-4yr,17.08323529411765,3,0,0
Female,0,No,No,6,Yes,Yes,Fiber optic,No internet service,No,No internet service,No,No,Yes,Two year,No,Credit card (automatic),111.94,650.76,Yes,0-1yr,92.96571428571428,2,1,1
Female,0,Yes,No,34,Yes,Yes,DSL,No,Yes,Yes,No,Yes,Yes,One year,Yes,Electronic check,101.93,3499.78,No,2-4yr,99.99371428571429,5,0,1
Female,1,Yes,No,14,Yes,Yes,DSL,No,No,No,No,Yes,Yes,Month-to-month,Yes,Electronic check,116.32,1644.0,Yes,1-2yr,109.6,3,0,1
Male,1,No,Yes,64,Yes,Yes,DSL,No internet service,No,No internet service,No,Yes,No,Two year,Yes,Bank transfer (automatic),54.72,3579.77,No,4yr+,55.07338461538461,2,0,0
Female,0,No,Yes,24,Yes,No,Fiber optic,No internet service,No,Yes,No,No,No internet service,Month-to-month,Yes,Electronic check,85.81,1958.63,Yes,1-2yr,78.3452,2,0,1
Male,0,No,No,58,Yes,No,No,No,No internet service,Yes,No,Yes,No,Month-to-month,Yes,Bank transfer (automatic),35.14,2015.09,No,4yr+,34.15406779661017,3,0,0
Female,0,No,No,5,Yes,Yes,Fiber optic,No,No,Yes,No internet service,Yes,Yes,Month-to-month,No,Credit card (automatic),101.34,435.46,Yes,0-1yr,72.57666666666667,4,1,1
Male,0,No,No,51,Yes,No,DSL,No,Yes,No,Yes,No,Yes,One year,Yes,Credit card (automatic),34.46,1819.03,No,4yr+,34.981346153846154,4,0,0
Female,0,Yes,No,20,Yes,No,Fiber optic,No,Yes,Yes,No internet service,No,Yes,Month-to-month,No,Mailed check,51.25,960.39,No,1-2yr,45.73285714285714,4,0,0
Male,0,Yes,Yes,70,Yes,Yes,No,No,No,Yes,No,Yes,Yes,Month-to-month,No,Credit card (automatic),68.07,4781.39,No,4yr+,67.34352112676056,4,0,0
Male,0,Yes,No,31,Yes,Yes,No,No,No,No,No,No,No,Month-to-month,Yes,Mailed check,78.64,2045.46,No,2-4yr,63.920625,1,0,1
Female,0,Yes,Yes,52,Yes,Yes,Fiber optic,Yes,Yes,No,No,Yes,Yes,One year,Yes,Electronic check,75.08,3879.19,No,4yr+,73.1922641509434,5,0,1
Female,0,No,No,58,No,Yes,No,Yes,Yes,Yes,No,No internet service,No internet service,Month-to-month,Yes,Mailed check,28.41,1598.01,No,4yr+,27.084915254237288,3,0,0
Female,0,No,No,68,Yes,Yes,DSL,Yes,No,Yes,No,Yes,No,Month-to-month,Yes,Bank transfer (automatic),61.01,4148.34,Yes,4yr+,60.12086956521739,4,0,0
Female,0,Yes,No,61,Yes,Yes,DSL,No,No,No,No,No internet service,No,Month-to-month,Yes,Mailed check,112.14,6941.94,Yes,4yr+,111.96677419354837,1,0,1
Male,1,No,No,3,Yes,No,DSL,No,No,No internet service,Yes,No internet service,Yes,Two year,Yes,Mailed check,106.98,249.67,No,0-1yr,62.4175,3,1,1
Female,0,No,Yes,17,Yes,No,Fiber optic,No,No internet service,No,No,No,No,Month-to-month,No,Mailed check,78.26,1273.54,Yes,1-2yr,70.75222222222222,1,0,1
Male,0,Yes,No,55,Yes,Yes,DSL,No,No internet service,No internet service,No,Yes,No,Month-to-month,Yes,Mailed check,76.38,4230.75,Yes,4yr+,75.54910714285714,2,0,1
Male,0,Yes,No,23,No,Yes,Fiber optic,No,No,No,Yes,No,Yes,Two year,Yes,Credit card (automatic),29.39,668.33,No,1-2yr,27.847083333333334,2,0,0
Female,0,Yes,No,65,Yes,No,Fiber optic,No internet service,No,Yes,No internet service,Yes,Yes,Month-to-month,No,Mailed check,38.43,2434.32,Yes,4yr+,36.88363636363636,4,0,0
Male,0,Yes,No,12,Yes,No,DSL,No,No internet service,No,Yes,No internet service,No internet service,One year,No,Electronic check,43.77,501.69,No,0-1yr,38.59153846153846,2,0,0
Male,0,Yes,No,61,Yes,No,No,No internet service,No,No internet service,No,No internet service,Yes,Two year,No,Bank transfer (automatic),67.8,4060.12,No,4yr+,65.4858064516129,2,0,0
Male,0,No,No,53,Yes,No,DSL,No,Yes,No,Yes,No internet service,No,Two year,No,Electronic check,92.6,4883.29,No,4yr+,90.4312962962963,3,0,1
Male,0,Yes,Yes,14,Yes,Yes,Fiber optic,No,Yes,No internet service,No,No,Yes,Month-to-month,Yes,Credit card (automatic),64.99,861.27,Yes,1-2yr,57.418,3,0,0
Female,0,Yes,No,68,Yes,Yes,Fiber optic,Yes,No,No internet service,No,No,Yes,Month-to-month,No,Electronic check,30.86,2114.03,No,4yr+,30.63811594202899,3,0,0
Female,0,No,Yes,2,Yes,No,DSL,No,No internet service,Yes,No,No,Yes,Month-to-month,No,Electronic check,62.81,157.78,Yes,0-1yr,52.593333333333334,3,1,0
Female,0,No,No,36,Yes,Yes,Fiber optic,No internet service,Yes,Yes,Yes,No,Yes,Two year,Yes,Electronic check,34.59,1112.54,No,2-4yr,30.068648648648647,5,0,0
Female,0,No,No,36,Yes,No phone service,No,No internet service,Yes,Yes,Yes,No,No,Two year,Yes,Electronic check,94.62,3411.67,No,2-4yr,92.2072972972973,4,0,1
Male,0,Yes,No,2,Yes,No,No,No internet service,No internet service,No,No,No,No,Month-to-month,Yes,Bank transfer (automatic),34.98,0.0,No,0-1yr,0.0,1,1,0
Male,1,Yes,No,62,Yes,No,No,Yes,No internet service,Yes,No,No internet service,No internet service,One year,Yes,Mailed check,67.22,4167.96,No,4yr+,66.15809523809524,3,0,0
Female,0,No,No,34,Yes,Yes,DSL,No,Yes,No internet service,No,No,No,Two year,Yes,Credit card (automatic),88.73,3096.4,No,2-4yr,88.46857142857144,2,0,1
Female,0,Yes,Yes,51,Yes,No,Fiber optic,No,No,Yes,Yes,No internet service,Yes,Month-to-month,No,Mailed check,41.28,2087.86,No,4yr+,40.151153846153846,4,0,0
Female,0,Yes,No,27,Yes,No,DSL,No,No,Yes,No internet service,No internet service,No,Month-to-month,Yes,Electronic check,25.76,708.32,No,2-4yr,25.29714285714286,2,0,0
Male,0,No,No,17,Yes,Yes,DSL,Yes,Yes,Yes,Yes,No,No,Month-to-month,Yes,Bank transfer (automatic),75.46,1319.69,No,1-2yr,73.31611111111111,5,0,1
Female,0,No,No,35,Yes,Yes,DSL,No internet service,No internet service,No internet service,No internet service,Yes,No,Month-to-month,Yes,Bank transfer (automatic),23.53,862.22,Yes,2-4yr,23.950555555555557,2,0,0
Female,0,Yes,Yes,32,Yes,No,DSL,No internet service,Yes,No,No,No,No,Two year,No,Credit card (automatic),77.95,2536.12,No,2-4yr,76.8521212121212,2,0,1
Female,1,No,No,63,Yes,No,No,No,Yes,No internet service,No,No,No,Two year,Yes,Bank transfer (automatic),94.86,5997.94,No,4yr+,93.7178125,2,0,1
Male,0,Yes,No,25,Yes,Yes,Fiber optic,Yes,Yes,No internet service,No,Yes,Yes,Month-to-month,Yes,Electronic check,51.59,1252.06,Yes,2-4yr,48.15615384615384,5,0,0
Male,0,Yes,No,47,Yes,Yes,Fiber optic,Yes,Yes,No,No internet service,Yes,No,Month-to-month,No,Bank transfer (automatic),67.81,3219.29,No,2-4yr,67.06854166666666,4,0,0
Male,0,Yes,No,39,Yes,No,Fiber optic,No,Yes,Yes,No,No internet service,Yes,Month-to-month,Yes,Mailed check,112.73,4470.97,No,2-4yr,111.77425000000001,4,0,1
Male,0,Yes,No,16,Yes,No,Fiber optic,No,Yes,Yes,No,Yes,No,One year,Yes,Mailed check,66.05,1081.05,No,1-2yr,63.59117647058823,4,0,0
Male,0,Yes,No,39,Yes,No,No,No internet service,No,Yes,No,No,Yes,One year,Yes,Credit card (automatic),119.65,4675.86,Yes,2-4yr,116.89649999999999,3,0,1
Male,0,No,No,6,Yes,No,DSL,No,Yes,No,No internet service,No internet service,No internet service,Month-to-month,No,Mailed check,34.01,120.32,No,0-1yr,17.18857142857143,2,1,0
Male,0,No,Yes,56,Yes,No,Fiber optic,No,No internet service,Yes,No,No,No,One year,No,Bank transfer (automatic),90.31,5004.2,Yes,4yr+,87.79298245614035,2,0,1
Male,0,No,Yes,7,Yes,No,Fiber optic,No,No,Yes,Yes,No,No,Month-to-month,Yes,Mailed check,84.57,556.05,Yes,0-1yr,69.50625,3,0,1
Female,0,Yes,No,55,Yes,Yes,DSL,Yes,No,No,Yes,No,No internet service,Month-to-month,Yes,Electronic check,106.98,5828.97,Yes,4yr+,104.08875,3,0,1
Female,1,Yes,Yes,30,Yes,No phone service,Fiber optic,No internet service,Yes,No,Yes,No,No internet service,Two year,No,Mailed check,27.43,814.68,No,2-4yr,26.279999999999998,3,0,0
Male,0,Yes,No,58,Yes,No,No,No,Yes,No,Yes,Yes,No,Month-to-month,No,Bank transfer (automatic),46.58,2655.21,No,4yr+,45.0035593220339,4,0,0
Male,1,Yes,No,57,Yes,Yes,DSL,No internet service,No,No,Yes,No internet service,Yes,Month-to-month,No,Mailed check,31.48,1837.67,No,4yr+,31.68396551724138,3,0,0
Female,0,Yes,Yes,11,No,No,DSL,No,No,No internet service,No,No,No internet service,Month-to-month,No,Mailed check,113.18,1225.04,No,0-1yr,102.08666666666666,0,0,1
Male,1,No,No,47,Yes,No,DSL,No,No,No,Yes,No,No,Month-to-month,Yes,Credit card (automatic),61.52,2835.66,No,2-4yr,59.076249999999995,2,0,0
Male,0,No,No,30,Yes,Yes,Fiber optic,Yes,No,Yes,No,No,No,One year,No,Electronic check,110.83,3278.76,No,2-4yr,105.76645161290324,3,0,1
Male,0,No,No,62,Yes,Yes,Fiber optic,No,No,No internet service,No,Yes,No internet service,One year,No,Electronic check,48.03,2981.28,No,4yr+,47.32190476190477,2,0,0
Female,1,Yes,No,38,Yes,No,Fiber optic,No,No,No internet service,No,No internet service,Yes,Two year,No,Credit card (automatic),30.89,1159.71,No,2-4yr,29.736153846153847,2,0,0
Female,0,No,No,19,Yes,Yes,Fiber optic,No,No internet service,Yes,Yes,No internet service,Yes,Month-to-month,No,Credit card (automatic),48.25,918.84,Yes,1-2yr,45.942,4,0,0
Female,1,Yes,No,47,Yes,No,No,No,No,No,Yes,Yes,No,Month-to-month,Yes,Mailed check,78.91,3696.44,No,2-4yr,77.00916666666667,3,0,1
Female,0,Yes,No,70,Yes,Yes,Fiber optic,Yes,No internet service,No,Yes,No internet service,No,Month-to-month,No,Credit card (automatic),104.21,7380.6,Yes,4yr+,103.95211267605634,3,0,1
Female,0,Yes,No,53,Yes,No,No,No internet service,No internet service,Yes,No internet service,No,No,One year,No,Electronic check,57.31,3080.26,No,4yr+,57.04185185185185,2,0,0
Male,0,No,Yes,70,Yes,Yes,No,No internet service,Yes,No internet service,No,No,No,Month-to-month,No,Electronic check,111.31,7748.7,Yes,4yr+,109.13661971830986,2,0,1
Female,0,No,Yes,28,Yes,Yes,Fiber optic,Yes,Yes,Yes,Yes,No,No,Two year,Yes,Credit card (automatic),42.91,1104.19,No,2-4yr,38.07551724137931,5,0,0
Male,0,Yes,No,72,Yes,No,Fiber optic,No internet service,No,No internet service,No,Yes,No,Month-to-month,No,Credit card (automatic),88.74,6371.28,Yes,4yr+,87.27780821917808,2,0,1
Male,0,No,Yes,47,Yes,No,No,Yes,No,No,Yes,No,No internet service,Month-to-month,No,Electronic check,93.04,4316.03,No,2-4yr,89.91729166666666,3,0,1
Female,0,No,Yes,55,Yes,Yes,No,No,No,No,No,Yes,Yes,Month-to-month,Yes,Electronic check,45.94,2440.28,Yes,4yr+,43.57642857142857,3,0,0
Female,0,Yes,No,16,Yes,Yes,DSL,No,No internet service,Yes,No,No,No,Two year,No,Electronic check,20.75,363.92,No,1-2yr,21.40705882352941,2,0,0
Male,0,Yes,Yes,8,No,No,DSL,No internet service,Yes,Yes,No,No,No internet service,Month-to-month,No,Electronic check,55.25,441.48,No,0-1yr,49.053333333333335,2,0,0
Male,0,Yes,No,33,Yes,No,No,Yes,Yes,Yes,No,No internet service,No,Month-to-month,Yes,Bank transfer (automatic),22.61,802.26,No,2-4yr,23.595882352941175,4,0,0
Male,0,No,No,44,Yes,No phone service,DSL,No,Yes,Yes,Yes,No,Yes,Month-to-month,Yes,Mailed check,109.88,4831.02,No,2-4yr,107.35600000000001,5,0,1
Female,0,Yes,No,8,Yes,No phone service,No,No,No,No,No,Yes,Yes,Month-to-month,Yes,Mailed check,115.26,911.15,Yes,0-1yr,101.23888888888888,3,0,1
Female,0,No,No,6,No,No,Fiber optic,No,No,No internet service,No internet service,No internet service,No internet service,Month-to-month,Yes,Bank transfer (automatic),93.01,494.33,Yes,0-1yr,70.61857142857143,0,1,1
Female,0,Yes,Yes,15,Yes,No,DSL,No,Yes,No,No internet service,No,Yes,Month-to-month,Yes,Credit card (automatic),92.12,1350.5,No,1-2yr,84.40625,3,0,1
Female,0,No,No,18,Yes,No,DSL,Yes,No,No,Yes,No,Yes,Month-to-month,Yes,Electronic check,42.57,676.54,No,1-2yr,35.60736842105263,4,0,0
Female,0,Yes,No,5,Yes,No,DSL,No,Yes,No,No,Yes,Yes,Month-to-month,Yes,Bank transfer (automatic),25.54,179.65,No,0-1yr,29.941666666666666,4,1,0
Male,1,No,No,10,Yes,Yes,DSL,No internet service,Yes,No internet service,No,No internet service,No,Month-to-month,Yes,Credit card (automatic),99.81,932.26,Yes,0-1yr,84.75090909090909,2,0,1
Female,0,No,No,60,Yes,Yes,Fiber optic,No internet service,No,No internet service,No internet service,No internet service,No,Month-to-month,Yes,Electronic check,75.03,4512.84,Yes,4yr+,73.98098360655737,1,0,1
Male,0,No,No,41,Yes,Yes,Fiber optic,No internet service,No,Yes,Yes,No,No,One year,No,Credit card (automatic),87.53,3576.4,No,2-4yr,85.15238095238095,3,0,1
Male,0,No,No,12,Yes,Yes,No,No,No,No internet service,No,No internet service,No,Month-to-month,Yes,Bank transfer (automatic),97.52,1189.67,Yes,0-1yr,91.51307692307692,1,0,1
Male,0,Yes,Yes,11,No,Yes,Fiber optic,No,No internet service,No,Yes,Yes,No,Month-to-month,No,Electronic check,59.76,659.08,No,0-1yr,54.92333333333334,2,0,0
Female,0,No,No,19,Yes,No,Fiber optic,No,No internet service,No internet service,No,No internet service,No,Month-to-month,Yes,Electronic check,32.74,555.92,No,1-2yr,27.796,1,0,0
Female,0,Yes,No,49,Yes,No,Fiber optic,Yes,Yes,No,No,No,Yes,Month-to-month,Yes,Bank transfer (automatic),99.09,4838.78,No,4yr+,96.7756,4,0,1
Female,0,Yes,Yes,35,Yes,No,Fiber optic,No internet service,No,No,No,Yes,Yes,One year,Yes,Mailed check,64.28,2313.14,Yes,2-4yr,64.25388888888888,3,0,0
Male,0,No,No,68,Yes,Yes,Fiber optic,Yes,No,Yes,No internet service,No,No internet service,One year,No,Mailed check,102.35,6918.64,Yes,4yr+,100.27014492753624,3,0,1
Male,1,Yes,Yes,36,Yes,Yes,DSL,No internet service,No,Yes,No,No,No,One year,No,Electronic check,62.65,2313.27,No,2-4yr,62.52081081081081,2,0,0
Male,1,No,No,11,Yes,No,DSL,Yes,No internet service,No,No,Yes,No,Month-to-month,No,Bank transfer (automatic),40.14,474.62,No,0-1yr,39.55166666666667,3,0,0
Male,0,No,No,39,Yes,Yes,DSL,No internet service,Yes,No internet service,Yes,Yes,Yes,Month-to-month,Yes,Electronic check,35.44,1389.12,No,2-4yr,34.727999999999994,5,0,0
Male,0,Yes,Yes,53,Yes,No,DSL,Yes,Yes,No,No,Yes,No internet service,Month-to-month,No,Mailed check,93.88,4938.68,No,4yr+,91.45703703703704,4,0,1
Male,0,No,No,1,Yes,No phone service,Fiber optic,Yes,No,Yes,No,No,No,Month-to-month,Yes,Mailed check,76.64,90.26,Yes,0-1yr,45.13,3,1,1
Female,0,Yes,Yes,49,Yes,Yes,DSL,No,No,No internet service,Yes,Yes,No internet service,Month-to-month,No,Bank transfer (automatic),59.27,2878.71,No,4yr+,57.5742,3,0,0
Female,0,Yes,No,40,Yes,Yes,No,Yes,Yes,No,No internet service,Yes,No internet service,Month-to-month,Yes,Electronic check,68.2,2783.23,No,2-4yr,67.88365853658537,4,0,0
Female,0,Yes,Yes,44,Yes,No,No,No,Yes,Yes,Yes,No,No internet service,One year,Yes,Electronic check,74.06,3194.27,Yes,2-4yr,70.98377777777777,4,0,1
Female,0,No,No,8,Yes,No phone service,No,No,No,Yes,No,No internet service,No internet service,Month-to-month,Yes,Electronic check,42.42,354.76,No,0-1yr,39.41777777777778,2,0,0
Male,0,No,No,61,Yes,No,No,Yes,Yes,Yes,No internet service,No,Yes,Two year,No,Electronic check,56.57,3452.21,Yes,4yr+,55.6808064516129,5,0,0
Male,0,No,No,46,Yes,No,DSL,No internet service,Yes,No internet service,No internet service,Yes,No internet service,Month-to-month,Yes,Electronic check,47.83,2216.61,No,2-4yr,47.16191489361702,3,0,0
Female,1,No,No,4,Yes,Yes,Fiber optic,No,Yes,No internet service,No internet service,No internet service,Yes,One year,Yes,Bank transfer (automatic),57.62,266.37,No,0-1yr,53.274,3,1,0
Male,1,Yes,No,0,Yes,No phone service,DSL,No,Yes,Yes,Yes,No,No internet service,Month-to-month,Yes,Bank transfer (automatic),69.06,0.0,No,0-1yr,0.0,4,1,0
Female,0,Yes,No,43,Yes,Yes,No,No,No,Yes,No internet service,No,Yes,Two year,No,Bank transfer (automatic),35.68,1489.78,No,2-4yr,33.858636363636364,3,0,0
Female,0,No,No,21,Yes,Yes,No,No,No,No internet service,Yes,No,No,Month-to-month,Yes,Mailed check,58.14,1231.71,No,1-2yr,55.98681818181819,2,0,0
Female,1,No,No,37,Yes,No,No,No,Yes,No internet service,No internet service,No,Yes,Month-to-month,No,Electronic check,57.32,2169.07,No,2-4yr,57.08078947368421,3,0,0
Male,0,Yes,No,18,Yes,No phone service,Fiber optic,Yes,Yes,No,No,Yes,No,Month-to-month,No,Credit card (automatic),47.17,836.6,No,1-2yr,44.03157894736842,4,0,0
Female,0,Yes,Yes,30,Yes,Yes,Fiber optic,No,Yes,No,No internet service,No,Yes,Two year,No,Electronic check,119.85,3667.39,No,2-4yr,118.30290322580645,3,0,1
Female,0,No,No,66,No,Yes,DSL,No,No,Yes,Yes,No,No,Two year,No,Bank transfer (automatic),25.51,1668.66,No,4yr+,24.90537313432836,2,0,0
Female,0,No,Yes,41,Yes,Yes,DSL,No,Yes,No,No,No,No internet service,Month-to-month,No,Credit card (automatic),83.58,3391.2,Yes,2-4yr,80.74285714285713,2,0,1
Male,0,Yes,No,25,Yes,Yes,Fiber optic,No,No,Yes,No internet service,No,No,One year,Yes,Bank transfer (automatic),35.79,917.46,Yes,2-4yr,35.28692307692308,2,0,0
Male,1,Yes,No,12,No,Yes,Fiber optic,No,Yes,No internet service,No internet service,Yes,Yes,Month-to-month,Yes,Electronic check,103.63,1216.25,Yes,0-1yr,93.5576923076923,3,0,1
Female,1,No,No,57,Yes,No phone service,No,Yes,Yes,No,Yes,No,No,Month-to-month,No,Electronic check,111.25,6314.57,Yes,4yr+,108.87189655172413,4,0,1
Male,0,No,Yes,17,Yes,No,DSL,No,Yes,No internet service,No internet service,No,Yes,Month-to-month,Yes,Electronic check,58.95,1015.15,No,1-2yr,56.39722222222222,3,0,0
Male,0,Yes,Yes,66,Yes,No,No,No,Yes,No,Yes,No internet service,No,Two year,Yes,Bank transfer (automatic),101.99,6777.93,No,4yr+,101.16313432835821,3,0,1
Male,1,No,No,2,Yes,No,Fiber optic,Yes,No,No internet service,No,No,No internet service,Month-to-month,No,Bank transfer (automatic),43.49,102.1,No,0-1yr,34.03333333333333,2,1,0
Male,0,Yes,No,54,Yes,No,No,Yes,No,Yes,No,No internet service,No,Month-to-month,Yes,Bank transfer (automatic),32.29,1749.08,Yes,4yr+,31.801454545454543,3,0,0
Male,1,Yes,No,57,No,No,No,Yes,No internet service,No,Yes,No internet service,Yes,Month-to-month,No,Electronic check,50.22,2958.72,Yes,4yr+,51.01241379310345,3,0,0
Male,0,No,No,62,Yes,No,No,No internet service,Yes,No,Yes,No,Yes,Month-to-month,No,Credit card (automatic),52.85,3311.52,No,4yr+,52.563809523809525,4,0,0
Male,0,No,No,51,Yes,Yes,DSL,No,Yes,Yes,No internet service,No,No internet service,Month-to-month,Yes,Bank transfer (automatic),58.53,2968.11,No,4yr+,57.07903846153847,3,0,0
Male,0,Yes,No,23,Yes,No,No,Yes,Yes,No internet service,No,Yes,Yes,Month-to-month,Yes,Electronic check,56.04,1344.06,No,1-2yr,56.0025,5,0,0
Male,0,No,Yes,71,Yes,No,DSL,Yes,No,No,Yes,No internet service,No,Month-to-month,Yes,Mailed check,59.94,4243.76,No,4yr+,58.94111111111111,3,0,0
Male,0,No,No,8,Yes,No,DSL,No,Yes,No,No,Yes,No,Month-to-month,No,Bank transfer (automatic),90.42,753.54,Yes,0-1yr,83.72666666666666,3,0,1
Female,0,No,Yes,36,Yes,No phone service,Fiber optic,No,No,No internet service,No internet service,No,No,Month-to-month,Yes,Mailed check,43.05,1576.81,No,2-4yr,42.61648648648649,1,0,0
Female,0,No,No,52,Yes,Yes,No,No internet service,Yes,No internet service,No,Yes,No internet service,Month-to-month,Yes,Electronic check,19.89,1034.41,No,4yr+,19.517169811320755,3,0,0
Male,0,No,Yes,23,Yes,No,Fiber optic,No internet service,Yes,No,Yes,No,Yes,Two year,No,Electronic check,67.95,1526.64,No,1-2yr,63.61000000000001,4,0,0
Female,0,No,No,20,No,Yes,No,No,No internet service,No internet service,Yes,No,No,Month-to-month,Yes,Bank transfer (automatic),63.73,1273.22,No,1-2yr,60.62952380952381,1,0,0
Female,1,Yes,Yes,39,Yes,No,Fiber optic,Yes,No,Yes,No,No internet service,No,One year,Yes,Electronic check,24.13,917.37,No,2-4yr,22.93425,3,0,0
Male,1,Yes,Yes,61,Yes,Yes,DSL,No internet service,No internet service,Yes,No,No,Yes,Month-to-month,Yes,Electronic check,31.65,1943.82,No,4yr+,31.351935483870967,3,0,0
Male,0,Yes,No,69,Yes,Yes,No,No internet service,No,No,No,No internet service,Yes,Month-to-month,Yes,Credit card (automatic),70.01,4851.81,No,4yr+,69.31157142857144,2,0,1
Male,0,No,Yes,68,Yes,Yes,DSL,No,No,No,No internet service,No,No,Month-to-month,Yes,Bank transfer (automatic),41.94,2753.39,No,4yr+,39.90420289855072,1,0,0
Female,0,No,Yes,13,Yes,No,No,No,Yes,No,No,Yes,Yes,One year,No,Bank transfer (automatic),107.52,1414.64,No,1-2yr,101.0457142857143,4,0,1
Female,0,Yes,No,41,Yes,Yes,DSL,No,No,Yes,Yes,Yes,No internet service,Two year,Yes,Mailed check,35.68,1609.14,No,2-4yr,38.31285714285715,4,0,0
Male,1,Yes,Yes,49,Yes,No phone service,Fiber optic,No,Yes,No,No internet service,No,Yes,Month-to-month,Yes,Mailed check,20.05,966.61,No,4yr+,19.3322,3,0,0
Male,0,No,Yes,60,Yes,Yes,Fiber optic,No,No,No internet service,No,Yes,Yes,Month-to-month,Yes,Bank transfer (automatic),63.65,3868.45,Yes,4yr+,63.4172131147541,3,0,0
Male,0,Yes,No,3,No,No phone service,DSL,No internet service,No,No,No,No,Yes,One year,Yes,Credit card (automatic),118.59,392.87,No,0-1yr,98.2175,1,1,1
Female,1,No,No,71,Yes,No,Fiber optic,No,No internet service,No internet service,No internet service,Yes,Yes,Month-to-month,No,Electronic check,82.65,5786.04,Yes,4yr+,80.36166666666666,3,0,1
Female,0,Yes,No,16,No,Yes,DSL,No internet service,No,No internet service,No internet service,No,No,One year,Yes,Electronic check,54.11,890.65,Yes,1-2yr,52.391176470588235,0,0,0
Female,1,No,No,56,Yes,Yes,DSL,Yes,No,Yes,No,No,No,Month-to-month,No,Electronic check,19.72,1062.29,Yes,4yr+,18.636666666666667,3,0,0
Female,1,No,No,47,Yes,No,DSL,Yes,Yes,Yes,No,No,No,One year,Yes,Bank transfer (automatic),67.46,3160.74,No,2-4yr,65.84875,4,0,0
Male,0,Yes,Yes,43,Yes,No,Fiber optic,No,No,Yes,No internet service,Yes,No internet service,Month-to-month,No,Mailed check,39.06,1606.62,No,2-4yr,36.5140909090909,3,0,0
Male,1,Yes,No,44,Yes,No,No,Yes,Yes,No internet service,No,Yes,No,Month-to-month,Yes,Electronic check,84.07,3721.19,Yes,2-4yr,82.69311111111111,4,0,1
Male,0,Yes,No,32,Yes,Yes,Fiber optic,No,No,Yes,No,Yes,Yes,One year,Yes,Mailed check,77.47,2461.99,No,2-4yr,74.60575757575756,4,0,1
Male,0,No,No,30,Yes,No,No,No,No internet service,Yes,No,Yes,No internet service,Month-to-month,Yes,Electronic check,45.05,1418.76,Yes,2-4yr,45.766451612903225,3,0,0
Female,0,No,No,46,Yes,No phone service,Fiber optic,No internet service,Yes,No internet service,No,No,No,Month-to-month,No,Electronic check,25.03,1083.4,Yes,2-4yr,23.051063829787235,2,0,0
Female,1,Yes,Yes,5,No,Yes,Fiber optic,No internet service,Yes,No,No internet service,No,No,Month-to-month,Yes,Credit card (automatic),95.01,520.48,No,0-1yr,86.74666666666667,1,1,1
Male,0,No,No,71,Yes,Yes,Fiber optic,No,No,Yes,No,Yes,No,Month-to-month,Yes,Bank transfer (automatic),77.72,5539.19,No,4yr+,76.93319444444444,3,0,1
Male,0,No,No,70,Yes,Yes,Fiber optic,Yes,No internet service,Yes,No internet service,No,Yes,Month-to-month,No,Electronic check,103.9,7230.08,Yes,4yr+,101.83211267605634,4,0,1
Female,0,Yes,No,33,Yes,No,Fiber optic,No,No,No internet service,No internet service,No,No internet service,Two year,Yes,Electronic check,44.5,1391.22,No,2-4yr,40.91823529411765,1,0,0
Male,0,Yes,Yes,52,Yes,No,DSL,No internet service,Yes,No internet service,No internet service,Yes,Yes,One year,Yes,Electronic check,84.59,4384.18,No,4yr+,82.72037735849057,4,0,1
Female,0,No,Yes,13,Yes,Yes,No,No,No internet service,Yes,No,No,No,Month-to-month,No,Bank transfer (automatic),30.11,403.26,No,1-2yr,28.804285714285715,2,0,0
Male,0,No,Yes,15,Yes,Yes,Fiber optic,Yes,No internet service,No,No internet service,Yes,Yes,Two year,Yes,Mailed check,47.76,663.12,No,1-2yr,41.445,4,0,0
Male,0,No,No,42,Yes,Yes,DSL,Yes,Yes,No internet service,No,No,No internet service,Month-to-month,No,Credit card (automatic),84.97,3521.29,No,2-4yr,81.89046511627907,3,0,1
Male,0,No,Yes,72,Yes,No,Fiber optic,No,No internet service,No,Yes,No internet service,No,One year,Yes,Bank transfer (automatic),102.21,7408.64,No,4yr+,101.48821917808219,2,0,1
Male,0,No,Yes,11,Yes,Yes,DSL,Yes,No,No internet service,No internet service,Yes,Yes,Month-to-month,Yes,Mailed check,50.73,518.96,No,0-1yr,43.24666666666667,4,0,0
Male,0,Yes,No,69,Yes,No phone service,DSL,No internet service,No,No,No,No,No,One year,Yes,Credit card (automatic),99.48,6893.12,No,4yr+,98.47314285714286,1,0,1
Male,0,No,Yes,18,Yes,No,DSL,No internet service,No,No internet service,Yes,No,No,One year,No,Bank transfer (automatic),87.13,1629.28,No,1-2yr,85.75157894736842,2,0,1
Male,1,No,No,40,Yes,Yes,No,Yes,No internet service,Yes,Yes,Yes,No,One year,No,Electronic check,53.56,2102.19,No,2-4yr,51.27292682926829,5,0,0
Female,0,No,No,52,No,No,Fiber optic,No,No,Yes,Yes,No,No,Month-to-month,No,Mailed check,107.39,5521.8,Yes,4yr+,104.18490566037737,2,0,1
Female,1,Yes,No,28,Yes,No,No,Yes,Yes,No,No,No,No,Month-to-month,Yes,Mailed check,69.94,2001.92,Yes,2-4yr,69.03172413793104,3,0,1
Female,0,Yes,No,69,Yes,No,DSL,No internet service,No internet service,No,No,No,Yes,Month-to-month,No,Mailed check,84.12,5789.34,No,4yr+,82.70485714285715,2,0,1
Female,0,Yes,No,58,Yes,Yes,Fiber optic,No,Yes,No internet service,Yes,No,No,Month-to-month,Yes,Electronic check,68.55,3953.96,Yes,4yr+,67.01627118644068,3,0,0
Female,0,Yes,No,63,Yes,Yes,Fiber optic,No,No,Yes,No internet service,No internet service,No,Month-to-month,Yes,Electronic check,64.18,4114.77,Yes,4yr+,64.29328125,2,0,0
Male,0,Yes,Yes,23,No,No phone service,DSL,No,No,No internet service,Yes,No internet service,No,One year,No,Electronic check,104.49,2389.88,Yes,1-2yr,99.57833333333333,1,0,1
Male,0,No,Yes,15,Yes,No,Fiber optic,No,Yes,Yes,No internet service,No,No internet service,Two year,Yes,Electronic check,48.06,734.78,No,1-2yr,45.92375,3,0,0
Female,0,No,Yes,51,Yes,Yes,DSL,No,Yes,No,No,No internet service,Yes,Month-to-month,Yes,Credit card (automatic),21.74,1028.17,No,4yr+,19.7725,3,0,0
Male,0,Yes,No,5,No,No,DSL,No,No internet service,Yes,No,Yes,Yes,Month-to-month,Yes,Bank transfer (automatic),107.74,534.88,Yes,0-1yr,89.14666666666666,3,1,1
Female,0,No,No,36,Yes,No phone service,Fiber optic,No,No,No,No,No,Yes,Two year,No,Bank transfer (automatic),102.15,3633.34,No,2-4yr,98.19837837837838,2,0,1
Female,0,Yes,No,3,Yes,Yes,Fiber optic,No,No,No,No,Yes,Yes,Two year,Yes,Bank transfer (automatic),55.39,140.82,Yes,0-1yr,35.205,3,1,0
Male,0,Yes,No,37,No,No,DSL,No,No,No,No internet service,Yes,Yes,Month-to-month,Yes,Bank transfer (automatic),36.92,1337.75,No,2-4yr,35.203947368421055,2,0,0
Male,0,Yes,Yes,40,Yes,No phone service,DSL,Yes,No,Yes,Yes,No,No internet service,Month-to-month,No,Credit card (automatic),86.9,3541.07,No,2-4yr,86.36756097560976,4,0,1
Male,0,No,No,13,No,Yes,DSL,No,No,No,No internet service,No,Yes,One year,Yes,Mailed check,26.03,305.23,No,1-2yr,21.802142857142858,1,0,0
Female,1,Yes,No,70,Yes,No,DSL,No,Yes,No internet service,No,No,No,One year,Yes,Bank transfer (automatic),61.22,4258.66,Yes,4yr+,59.98112676056338,2,0,0
Male,0,Yes,Yes,50,No,No,DSL,No,No,Yes,No,No,Yes,Month-to-month,No,Mailed check,26.76,1414.73,Yes,4yr+,27.739803921568626,2,0,0
Female,0,Yes,No,64,Yes,No,Fiber optic,No internet service,No internet service,Yes,No,No,No,One year,No,Credit card (automatic),78.99,5037.52,No,4yr+,77.5003076923077,2,0,1
Female,0,No,Yes,51,No,Yes,Fiber optic,Yes,No,Yes,Yes,No,No internet service,One year,Yes,Credit card (automatic),20.78,1028.76,No,4yr+,19.783846153846152,3,0,0
Female,0,Yes,No,29,Yes,Yes,Fiber optic,Yes,Yes,No internet service,No,Yes,Yes,Month-to-month,No,Credit card (automatic),82.18,2438.22,No,2-4yr,81.27399999999999,5,0,1
Male,0,No,No,56,Yes,No,Fiber optic,Yes,No internet service,No,No internet service,No,No internet service,One year,Yes,Electronic check,86.67,4854.32,Yes,4yr+,85.16350877192981,2,0,1
Male,0,No,Yes,29,Yes,Yes,Fiber optic,No,No internet service,Yes,Yes,Yes,No internet service,Month-to-month,Yes,Electronic check,67.69,1967.4,No,2-4yr,65.58,4,0,0
Female,0,No,No,41,Yes,Yes,DSL,No,Yes,No internet service,No,No,No,One year,Yes,Electronic check,35.85,1484.79,No,2-4yr,35.35214285714286,2,0,0
Male,0,No,No,10,Yes,Yes,DSL,No,No internet service,No,No,Yes,Yes,Month-to-month,Yes,Mailed check,28.34,350.38,No,0-1yr,31.85272727272727,3,0,0
Male,0,Yes,No,26,Yes,Yes,No,Yes,No,Yes,No,Yes,No,Month-to-month,Yes,Mailed check,49.96,1247.26,No,2-4yr,46.19481481481481,4,0,0
Male,0,Yes,No,23,Yes,No phone service,DSL,No,Yes,No internet service,Yes,No,No internet service,One year,No,Electronic check,65.45,1562.57,No,1-2yr,65.10708333333334,3,0,0
Female,1,No,Yes,38,Yes,No,DSL,No internet service,Yes,No,No,No,Yes,One year,No,Bank transfer (automatic),83.51,3098.69,No,2-4yr,79.45358974358975,3,0,1
Female,0,Yes,No,71,Yes,No phone service,DSL,No internet service,No,No,No internet service,No,No,Two year,No,Electronic check,18.13,1246.46,No,4yr+,17.311944444444446,1,0,0
Male,1,No,No,17,No,Yes,Fiber optic,No internet service,No,No,Yes,Yes,Yes,Month-to-month,No,Credit card (automatic),90.53,1494.18,Yes,1-2yr,83.01,3,0,1
Female,0,No,No,44,Yes,No,Fiber optic,No,Yes,No internet service,No,No,Yes,Month-to-month,Yes,Electronic check,90.7,3983.75,Yes,2-4yr,88.52777777777777,3,0,1
Male,0,No,Yes,11,Yes,Yes,No,No internet service,Yes,Yes,No,No internet service,No internet service,Two year,Yes,Mailed check,63.34,659.23,No,0-1yr,54.935833333333335,3,0,0
Male,0,No,No,48,Yes,No,No,Yes,Yes,Yes,No,No internet service,No,One year,No,Bank transfer (automatic),53.03,2608.99,No,2-4yr,53.244693877551015,4,0,0
Male,0,No,No,30,Yes,No,Fiber optic,Yes,No,Yes,No,No,Yes,Two year,No,Bank transfer (automatic),103.92,3143.6,No,2-4yr,101.40645161290323,4,0,1
Male,0,No,Yes,21,Yes,Yes,Fiber optic,Yes,Yes,No,No,Yes,No,Month-to-month,No,Electronic check,98.03,2057.9,No,1-2yr,93.5409090909091,4,0,1
Female,0,Yes,No,43,Yes,No phone service,DSL,No,Yes,No,Yes,No,Yes,Month-to-month,Yes,Credit card (automatic),118.29,5042.56,No,2-4yr,114.60363636363637,4,0,1
Female,0,No,Yes,63,Yes,Yes,DSL,No internet service,No,No,No internet service,Yes,Yes,Month-to-month,Yes,Bank transfer (automatic),55.94,3594.29,No,4yr+,56.16078125,3,0,0
Female,0,Yes,No,24,Yes,No,DSL,Yes,No,Yes,No internet service,Yes,No,Two year,Yes,Credit card (automatic),110.5,2656.92,Yes,1-2yr,106.27680000000001,4,0,1
Male,0,Yes,Yes,50,Yes,No phone service,DSL,No,No,No,Yes,Yes,No,Two year,Yes,Credit card (automatic),26.91,1332.96,No,4yr+,26.136470588235294,3,0,0
Male,0,No,No,6,Yes,No,DSL,No,No,No,No,No,Yes,Month-to-month,Yes,Mailed check,59.97,353.02,No,0-1yr,50.43142857142857,2,1,0
Male,0,Yes,No,5,Yes,No phone service,DSL,No internet service,No,No,No,No,Yes,Month-to-month,Yes,Credit card (automatic),65.47,316.26,No,0-1yr,52.71,2,1,0
Female,0,Yes,No,23,Yes,Yes,DSL,No,No,No internet service,No internet service,No,No,Month-to-month,No,Credit card (automatic),62.97,1490.62,Yes,1-2yr,62.10916666666666,1,0,0
Male,0,Yes,No,18,Yes,Yes,No,No internet service,No internet service,No,No internet service,No,No internet service,One year,Yes,Credit card (automatic),81.76,1528.2,No,1-2yr,80.43157894736842,1,0,1
Female,1,No,No,8,Yes,Yes,Fiber optic,No,No,No,No internet service,Yes,No internet service,Month-to-month,Yes,Credit card (automatic),35.36,236.58,No,0-1yr,26.28666666666667,2,0,0
Female,0,No,No,35,Yes,No,No,No,Yes,Yes,Yes,No,Yes,One year,No,Credit card (automatic),106.38,3690.69,No,2-4yr,102.51916666666666,5,0,1
Female,1,No,Yes,39,Yes,No,Fiber optic,No,No,No,No internet service,No,No,Month-to-month,Yes,Mailed check,74.28,2866.8,No,2-4yr,71.67,1,0,1
Female,0,Yes,Yes,23,Yes,Yes,Fiber optic,No,No,No internet service,No internet service,No,No internet service,Month-to-month,Yes,Electronic check,110.23,2551.28,Yes,1-2yr,106.30333333333334,1,0,1
Female,0,No,No,47,Yes,No,DSL,Yes,No,No internet service,No,No internet service,No,Month-to-month,Yes,Credit card (automatic),18.27,908.59,No,2-4yr,18.928958333333334,2,0,0
Female,0,No,Yes,62,Yes,Yes,DSL,No,No,Yes,No,Yes,No internet service,One year,No,Bank transfer (automatic),82.26,5031.47,No,4yr+,79.86460317460318,3,0,1
Male,0,Yes,No,68,Yes,Yes,DSL,No,No internet service,No,No,No,No internet service,Month-to-month,Yes,Electronic check,60.07,4032.44,Yes,4yr+,58.44115942028986,1,0,0
Male,1,Yes,No,52,Yes,No,No,No,No,Yes,No,No,Yes,Two year,No,Mailed check,69.52,3597.86,No,4yr+,67.88415094339624,3,0,1
Female,0,Yes,Yes,53,No,No,No,No,No,No internet service,Yes,No,Yes,One year,Yes,Bank transfer (automatic),93.87,5001.8,No,4yr+,92.62592592592593,2,0,1
Female,0,No,No,41,Yes,No,DSL,No,No internet service,No,Yes,No,Yes,Month-to-month,Yes,Mailed check,41.17,1640.92,Yes,2-4yr,39.06952380952381,3,0,0
Male,0,No,No,44,Yes,Yes,DSL,No,No,No,Yes,No internet service,Yes,Month-to-month,Yes,Electronic check,38.9,1692.3,Yes,2-4yr,37.60666666666667,3,0,0
Female,0,No,No,13,No,No,Fiber optic,Yes,No,Yes,No,Yes,No internet service,Two year,Yes,Electronic check,89.71,1130.16,No,1-2yr,80.72571428571429,3,0,1
Female,1,Yes,No,28,Yes,Yes,DSL,No,No internet service,No internet service,Yes,No,No internet service,Month-to-month,Yes,Bank transfer (automatic),71.18,2030.92,Yes,2-4yr,70.03172413793104,2,0,1
Male,0,No,No,5,Yes,Yes,Fiber optic,Yes,Yes,No,No,No,Yes,Month-to-month,No,Electronic check,41.83,203.67,Yes,0-1yr,33.945,4,1,0
Female,0,No,Yes,6,Yes,No,DSL,Yes,Yes,Yes,Yes,Yes,No,Two year,Yes,Mailed check,67.37,367.78,No,0-1yr,52.54,6,1,0
Female,0,No,No,36,Yes,No,Fiber optic,No,No internet service,No,No internet service,Yes,No,One year,No,Bank transfer (automatic),64.87,2276.5,No,2-4yr,61.527027027027025,2,0,0
Female,0,No,No,52,Yes,Yes,DSL,Yes,No,Yes,No internet service,No internet service,No,Month-to-month,No,Bank transfer (automatic),88.53,4583.76,No,4yr+,86.48603773584907,3,0,1
Male,0,Yes,No,17,Yes,Yes,Fiber optic,No internet service,No internet service,No,No internet service,Yes,No,Month-to-month,No,Electronic check,18.27,297.39,No,1-2yr,16.521666666666665,2,0,0
Male,0,Yes,Yes,37,Yes,No,DSL,No,Yes,No internet service,No,Yes,No internet service,Two year,Yes,Electronic check,77.85,2922.82,No,2-4yr,76.91631578947369,3,0,1
Male,0,No,Yes,58,Yes,Yes,Fiber optic,No internet service,No,No internet service,Yes,No internet service,Yes,Month-to-month,No,Bank transfer (automatic),79.78,4678.15,Yes,4yr+,79.29067796610168,3,0,1
Female,0,No,No,0,Yes,No,No,Yes,Yes,No,No,No,Yes,Month-to-month,Yes,Bank transfer (automatic),94.04,0.0,No,0-1yr,0.0,4,1,1
Female,0,No,No,67,Yes,No,DSL,No,No,No internet service,Yes,Yes,Yes,Month-to-month,Yes,Electronic check,108.7,7332.13,Yes,4yr+,107.82544117647059,4,0,1
Male,0,Yes,No,43,Yes,Yes,No,No,Yes,No,No internet service,No,Yes,Month-to-month,No,Mailed check,62.9,2740.33,No,2-4yr,62.280227272727274,3,0,0
Female,0,No,No,46,Yes,No,No,No internet service,Yes,Yes,No,No,Yes,Two year,Yes,Credit card (automatic),52.94,2408.69,No,2-4yr,51.24872340425532,4,0,0
Female,0,Yes,No,34,Yes,No,No,No,Yes,No internet service,No,No internet service,No,One year,No,Credit card (automatic),28.44,1004.86,No,2-4yr,28.710285714285714,2,0,0
Female,0,Yes,No,59,Yes,Yes,No,Yes,No,Yes,No,No,No,One year,Yes,Mailed check,52.36,3049.63,No,4yr+,50.82716666666667,3,0,0
Female,0,No,Yes,51,No,No,Fiber optic,No internet service,No,Yes,No internet service,No internet service,No,Two year,Yes,Electronic check,24.99,1294.77,No,4yr+,24.899423076923078,1,0,0
Female,0,No,Yes,7,Yes,Yes,No,No,Yes,No internet service,No,Yes,No,Month-to-month,Yes,Electronic check,99.89,820.49,Yes,0-1yr,102.56125,3,0,1
Male,0,Yes,Yes,40,Yes,No,DSL,Yes,Yes,Yes,No,No,Yes,Month-to-month,Yes,Electronic check,100.31,4023.93,Yes,2-4yr,98.14463414634146,5,0,1
Female,0,Yes,No,2,Yes,Yes,Fiber optic,No,Yes,No,No,Yes,No internet service,One year,Yes,Electronic check,60.56,104.03,No,0-1yr,34.67666666666667,3,1,0
Male,0,Yes,No,68,Yes,No,No,No,No internet service,No internet service,No,Yes,No internet service,Month-to-month,Yes,Mailed check,44.48,2958.95,Yes,4yr+,42.88333333333333,2,0,0
Female,0,Yes,No,13,Yes,Yes,Fiber optic,Yes,Yes,No,Yes,No,Yes,Month-to-month,No,Bank transfer (automatic),30.04,394.63,Yes,1-2yr,28.187857142857144,5,0,0
Male,0,No,No,25,Yes,Yes,No,No,Yes,Yes,No internet service,Yes,Yes,Month-to-month,No,Electronic check,104.83,2670.65,Yes,2-4yr,102.7173076923077,5,0,1
Female,0,No,No,69,Yes,No,Fiber optic,Yes,No internet service,No,No,No,No internet service,Month-to-month,No,Credit card (automatic),107.5,7382.03,Yes,4yr+,105.45757142857143,2,0,1
Male,0,Yes,No,57,Yes,Yes,No,No,No,Yes,Yes,No internet service,Yes,Month-to-month,No,Bank transfer (automatic),45.16,2601.17,No,4yr+,44.84775862068965,4,0,0
Female,0,No,No,39,No,Yes,Fiber optic,No,No,No,No internet service,Yes,Yes,Month-to-month,Yes,Bank transfer (automatic),81.42,3162.21,Yes,2-4yr,79.05525,2,0,1
Male,0,No,Yes,50,Yes,Yes,Fiber optic,No,No,No internet service,No,Yes,No,Month-to-month,No,Credit card (automatic),44.38,2199.08,Yes,4yr+,43.11921568627451,2,0,0
Female,0,No,Yes,4,Yes,Yes,Fiber optic,No,No internet service,No,No internet service,No,Yes,Month-to-month,Yes,Bank transfer (automatic),40.96,188.3,No,0-1yr,37.660000000000004,2,1,0
Male,0,Yes,No,31,No,No phone service,No,Yes,Yes,No,No internet service,No internet service,Yes,Month-to-month,Yes,Credit card (automatic),20.16,530.3,No,2-4yr,16.571875,3,0,0
Female,0,No,No,0,Yes,No,No,Yes,No internet service,No,No internet service,No,No,Month-to-month,No,Electronic check,76.87,0.0,Yes,0-1yr,0.0,2,1,1
Male,0,Yes,No,53,Yes,Yes,No,Yes,No internet service,No,Yes,No,No,Two year,Yes,Electronic check,33.29,1813.72,No,4yr+,33.587407407407404,3,0,0
Male,0,Yes,No,10,Yes,No,Fiber optic,No,No,No internet service,Yes,Yes,No internet service,Two year,No,Mailed check,19.26,183.36,No,0-1yr,16.66909090909091,3,0,0
Female,0,Yes,No,52,Yes,No,DSL,No,No,Yes,No internet service,Yes,No internet service,One year,Yes,Mailed check,28.69,1492.23,No,4yr+,28.155283018867927,3,0,0
Female,0,No,Yes,7,Yes,No phone service,DSL,No internet service,No,No internet service,No internet service,No,Yes,Two year,Yes,Electronic check,50.0,343.36,No,0-1yr,42.92,2,0,0
Male,0,Yes,Yes,24,Yes,Yes,No,Yes,Yes,No,No,Yes,Yes,Two year,Yes,Bank transfer (automatic),86.25,2165.63,No,1-2yr,86.6252,5,0,1
Female,0,Yes,Yes,39,Yes,No,Fiber optic,No,Yes,Yes,No,No internet service,No,Month-to-month,Yes,Electronic check,38.67,1527.37,No,2-4yr,38.18425,3,0,0
Male,0,Yes,No,31,Yes,No,DSL,No,No internet service,Yes,Yes,No,No,Month-to-month,No,Bank transfer (automatic),108.53,3300.63,Yes,2-4yr,103.1446875,3,0,1
Male,0,No,Yes,27,Yes,No,DSL,No,No,No,No internet service,No,Yes,Two year,No,Mailed check,47.43,1237.31,No,2-4yr,44.18964285714286,2,0,0
Male,0,No,No,2,Yes,No,No,No internet service,No,No,Yes,No,Yes,One year,Yes,Bank transfer (automatic),51.79,108.28,No,0-1yr,36.093333333333334,3,1,0
Female,1,Yes,No,61,Yes,Yes,No,Yes,No,Yes,Yes,No,Yes,Month-to-month,Yes,Mailed check,40.23,2516.92,No,4yr+,40.59548387096774,5,0,0
Male,0,No,No,26,Yes,No,No,Yes,No,No internet service,No,No,No,One year,Yes,Credit card (automatic),43.89,1174.2,No,2-4yr,43.48888888888889,2,0,0
Male,0,No,Yes,44,No,No,Fiber optic,No,Yes,No,Yes,No internet service,Yes,Month-to-month,No,Electronic check,25.56,1174.26,No,2-4yr,26.094666666666665,3,0,0
Female,1,No,No,24,Yes,No phone service,Fiber optic,No,No,No internet service,No internet service,No internet service,No internet service,Month-to-month,Yes,Credit card (automatic),48.07,1097.19,Yes,1-2yr,43.8876,1,0,0
Female,0,Yes,No,60,Yes,Yes,DSL,Yes,No,Yes,Yes,No internet service,Yes,Month-to-month,No,Electronic check,105.68,6372.34,Yes,4yr+,104.46459016393443,5,0,1
Female,1,No,No,43,Yes,No,DSL,Yes,Yes,No,Yes,No internet service,No internet service,Month-to-month,No,Bank transfer (automatic),88.22,3756.57,Yes,2-4yr,85.37659090909091,4,0,1
Female,0,No,No,45,Yes,No phone service,No,No,No internet service,Yes,No,No,No internet service,Month-to-month,No,Mailed check,107.28,4821.6,Yes,2-4yr,104.81739130434784,2,0,1
Male,1,No,Yes,13,Yes,No,DSL,No,Yes,Yes,No,No,No,Two year,Yes,Credit card (automatic),28.7,415.6,Yes,1-2yr,29.685714285714287,3,0,0
Male,0,Yes,No,7,Yes,No,Fiber optic,Yes,No,No internet service,Yes,Yes,No,Month-to-month,No,Bank transfer (automatic),64.47,422.86,Yes,0-1yr,52.8575,4,0,0
Male,0,No,No,47,Yes,No,Fiber optic,No,Yes,Yes,No,Yes,No,Month-to-month,No,Credit card (automatic),41.38,1872.85,Yes,2-4yr,39.01770833333333,4,0,0
Male,0,No,No,13,Yes,Yes,Fiber optic,No,No,No,No,Yes,Yes,Month-to-month,No,Electronic check,91.56,1171.88,Yes,1-2yr,83.7057142857143,3,0,1
Female,0,No,No,64,Yes,No,No,No,No,Yes,No internet service,Yes,Yes,One year,No,Credit card (automatic),116.96,2045.46,No,4yr+,31.468615384615386,4,0,1
Male,0,Yes,No,6,Yes,Yes,DSL,No internet service,No,No,Yes,No,No,Two year,Yes,Electronic check,101.17,641.17,No,0-1yr,91.59571428571428,2,1,1
Male,0,Yes,Yes,48,Yes,No,Fiber optic,Yes,No internet service,No internet service,No internet service,Yes,No,Month-to-month,No,Electronic check,21.6,992.35,Yes,2-4yr,20.25204081632653,3,0,0
Female,0,No,No,54,Yes,Yes,DSL,No internet service,Yes,No,No,No internet service,No,Month-to-month,No,Electronic check,50.3,2688.49,Yes,4yr+,48.88163636363636,2,0,0
Male,0,No,No,12,Yes,No,DSL,No,No internet service,No,Yes,No internet service,No,Month-to-month,No,Mailed check,20.92,261.8,No,0-1yr,20.138461538461538,2,0,0
Male,0,Yes,No,72,Yes,No,Fiber optic,No internet service,No,No,Yes,Yes,No,One year,No,Bank transfer (automatic),22.1,1618.49,No,4yr+,22.17109589041096,3,0,0
Male,0,No,No,55,Yes,Yes,DSL,No,No internet service,No internet service,No,Yes,No,Month-to-month,Yes,Electronic check,26.11,1446.19,No,4yr+,25.82482142857143,2,0,0
Male,1,Yes,No,55,Yes,Yes,No,No,No,No,Yes,No internet service,No,Month-to-month,Yes,Electronic check,46.19,2533.12,Yes,4yr+,45.23428571428571,2,0,0
Male,0,No,No,14,No,No phone service,Fiber optic,No internet service,Yes,No,No,No internet service,No,Month-to-month,No,Bank transfer (automatic),49.03,649.44,Yes,1-2yr,43.29600000000001,1,0,0
Male,1,No,Yes,56,Yes,Yes,DSL,No internet service,Yes,No,Yes,No internet service,No internet service,Month-to-month,Yes,Credit card (automatic),58.85,3339.96,No,4yr+,58.59578947368421,3,0,0
Female,0,No,No,57,Yes,Yes,DSL,Yes,No internet service,No internet service,No,No internet service,No,Two year,Yes,Bank transfer (automatic),59.3,3440.78,No,4yr+,59.32379310344828,2,0,0
Female,0,No,No,34,Yes,Yes,Fiber optic,Yes,No internet service,No,No,No internet service,No,Month-to-month,Yes,Bank transfer (automatic),96.68,3257.9,Yes,2-4yr,93.08285714285715,2,0,1
Male,0,Yes,No,15,Yes,No phone service,No,No,No,No,Yes,No,No,Month-to-month,No,Mailed check,32.42,462.58,Yes,1-2yr,28.91125,2,0,0
Male,0,No,No,7,Yes,No phone service,Fiber optic,No internet service,No,No,No,Yes,No,Two year,Yes,Bank transfer (automatic),34.09,272.81,No,0-1yr,34.10125,2,0,0
Female,0,Yes,No,44,Yes,No,Fiber optic,No,No,Yes,No internet service,No,No,Two year,Yes,Credit card (automatic),81.91,3612.4,No,2-4yr,80.27555555555556,2,0,1
Male,0,No,Yes,39,Yes,No,No,No,No internet service,No,Yes,Yes,Yes,Month-to-month,Yes,Mailed check,76.32,3005.57,No,2-4yr,75.13925,4,0,1
Male,0,No,No,53,Yes,Yes,Fiber optic,No,No internet service,No,No internet service,No internet service,No internet service,Two year,No,Mailed check,33.71,1800.18,No,4yr+,33.336666666666666,1,0,0
Male,1,No,No,13,Yes,No phone service,DSL,No,No internet service,No,No,No,Yes,One year,No,Credit card (automatic),104.93,1383.08,Yes,1-2yr,98.79142857142857,2,0,1
Female,0,Yes,No,58,No,Yes,Fiber optic,No,No internet service,No,No internet service,No internet service,No,Month-to-month,Yes,Credit card (automatic),51.56,2970.12,No,4yr+,50.34101694915254,0,0,0
Male,0,No,No,52,Yes,Yes,Fiber optic,No,No internet service,Yes,Yes,Yes,Yes,Month-to-month,Yes,Electronic check,55.43,2782.46,Yes,4yr+,52.499245283018865,5,0,0
Female,0,Yes,No,26,Yes,Yes,Fiber optic,No internet service,Yes,No internet service,No internet service,No,Yes,Month-to-month,No,Bank transfer (automatic),60.89,1592.81,Yes,2-4yr,58.99296296296296,3,0,0
Male,0,Yes,Yes,46,Yes,No,Fiber optic,No,No internet service,No internet service,No,No,No internet service,Month-to-month,No,Credit card (automatic),50.92,2376.82,Yes,2-4yr,50.57063829787234,1,0,0
Female,0,No,No,5,Yes,No,No,No,No,No internet service,No,No internet service,No,Month-to-month,No,Mailed check,74.86,388.59,Yes,0-1yr,64.765,1,1,1
Female,0,Yes,No,54,Yes,Yes,DSL,No,No internet service,Yes,No,Yes,No internet service,One year,No,Mailed check,57.64,3075.26,No,4yr+,55.913818181818186,3,0,0
Male,0,No,Yes,43,Yes,No phone service,No,No,No,No,Yes,No internet service,Yes,Two year,No,Bank transfer (automatic),44.46,1882.84,No,2-4yr,42.79181818181818,3,0,0
Female,0,Yes,Yes,17,Yes,No,Fiber optic,Yes,Yes,No internet service,No internet service,No internet service,Yes,Month-to-month,Yes,Electronic check,110.26,1997.27,No,1-2yr,110.95944444444444,4,0,1
Male,0,Yes,No,15,Yes,Yes,Fiber optic,Yes,No,No,No,No,Yes,Month-to-month,Yes,Mailed check,49.45,759.34,No,1-2yr,47.45875,3,0,0
Female,0,No,Yes,11,Yes,No,DSL,No,No,No,Yes,No internet service,No,Month-to-month,No,Credit card (automatic),89.25,864.36,No,0-1yr,72.03,2,0,1
Male,1,No,No,19,Yes,No,Fiber optic,No,Yes,No internet service,Yes,No,No internet service,One year,No,Bank transfer (automatic),53.42,986.27,No,1-2yr,49.3135,3,0,0
Male,0,Yes,Yes,44,Yes,No,Fiber optic,No,No,No,Yes,Yes,No,One year,Yes,Credit card (automatic),62.39,2734.31,No,2-4yr,60.76244444444444,3,0,0
Female,0,No,Yes,63,Yes,No,Fiber optic,Yes,No,No,No,Yes,Yes,Month-to-month,No,Credit card (automatic),42.07,2588.49,No,4yr+,40.44515625,4,0,0
Male,0,No,No,58,Yes,No,DSL,No,No,Yes,No,No internet service,No internet service,One year,No,Bank transfer (automatic),94.74,5488.43,No,4yr+,93.0242372881356,2,0,1
Male,1,No,No,21,Yes,Yes,Fiber optic,No,No,Yes,No,No,Yes,Month-to-month,No,Credit card (automatic),93.19,1932.34,Yes,1-2yr,87.83363636363636,3,0,1
Female,0,Yes,No,46,Yes,No,DSL,No,Yes,Yes,No,Yes,No,One year,Yes,Electronic check,20.27,942.21,Yes,2-4yr,20.047021276595746,4,0,0
Male,0,No,No,28,Yes,No phone service,No,No,No internet service,No internet service,No,No,No,Month-to-month,Yes,Bank transfer (automatic),24.14,661.68,No,2-4yr,22.81655172413793,1,0,0
Male,0,No,No,44,Yes,Yes,No,No,No,No,No,No,Yes,Month-to-month,No,Bank transfer (automatic),112.08,4896.52,No,2-4yr,108.81155555555557,2,0,1
Female,0,No,No,8,Yes,No,DSL,No internet service,Yes,No,Yes,Yes,Yes,Month-to-month,Yes,Bank transfer (automatic),108.66,852.34,No,0-1yr,94.70444444444445,5,0,1
Female,0,Yes,No,23,Yes,No,No,Yes,No,No internet service,Yes,No,Yes,Two year,Yes,Electronic check,69.62,1643.61,No,1-2yr,68.48375,4,0,1
Male,0,No,No,14,No,Yes,No,No,No,No,Yes,Yes,No internet service,One year,No,Electronic check,68.32,959.68,No,1-2yr,63.97866666666666,2,0,0
Male,0,No,Yes,35,Yes,No phone service,Fiber optic,No,Yes,No,No internet service,Yes,No,Two year,No,Electronic check,100.87,3519.69,No,2-4yr,97.76916666666666,3,0,1
Female,0,No,Yes,12,Yes,No,Fiber optic,No,No,Yes,No,No,No internet service,Month-to-month,Yes,Bank transfer (automatic),32.12,403.0,No,0-1yr,31.0,2,0,0
Female,0,Yes,No,43,Yes,Yes,Fiber optic,No,No,No internet service,No internet service,No,No,Month-to-month,No,Credit card (automatic),84.68,3641.16,No,2-4yr,82.75363636363636,1,0,1
Male,0,No,No,70,Yes,Yes,Fiber optic,No,No,Yes,No,Yes,No,Month-to-month,Yes,Credit card (automatic),66.55,4603.17,Yes,4yr+,64.83338028169014,3,0,0
Female,0,No,Yes,71,Yes,Yes,Fiber optic,No,No,Yes,No internet service,No,No,One year,Yes,Electronic check,93.82,6695.55,Yes,4yr+,92.99375,2,0,1
Male,0,Yes,Yes,35,Yes,No,DSL,No,No,Yes,No,Yes,No internet service,Two year,No,Electronic check,21.07,706.23,No,2-4yr,19.6175,3,0,0
Male,1,Yes,Yes,60,Yes,No,Fiber optic,Yes,Yes,Yes,No,Yes,Yes,Two year,No,Electronic check,78.46,4690.47,No,4yr+,76.89295081967214,6,0,1
Male,0,No,No,39,Yes,No phone service,DSL,Yes,No internet service,Yes,Yes,Yes,Yes,One year,Yes,Mailed check,74.79,2841.13,No,2-4yr,71.02825,6,0,1
Male,0,Yes,No,26,No,Yes,No,No,Yes,No,No,Yes,No,One year,Yes,Credit card (automatic),103.77,2739.12,Yes,2-4yr,101.44888888888889,2,0,1
Male,0,No,Yes,0,Yes,Yes,Fiber optic,Yes,No,Yes,No internet service,Yes,No internet service,Two year,Yes,Credit card (automatic),87.04,6.23,No,0-1yr,6.23,4,1,1
Female,0,No,No,33,Yes,Yes,Fiber optic,No internet service,Yes,No,Yes,No internet service,No internet service,Month-to-month,No,Electronic check,107.78,3570.98,Yes,2-4yr,105.02882352941177,3,0,1
Female,0,No,No,67,Yes,No,No,No internet service,Yes,Yes,Yes,No,No,Two year,No,Electronic check,108.5,7310.19,No,4yr+,107.50279411764706,4,0,1
Female,0,Yes,No,20,Yes,No phone service,Fiber optic,No internet service,No,Yes,No,Yes,Yes,Two year,Yes,Electronic check,59.63,1233.72,Yes,1-2yr,58.74857142857143,4,0,0
Female,0,Yes,Yes,32,Yes,No,Fiber optic,No internet service,Yes,No,No internet service,Yes,Yes,Month-to-month,Yes,Mailed check,32.02,989.42,Yes,2-4yr,29.98242424242424,4,0,0
Male,0,No,No,6,No,Yes,No,No,No,No internet service,No,Yes,No internet service,One year,No,Credit card (automatic),82.29,494.35,Yes,0-1yr,70.62142857142858,1,1,1
Male,0,Yes,No,64,Yes,No,No,No internet service,Yes,No internet service,Yes,No internet service,No,Month-to-month,No,Bank transfer (automatic),107.12,6851.39,No,4yr+,105.406,3,0,1
Male,0,No,No,2,No,No,DSL,Yes,No,No internet service,No,Yes,Yes,Month-to-month,No,Bank transfer (automatic),25.65,42.27,No,0-1yr,14.090000000000002,3,1,0
Male,0,Yes,Yes,50,Yes,Yes,Fiber optic,Yes,No,No,No,Yes,No internet service,One year,Yes,Bank transfer (automatic),74.91,3705.27,No,4yr+,72.65235294117647,3,0,1
Female,0,Yes,No,53,No,No,No,No internet service,Yes,No,No internet service,No,Yes,Month-to-month,No,Electronic check,29.73,1646.94,No,4yr+,30.49888888888889,2,0,0
Male,0,Yes,No,58,Yes,Yes,Fiber optic,Yes,No internet service,No,No,No,No,Month-to-month,Yes,Electronic check,20.75,1254.21,No,4yr+,21.257796610169493,2,0,0
Male,0,No,No,5,Yes,Yes,Fiber optic,No internet service,Yes,No,No,Yes,No,Two year,Yes,Electronic check,87.32,458.77,No,0-1yr,76.46166666666666,3,1,1
Female,0,No,Yes,28,Yes,Yes,DSL,No,Yes,Yes,Yes,No,Yes,Month-to-month,Yes,Bank transfer (automatic),87.55,2519.24,Yes,2-4yr,86.8703448275862,5,0,1
Female,0,Yes,No,16,Yes,No,DSL,No,No,No,No internet service,No,Yes,Month-to-month,Yes,Credit card (automatic),79.27,1292.04,No,1-2yr,76.00235294117647,2,0,1
Female,0,Yes,Yes,59,Yes,No,Fiber optic,Yes,No,No,No,Yes,Yes,One year,No,Bank transfer (automatic),105.64,6217.6,Yes,4yr+,103.62666666666668,4,0,1
Female,0,Yes,No,21,Yes,Yes,Fiber optic,No,No,No,No internet service,No,No,Month-to-month,No,Electronic check,26.25,530.18,No,1-2yr,24.099090909090908,1,0,0
Male,0,No,No,23,Yes,Yes,No,Yes,Yes,No,No,No,No,Month-to-month,Yes,Bank transfer (automatic),28.74,680.31,No,1-2yr,28.346249999999998,3,0,0
Male,1,Yes,No,50,Yes,No,Fiber optic,No internet service,No internet service,Yes,No internet service,No,Yes,Month-to-month,Yes,Electronic check,106.18,5240.09,Yes,4yr+,102.74686274509804,3,0,1
Female,0,No,No,49,No,No phone service,DSL,Yes,No,No,No internet service,Yes,No internet service,Month-to-month,Yes,Electronic check,69.33,3440.5,No,4yr+,68.81,2,0,1
Male,0,No,No,10,No,No,DSL,No,Yes,Yes,No,No,Yes,Month-to-month,Yes,Mailed check,45.85,377.08,Yes,0-1yr,34.28,3,0,0
Male,0,No,No,55,Yes,Yes,No,Yes,No,No internet service,No internet service,No,Yes,Two year,No,Mailed check,93.29,5186.07,No,4yr+,92.60839285714285,3,0,1
Male,0,Yes,No,70,Yes,Yes,Fiber optic,Yes,No internet service,Yes,Yes,No,Yes,Month-to-month,No,Credit card (automatic),109.23,7670.94,Yes,4yr+,108.04140845070422,5,0,1
Female,0,No,Yes,41,Yes,Yes,DSL,No,No,Yes,No,No,Yes,Month-to-month,Yes,Bank transfer (automatic),88.34,3719.48,Yes,2-4yr,88.55904761904762,3,0,1
Male,0,Yes,No,38,Yes,Yes,No,Yes,Yes,No internet service,No internet service,Yes,No internet service,Two year,Yes,Electronic check,98.78,3762.64,Yes,2-4yr,96.47794871794872,4,0,1
Female,1,Yes,No,68,Yes,No,Fiber optic,No,No,No,No,No,Yes,Two year,Yes,Electronic check,46.81,3215.88,No,4yr+,46.60695652173913,2,0,0
Male,0,No,No,47,Yes,No,DSL,Yes,Yes,Yes,No,No,No,Month-to-month,No,Electronic check,47.46,2265.47,No,2-4yr,47.197291666666665,4,0,0
Male,0,No,No,56,Yes,No,No,No,No,No,No,Yes,No internet service,Month-to-month,Yes,Electronic check,106.14,5899.56,Yes,4yr+,103.50105263157896,2,0,1
Male,0,Yes,No,20,Yes,No,No,No,No internet service,Yes,No,No internet service,No,One year,Yes,Electronic check,80.72,1561.03,Yes,1-2yr,74.3347619047619,2,0,1
Female,0,Yes,No,19,Yes,Yes,DSL,Yes,No,Yes,No internet service,No internet service,Yes,One year,Yes,Bank transfer (automatic),41.88,749.03,No,1-2yr,37.451499999999996,4,0,0
Male,0,No,No,14,Yes,Yes,No,No,No,Yes,No,Yes,No internet service,One year,Yes,Electronic check,71.46,998.8,Yes,1-2yr,66.58666666666666,3,0,1
Female,0,Yes,No,68,Yes,No,Fiber optic,No internet service,No internet service,No,No internet service,No internet service,No,Month-to-month,Yes,Credit card (automatic),87.96,5980.92,Yes,4yr+,86.68,1,0,1
Female,0,No,No,50,Yes,Yes,Fiber optic,Yes,No,No internet service,No,No,Yes,Month-to-month,No,Mailed check,40.29,2016.2,No,4yr+,39.53333333333333,3,0,0
Female,0,No,No,61,Yes,Yes,No,Yes,No,No,Yes,No,No,Month-to-month,No,Electronic check,84.8,5197.51,No,4yr+,83.8308064516129,3,0,1
Male,0,Yes,Yes,36,Yes,Yes,No,No,Yes,No,No,No internet service,No internet service,One year,Yes,Mailed check,22.3,765.66,No,2-4yr,20.693513513513512,2,0,0
Male,0,Yes,Yes,5,Yes,Yes,DSL,No,No,Yes,No,No,No,One year,Yes,Bank transfer (automatic),48.98,286.85,No,0-1yr,47.80833333333334,2,1,0
Male,0,Yes,No,70,Yes,Yes,DSL,No,No,No,Yes,No,No,Month-to-month,No,Mailed check,86.75,6094.03,No,4yr+,85.83140845070422,2,0,1
Male,0,No,No,25,Yes,No,DSL,No,No,No internet service,No,No internet service,No internet service,Month-to-month,No,Electronic check,33.23,909.78,No,2-4yr,34.99153846153846,1,0,0
Female,0,No,No,7,Yes,No,Fiber optic,No internet service,No internet service,Yes,No,Yes,No,Two year,Yes,Credit card (automatic),40.66,306.17,No,0-1yr,38.27125,3,0,0
Female,0,Yes,No,72,Yes,Yes,DSL,Yes,No internet service,No internet service,No internet service,Yes,Yes,Month-to-month,No,Electronic check,107.67,7748.77,No,4yr+,106.14753424657535,4,0,1
Female,0,No,Yes,3,Yes,Yes,Fiber optic,No,No,No,Yes,Yes,Yes,Month-to-month,No,Credit card (automatic),86.78,367.71,No,0-1yr,91.9275,4,1,1
Male,1,No,No,20,Yes,No,DSL,No,No,No internet service,No,No internet service,No,One year,Yes,Electronic check,68.89,1373.6,Yes,1-2yr,65.4095238095238,1,0,0
Female,1,Yes,Yes,30,Yes,Yes,Fiber optic,No,No,Yes,No,No internet service,Yes,Month-to-month,Yes,Bank transfer (automatic),39.51,1199.78,No,2-4yr,38.70258064516129,3,0,0
Male,0,No,Yes,20,Yes,Yes,DSL,No internet service,Yes,Yes,No internet service,Yes,No internet service,Month-to-month,No,Mailed check,52.82,1078.13,Yes,1-2yr,51.33952380952381,4,0,0
Female,1,Yes,No,24,No,Yes,No,No,Yes,No,No,No internet service,No,Month-to-month,No,Mailed check,76.58,1884.47,No,1-2yr,75.3788,1,0,1
Male,0,Yes,Yes,14,Yes,Yes,DSL,No internet service,No,No internet service,No internet service,Yes,No,One year,Yes,Electronic check,33.84,478.04,No,1-2yr,31.869333333333334,2,0,0
Male,0,Yes,No,34,Yes,No,DSL,No,No,Yes,No internet service,No internet service,No,Month-to-month,Yes,Electronic check,67.14,2421.11,No,2-4yr,69.17457142857143,2,0,0
Female,0,Yes,No,48,Yes,No,No,Yes,No internet service,No internet service,No,No,No,Two year,Yes,Bank transfer (automatic),59.72,2837.9,No,2-4yr,57.916326530612245,2,0,0
Female,0,Yes,No,42,Yes,Yes,Fiber optic,Yes,Yes,Yes,No,Yes,No,Month-to-month,No,Credit card (automatic),66.62,2872.52,No,2-4yr,66.80279069767442,5,0,0
Female,0,Yes,Yes,40,Yes,Yes,DSL,No,No,Yes,No internet service,Yes,Yes,One year,Yes,Mailed check,28.77,1077.68,No,2-4yr,26.284878048780488,4,0,0
Female,0,No,No,36,Yes,Yes,DSL,No,No,No,No,Yes,No,Month-to-month,Yes,Mailed check,28.86,989.73,No,2-4yr,26.74945945945946,2,0,0
Male,0,No,Yes,56,Yes,Yes,Fiber optic,Yes,No,No,No,Yes,No internet service,Month-to-month,No,Electronic check,116.34,6437.23,Yes,4yr+,112.9338596491228,3,0,1
Female,0,No,No,41,Yes,No phone service,Fiber optic,No,No internet service,No internet service,No,No,No,One year,Yes,Bank transfer (automatic),117.9,4787.64,Yes,2-4yr,113.99142857142859,1,0,1
Female,0,Yes,No,46,Yes,No,Fiber optic,No,No internet service,No,No internet service,Yes,No,Month-to-month,No,Electronic check,61.47,2745.82,No,2-4yr,58.42170212765958,2,0,0
Female,0,Yes,No,60,Yes,No,Fiber optic,Yes,Yes,Yes,No internet service,No internet service,Yes,One year,Yes,Electronic check,98.48,5914.21,Yes,4yr+,96.95426229508197,5,0,1
Male,0,Yes,Yes,13,Yes,No,Fiber optic,No,Yes,No,No internet service,No,No internet service,Month-to-month,Yes,Bank transfer (automatic),84.89,1058.93,Yes,1-2yr,75.63785714285714,2,0,1
Male,0,No,No,67,Yes,No,Fiber optic,No internet service,Yes,Yes,No,No,No internet service,Month-to-month,Yes,Mailed check,29.93,2081.05,No,4yr+,30.603676470588237,3,0,0
Female,1,No,No,52,Yes,No,Fiber optic,No,No,No,No,Yes,No,Month-to-month,No,Electronic check,48.26,2534.65,No,4yr+,47.82358490566038,2,0,0
Male,1,Yes,Yes,33,Yes,Yes,No,No,No,No,Yes,No internet service,No,One year,No,Electronic check,49.99,1653.0,No,2-4yr,48.61764705882353,2,0,0
Female,0,Yes,No,23,Yes,Yes,DSL,No,No,Yes,Yes,No,No,Month-to-month,Yes,Bank transfer (automatic),78.77,1825.0,No,1-2yr,76.04166666666667,3,0,1
Male,1,No,No,19,Yes,No,Fiber optic,No,No,No,No internet service,No internet service,No,Two year,No,Electronic check,77.16,1498.34,Yes,1-2yr,74.917,1,0,1
Male,0,Yes,Yes,68,Yes,Yes,DSL,Yes,No,No,No,No internet service,No internet service,Month-to-month,No,Credit card (automatic),112.2,7689.24,No,4yr+,111.43826086956521,2,0,1
Male,1,Yes,Yes,29,Yes,No phone service,Fiber optic,No,No,No,No,Yes,Yes,Month-to-month,Yes,Electronic check,98.58,2833.96,Yes,2-4yr,94.46533333333333,3,0,1
Male,0,No,No,6,Yes,No,No,No,No,No,No,Yes,No,Month-to-month,Yes,Electronic check,105.4,598.32,Yes,0-1yr,85.47428571428573,2,1,1
Female,0,No,Yes,35,Yes,No phone service,Fiber optic,No,No,Yes,No internet service,No internet service,Yes,Month-to-month,Yes,Bank transfer (automatic),108.91,3832.59,No,2-4yr,106.46083333333334,3,0,1
Female,0,Yes,Yes,37,Yes,Yes,No,Yes,Yes,Yes,Yes,No internet service,Yes,Month-to-month,No,Mailed check,99.73,3768.46,No,2-4yr,99.17,6,0,1
Female,0,Yes,No,51,Yes,No,Fiber optic,Yes,No,Yes,No,No,No,Two year,No,Electronic check,51.95,2581.35,No,4yr+,49.64134615384615,3,0,0
Male,0,No,No,14,Yes,Yes,No,No internet service,No,Yes,No,Yes,Yes,Month-to-month,Yes,Mailed check,39.93,578.98,No,1-2yr,38.59866666666667,4,0,0
Female,0,Yes,No,45,Yes,No phone service,Fiber optic,No,No,No,No,No,No,Month-to-month,Yes,Electronic check,76.32,3498.95,Yes,2-4yr,76.0641304347826,1,0,1
Female,0,Yes,No,22,Yes,Yes,DSL,No,No internet service,No internet service,No internet service,Yes,Yes,Two year,Yes,Bank transfer (automatic),88.34,1974.26,No,1-2yr,85.83739130434783,3,0,1
Female,0,Yes,No,11,Yes,No,DSL,No,No internet service,No,No internet service,Yes,No,Month-to-month,Yes,Mailed check,57.43,648.33,No,0-1yr,54.0275,2,0,0
Male,0,Yes,Yes,43,Yes,No,Fiber optic,No internet service,No internet service,No,No,No,Yes,Month-to-month,Yes,Bank transfer (automatic),104.53,4521.81,Yes,2-4yr,102.7684090909091,2,0,1
Male,0,Yes,No,14,Yes,No,DSL,No,No,No,No internet service,Yes,No,Month-to-month,Yes,Bank transfer (automatic),115.98,1713.89,Yes,1-2yr,114.25933333333334,2,0,1
Male,0,No,No,48,Yes,No,Fiber optic,No,No,Yes,No,No,No,Month-to-month,Yes,Bank transfer (automatic),76.08,3691.59,No,2-4yr,75.33857142857143,2,0,1
Female,0,Yes,Yes,20,Yes,No phone service,Fiber optic,No internet service,No,No internet service,No internet service,No internet service,No internet service,Month-to-month,No,Credit card (automatic),64.57,1213.84,No,1-2yr,57.80190476190476,1,0,0
Female,0,Yes,No,14,Yes,No,No,No,Yes,No internet service,Yes,No internet service,No internet service,Month-to-month,Yes,Bank transfer (automatic),103.97,1451.35,No,1-2yr,96.75666666666666,3,0,1
Female,0,No,No,13,Yes,No,Fiber optic,Yes,No,No,No,No internet service,Yes,Month-to-month,Yes,Mailed check,20.48,270.62,No,1-2yr,19.330000000000002,3,0,0
Male,0,No,Yes,41,Yes,Yes,No,Yes,Yes,Yes,No,No internet service,Yes,One year,Yes,Mailed check,31.16,1328.85,No,2-4yr,31.639285714285712,5,0,0
Male,1,No,Yes,14,Yes,No,No,No internet service,Yes,No,Yes,Yes,No,One year,Yes,Electronic check,104.26,1463.8,Yes,1-2yr,97.58666666666666,4,0,1
Female,0,No,No,62,Yes,No,No,No internet service,No,Yes,Yes,No internet service,No,One year,No,Bank transfer (automatic),92.67,5746.34,No,4yr+,91.21174603174603,3,0,1
Male,0,Yes,No,67,Yes,Yes,DSL,No,No internet service,No,No,No internet service,Yes,Month-to-month,Yes,Bank transfer (automatic),60.45,4052.28,Yes,4yr+,59.59235294117647,2,0,0
Male,1,No,No,26,Yes,Yes,Fiber optic,No,Yes,No internet service,No,No internet service,Yes,Month-to-month,Yes,Electronic check,108.66,2837.15,Yes,2-4yr,105.07962962962964,3,0,1
Male,0,Yes,No,52,Yes,No,Fiber optic,No,No internet service,Yes,Yes,No,No,Month-to-month,Yes,Credit card (automatic),53.85,2795.53,No,4yr+,52.745849056603774,3,0,0
Male,0,No,Yes,51,Yes,Yes,Fiber optic,No,Yes,No internet service,No,Yes,No internet service,Month-to-month,Yes,Bank transfer (automatic),82.65,4194.19,No,4yr+,80.6575,3,0,1
Female,0,No,Yes,62,Yes,Yes,Fiber optic,No,Yes,No internet service,No,Yes,No internet service,Month-to-month,Yes,Mailed check,82.7,5120.01,Yes,4yr+,81.27000000000001,3,0,1
Male,0,No,Yes,72,Yes,No,No,Yes,No,No internet service,No,Yes,Yes,Month-to-month,No,Electronic check,36.8,2664.86,No,4yr+,36.50493150684932,4,0,0
Male,0,No,Yes,52,Yes,Yes,Fiber optic,No internet service,No,No,No,No internet service,No,Month-to-month,Yes,Mailed check,47.05,2477.63,Yes,4yr+,46.7477358490566,1,0,0
Male,0,Yes,Yes,56,Yes,Yes,Fiber optic,No,Yes,Yes,Yes,No,Yes,One year,No,Bank transfer (automatic),111.43,6376.9,Yes,4yr+,111.87543859649122,5,0,1
Male,0,No,No,51,Yes,No,No,No,Yes,No,No,No internet service,No,Month-to-month,Yes,Electronic check,36.71,1805.75,No,4yr+,34.72596153846154,2,0,0
Female,1,No,No,42,No,Yes,DSL,No,No,No,No internet service,No,No,Two year,Yes,Mailed check,35.7,1528.76,Yes,2-4yr,35.55255813953488,0,0,0
Female,0,No,No,6,Yes,Yes,Fiber optic,Yes,Yes,Yes,No,No,No internet service,One year,Yes,Credit card (automatic),66.92,475.31,Yes,0-1yr,67.90142857142857,4,1,0
Male,0,Yes,Yes,41,Yes,Yes,Fiber optic,No,No,No,No,Yes,No,Month-to-month,No,Bank transfer (automatic),27.4,1084.73,No,2-4yr,25.826904761904764,2,0,0
Male,0,No,No,3,Yes,No,DSL,No,No,No,No,Yes,Yes,Month-to-month,Yes,Mailed check,109.25,361.98,Yes,0-1yr,90.495,3,1,1
Male,0,Yes,No,68,Yes,No,Fiber optic,No,Yes,Yes,No,No,No,One year,Yes,Mailed check,28.22,1900.72,No,4yr+,27.546666666666667,3,0,0
Male,0,Yes,Yes,4,Yes,No,DSL,No,No internet service,Yes,No,No,No internet service,One year,Yes,Electronic check,80.89,297.74,Yes,0-1yr,59.548,2,1,1
Male,0,Yes,No,40,Yes,Yes,No,No,Yes,Yes,No internet service,Yes,Yes,Month-to-month,No,Credit card (automatic),52.66,2069.74,No,2-4yr,50.48146341463414,5,0,0
Male,0,Yes,No,3,Yes,Yes,DSL,No internet service,No,No,Yes,No,Yes,Month-to-month,Yes,Credit card (automatic),100.04,295.59,No,0-1yr,73.8975,3,1,1
Female,0,No,Yes,1,Yes,Yes,DSL,Yes,No,No,No internet service,Yes,No,Month-to-month,No,Bank transfer (automatic),78.16,71.75,Yes,0-1yr,35.875,3,1,1
Male,0,Yes,No,66,Yes,No,Fiber optic,No,No internet service,Yes,Yes,No internet service,No,Month-to-month,No,Electronic check,57.61,3839.92,No,4yr+,57.31223880597015,3,0,0
Female,0,No,Yes,20,Yes,No phone service,DSL,No,No,No internet service,No,Yes,No internet service,Two year,No,Electronic check,118.36,2294.99,No,1-2yr,109.28523809523809,2,0,1
Female,0,Yes,No,69,Yes,Yes,DSL,No,No,Yes,No internet service,No,No,Month-to-month,Yes,Electronic check,24.76,1750.94,Yes,4yr+,25.013428571428573,2,0,0
Male,0,Yes,No,42,No,Yes,Fiber optic,No,Yes,No,No internet service,Yes,No,Month-to-month,No,Mailed check,76.93,3272.45,No,2-4yr,76.10348837209303,2,0,1
Female,0,Yes,No,68,Yes,Yes,Fiber optic,No,No,No,No internet service,No internet service,No,Month-to-month,Yes,Electronic check,118.94,8103.37,Yes,4yr+,117.44014492753622,1,0,1
Female,0,Yes,Yes,8,No,No,Fiber optic,No internet service,No,No internet service,No internet service,No,No internet service,Two year,Yes,Bank transfer (automatic),88.48,822.23,No,0-1yr,91.35888888888888,0,0,1
Female,0,Yes,No,27,Yes,No,Fiber optic,Yes,No,Yes,No,No,No,One year,No,Mailed check,93.46,2585.09,No,2-4yr,92.32464285714286,3,0,1
Female,1,Yes,No,25,Yes,No,Fiber optic,No,No internet service,No internet service,No,No internet service,No internet service,One year,Yes,Electronic check,21.27,506.71,No,2-4yr,19.488846153846154,1,0,0
Female,1,No,No,2,Yes,No,Fiber optic,Yes,Yes,No internet service,No,Yes,Yes,Two year,No,Bank transfer (automatic),20.18,0.0,No,0-1yr,0.0,5,1,0
Female,0,Yes,No,72,Yes,No,DSL,Yes,No internet service,No,No,Yes,No internet service,Two year,Yes,Electronic check,21.68,1526.57,No,4yr+,20.911917808219176,3,0,0
Male,1,Yes,No,48,Yes,Yes,DSL,No,No internet service,No,No,No,No,One year,No,Credit card (automatic),119.16,5690.63,No,2-4yr,116.13530612244898,1,0,1
Female,0,Yes,No,16,Yes,Yes,Fiber optic,Yes,No,Yes,No,No,Yes,Month-to-month,Yes,Mailed check,117.91,1795.15,Yes,1-2yr,105.59705882352942,4,0,1
Female,1,No,No,62,Yes,No,No,No internet service,No,No,No,Yes,Yes,Month-to-month,No,Electronic check,52.12,3256.15,No,4yr+,51.68492063492064,3,0,0
Female,0,No,No,54,Yes,No,DSL,No internet service,No,No,No internet service,No,No,One year,Yes,Electronic check,47.68,2509.03,No,4yr+,45.61872727272728,1,0,0
Male,1,No,No,22,Yes,No,Fiber optic,No,No internet service,No,No,Yes,Yes,Month-to-month,Yes,Credit card (automatic),32.89,735.23,Yes,1-2yr,31.966521739130435,3,0,0
Female,1,Yes,No,33,Yes,No,Fiber optic,No,Yes,No,Yes,Yes,No internet service,One year,No,Bank transfer (automatic),51.57,1748.7,No,2-4yr,51.432352941176475,4,0,0
Male,0,Yes,No,68,Yes,No,Fiber optic,No,No,No,No,No,No,Month-to-month,No,Mailed check,55.76,3861.65,Yes,4yr+,55.96594202898551,1,0,0
Female,1,No,No,14,Yes,No,Fiber optic,No internet service,No,Yes,No,No internet service,Yes,One year,Yes,Electronic check,94.32,1307.91,Yes,1-2yr,87.194,3,0,1
Male,0,Yes,No,46,No,No,DSL,No,No internet service,Yes,No,No,No,Month-to-month,Yes,Bank transfer (automatic),106.36,4856.75,No,2-4yr,103.33510638297872,1,0,1
Male,0,Yes,No,2,Yes,No,Fiber optic,Yes,No internet service,Yes,No internet service,No,Yes,Month-to-month,Yes,Electronic check,94.17,255.16,Yes,0-1yr,85.05333333333333,4,1,1
Female,0,Yes,No,27,No,Yes,DSL,No,No,Yes,No,No internet service,No,One year,Yes,Credit card (automatic),83.94,2341.7,No,2-4yr,83.63214285714285,1,0,1
Female,0,Yes,Yes,2,Yes,No,Fiber optic,No,Yes,No,No internet service,Yes,No,Month-to-month,Yes,Credit card (automatic),96.12,226.37,Yes,0-1yr,75.45666666666666,3,1,1
Male,0,Yes,No,3,Yes,No phone service,No,No,No,No internet service,No,No,No internet service,One year,No,Bank transfer (automatic),93.33,245.39,No,0-1yr,61.3475,1,1,1
Female,0,No,No,30,Yes,Yes,Fiber optic,No internet service,Yes,No,No,No internet service,No,Month-to-month,Yes,Credit card (automatic),66.53,2045.46,No,2-4yr,65.98258064516129,2,0,0
Male,1,Yes,Yes,44,Yes,No,DSL,No internet service,No internet service,No,No,Yes,No internet service,Two year,Yes,Electronic check,52.26,2355.25,Yes,2-4yr,52.33888888888889,2,0,0
Male,0,No,No,58,Yes,No,No,No,No,No,Yes,Yes,No internet service,Two year,No,Electronic check,46.84,2713.64,No,4yr+,45.99389830508474,3,0,0
Male,0,Yes,Yes,44,Yes,Yes,No,No,No,Yes,Yes,No internet service,No,Month-to-month,Yes,Electronic check,87.29,3902.75,No,2-4yr,86.72777777777777,3,0,1
Male,1,Yes,Yes,36,No,No,Fiber optic,No internet service,No,No,Yes,No internet service,No,One year,No,Electronic check,115.85,4137.34,Yes,2-4yr,111.82000000000001,1,0,1
Male,1,No,Yes,64,Yes,Yes,Fiber optic,No,No,Yes,No,Yes,No,Month-to-month,No,Credit card (automatic),77.27,5000.72,Yes,4yr+,76.93415384615385,3,0,1
Female,1,Yes,No,8,Yes,No phone service,DSL,No,Yes,No,Yes,Yes,Yes,Month-to-month,No,Electronic check,111.08,959.01,Yes,0-1yr,106.55666666666667,5,0,1
Male,0,No,No,16,Yes,No,No,Yes,Yes,Yes,No internet service,Yes,No internet service,One year,No,Credit card (automatic),19.45,299.1,No,1-2yr,17.594117647058823,5,0,0
Male,1,No,No,64,Yes,Yes,Fiber optic,No internet service,Yes,Yes,No,No,No,One year,No,Bank transfer (automatic),99.04,6353.99,Yes,4yr+,97.7536923076923,3,0,1
Female,0,Yes,No,2,Yes,Yes,No,No,No,No,No,No,Yes,Month-to-month,Yes,Mailed check,105.07,152.08,Yes,0-1yr,50.693333333333335,2,1,1
Male,0,No,No,25,No,No,Fiber optic,Yes,Yes,No internet service,Yes,No,No internet service,Month-to-month,Yes,Electronic check,82.36,2002.2,No,2-4yr,77.00769230769231,3,0,1
Female,0,Yes,No,52,No,Yes,DSL,No internet service,No,No,No,No internet service,Yes,Two year,No,Electronic check,113.27,5905.9,No,4yr+,111.43207547169811,1,0,1
Female,0,No,No,30,No,Yes,No,No,No,No internet service,No,Yes,No internet service,Month-to-month,Yes,Electronic check,78.17,2318.09,Yes,2-4yr,74.77709677419355,1,0,1
Female,0,Yes,No,25,No,No,Fiber optic,No internet service,No,No,No,No internet service,Yes,Two year,Yes,Mailed check,42.53,1075.29,No,2-4yr,41.35730769230769,1,0,0
Male,0,No,Yes,22,Yes,Yes,DSL,Yes,Yes,No,No,Yes,No,One year,No,Mailed check,40.0,888.19,No,1-2yr,38.616956521739134,4,0,0
Male,0,Yes,Yes,29,Yes,Yes,DSL,No,Yes,No,No,Yes,No,Month-to-month,No,Bank transfer (automatic),74.7,2198.92,Yes,2-4yr,73.29733333333334,3,0,1
Male,0,No,No,9,Yes,No,Fiber optic,No,Yes,No internet service,No,No,No,Month-to-month,Yes,Bank transfer (automatic),110.46,1020.62,Yes,0-1yr,102.062,2,0,1
Female,0,No,No,71,No,No phone service,DSL,No,No,Yes,No,Yes,Yes,Month-to-month,No,Mailed check,25.38,1848.01,No,4yr+,25.666805555555555,3,0,0
Male,0,No,Yes,63,Yes,No,Fiber optic,No,Yes,Yes,Yes,No,Yes,Two year,No,Electronic check,79.65,5029.3,Yes,4yr+,78.5828125,5,0,1
Female,0,No,Yes,21,Yes,No,Fiber optic,No internet service,No internet service,Yes,No,No internet service,Yes,Two year,No,Credit card (automatic),96.52,2042.28,No,1-2yr,92.83090909090909,3,0,1
Male,0,No,No,14,Yes,Yes,Fiber optic,No,No,No,No,Yes,No internet service,One year,No,Electronic check,29.77,416.68,No,1-2yr,27.778666666666666,2,0,0
Female,0,No,No,55,Yes,Yes,Fiber optic,No internet service,Yes,No internet service,No,No,Yes,Month-to-month,Yes,Electronic check,29.91,1697.54,Yes,4yr+,30.313214285714285,3,0,0
Male,0,Yes,No,19,Yes,Yes,No,Yes,No,No,No,Yes,No,One year,No,Bank transfer (automatic),55.35,1143.67,No,1-2yr,57.1835,3,0,0
Male,1,Yes,No,46,Yes,No,DSL,Yes,No,No,No,Yes,No internet service,Month-to-month,No,Credit card (automatic),45.94,2150.72,No,2-4yr,45.76,3,0,0
Male,0,Yes,No,52,Yes,No phone service,Fiber optic,Yes,No,No internet service,Yes,No,No internet service,One year,No,Credit card (automatic),38.23,2012.83,No,4yr+,37.977924528301884,3,0,0
Female,0,Yes,No,52,Yes,No,DSL,No,Yes,No,No internet service,No internet service,Yes,Month-to-month,No,Electronic check,38.27,1979.17,Yes,4yr+,37.342830188679244,3,0,0
Female,0,Yes,No,0,Yes,No,Fiber optic,No,Yes,No,No,No,No internet service,Two year,Yes,Mailed check,31.33,12.15,No,0-1yr,12.15,2,1,0
Male,0,No,Yes,1,Yes,No,No,No internet service,Yes,No internet service,No internet service,No,Yes,One year,Yes,Electronic check,80.31,60.56,No,0-1yr,30.28,3,1,1
Male,1,Yes,No,57,Yes,Yes,No,No,No,No,No,No internet service,No,Month-to-month,Yes,Credit card (automatic),88.19,4996.04,Yes,4yr+,86.13862068965517,1,0,1
Female,0,No,Yes,18,Yes,No,Fiber optic,No,No internet service,No,Yes,No internet service,No,Two year,No,Electronic check,89.7,1604.79,No,1-2yr,84.46263157894737,2,0,1
Female,0,Yes,Yes,61,Yes,Yes,Fiber optic,No,No,Yes,No,Yes,Yes,Month-to-month,No,Electronic check,72.3,4499.78,Yes,4yr+,72.57709677419355,4,0,1
Female,0,Yes,No,71,Yes,Yes,No,Yes,No internet service,Yes,Yes,No,Yes,Month-to-month,Yes,Credit card (automatic),115.2,8174.96,Yes,4yr+,113.5411111111111,5,0,1
Male,0,No,No,11,Yes,No,No,Yes,Yes,No,No internet service,No,No,Month-to-month,Yes,Credit card (automatic),107.81,1267.08,Yes,0-1yr,105.58999999999999,3,0,1
Female,0,No,No,25,Yes,No,No,No,Yes,No,No internet service,No,No,One year,No,Bank transfer (automatic),115.68,2843.39,No,2-4yr,109.36115384615384,2,0,1
Male,0,No,Yes,26,Yes,No,Fiber optic,No,No,No internet service,No,No,No internet service,Two year,Yes,Electronic check,57.66,1506.11,No,2-4yr,55.78185185185185,1,0,0
Female,0,No,No,28,Yes,No,No,No,Yes,No internet service,No,Yes,Yes,Two year,Yes,Mailed check,107.53,3046.87,No,2-4yr,105.06448275862068,4,0,1
Male,0,Yes,No,14,Yes,Yes,DSL,No,Yes,No internet service,No,No,No internet service,One year,Yes,Credit card (automatic),95.81,1379.95,Yes,1-2yr,91.99666666666667,2,0,1
Female,0,No,No,45,Yes,No,DSL,No,No,Yes,No internet service,No,No,Month-to-month,No,Bank transfer (automatic),52.68,2316.45,No,2-4yr,50.35760869565217,2,0,0
Female,1,Yes,Yes,0,Yes,No,DSL,No,Yes,No internet service,Yes,No,No internet service,Month-to-month,No,Electronic check,28.87,0.0,Yes,0-1yr,0.0,3,1,0
Female,1,Yes,No,59,No,Yes,DSL,No internet service,No,No,No,No internet service,No,Month-to-month,Yes,Electronic check,87.63,5201.14,Yes,4yr+,86.68566666666668,0,0,1
Female,0,Yes,No,56,Yes,No,Fiber optic,Yes,Yes,No,No,No internet service,No internet service,Two year,Yes,Credit card (automatic),31.92,1759.86,No,4yr+,30.87473684210526,3,0,0
Female,0,Yes,Yes,2,Yes,No,No,No,No,No,No internet service,No,Yes,Two year,No,Mailed check,47.97,127.66,No,0-1yr,42.553333333333335,2,1,0
Male,0,Yes,No,17,Yes,No,Fiber optic,No,No internet service,Yes,No internet service,No,No,Month-to-month,No,Bank transfer (automatic),69.04,1245.47,Yes,1-2yr,69.19277777777778,2,0,0
Female,0,No,No,51,Yes,No,Fiber optic,No internet service,Yes,Yes,No internet service,No,Yes,One year,No,Mailed check,87.35,4422.05,No,4yr+,85.03942307692309,4,0,1
Female,0,No,Yes,59,Yes,No,Fiber optic,Yes,No internet service,No internet service,No,No,Yes,One year,Yes,Mailed check,112.48,6610.21,Yes,4yr+,110.17016666666667,3,0,1
Female,1,Yes,Yes,33,Yes,No,Fiber optic,No,No,No,Yes,No internet service,No,Month-to-month,Yes,Credit card (automatic),78.51,2489.52,No,2-4yr,73.22117647058823,2,0,1
Male,1,Yes,Yes,59,Yes,Yes,Fiber optic,No,No internet service,No,No,No,No,Month-to-month,No,Electronic check,86.48,5142.38,Yes,4yr+,85.70633333333333,1,0,1
Female,0,Yes,No,25,Yes,Yes,No,No,Yes,No,No,Yes,Yes,Two year,Yes,Bank transfer (automatic),49.62,1347.02,No,2-4yr,51.808461538461536,4,0,0
Male,0,Yes,Yes,71,Yes,Yes,Fiber optic,Yes,No,No internet service,No,No,No,Month-to-month,Yes,Electronic check,88.1,6192.76,Yes,4yr+,86.01055555555556,2,0,1
Female,0,No,No,18,Yes,Yes,Fiber optic,Yes,No,No,Yes,No,No,Two year,No,Electronic check,62.65,1189.9,No,1-2yr,62.626315789473686,3,0,0
Female,0,Yes,No,21,Yes,No phone service,Fiber optic,No,No,No,No,No,Yes,Month-to-month,No,Bank transfer (automatic),105.41,2280.38,Yes,1-2yr,103.65363636363637,2,0,1
Male,0,No,No,32,Yes,No,No,No,No,Yes,Yes,No,No,Month-to-month,No,Credit card (automatic),58.03,1896.16,No,2-4yr,57.45939393939394,3,0,0
Female,0,Yes,Yes,37,No,Yes,DSL,Yes,No,Yes,No internet service,Yes,No,Month-to-month,No,Bank transfer (automatic),65.76,2402.84,No,2-4yr,63.23263157894737,3,0,0
Male,0,No,Yes,34,Yes,Yes,Fiber optic,No,No internet service,No internet service,Yes,Yes,Yes,Two year,Yes,Electronic check,62.12,2099.91,No,2-4yr,59.997428571428564,4,0,0
Male,0,Yes,No,66,Yes,Yes,Fiber optic,Yes,No,No,No,Yes,No,Month-to-month,Yes,Electronic check,100.73,6675.8,Yes,4yr+,99.63880597014925,3,0,1
Female,0,No,No,9,Yes,No,Fiber optic,No internet service,Yes,No,Yes,No,No,Two year,Yes,Credit card (automatic),115.28,1063.68,No,0-1yr,106.36800000000001,3,0,1
Male,1,Yes,No,14,Yes,No,No,No,No,No,No,Yes,No internet service,Month-to-month,Yes,Electronic check,51.38,706.79,Yes,1-2yr,47.11933333333333,2,0,0
Female,0,No,Yes,10,Yes,No,Fiber optic,No internet service,No,No internet service,No internet service,No internet service,Yes,Month-to-month,Yes,Credit card (automatic),66.45,687.52,Yes,0-1yr,62.50181818181818,2,0,0
Female,0,Yes,No,23,Yes,No phone service,Fiber optic,No,No,No,Yes,Yes,No internet service,Two year,No,Electronic check,90.0,2051.95,No,1-2yr,85.49791666666665,3,0,1
Male,0,Yes,No,3,No,Yes,No,No internet service,No,No,Yes,No internet service,Yes,Month-to-month,Yes,Credit card (automatic),109.33,322.36,No,0-1yr,80.59,2,1,1
Male,0,No,Yes,12,No,Yes,Fiber optic,No,No internet service,No,Yes,Yes,No,Two year,Yes,Credit card (automatic),68.36,810.18,No,0-1yr,62.32153846153846,2,0,0
Male,0,No,No,72,Yes,Yes,Fiber optic,No,No,Yes,No,Yes,Yes,Month-to-month,Yes,Electronic check,29.11,2150.66,No,4yr+,29.461095890410956,4,0,0
Male,0,No,No,56,Yes,Yes,DSL,No,Yes,No internet service,No,No,No internet service,One year,No,Bank transfer (automatic),55.6,3042.17,No,4yr+,53.371403508771934,2,0,0
Female,1,No,Yes,36,Yes,No phone service,DSL,No,Yes,No internet service,No,Yes,No,One year,Yes,Electronic check,74.14,2701.53,Yes,2-4yr,73.01432432432433,3,0,1
Female,0,No,No,47,Yes,No,Fiber optic,No,No internet service,No internet service,No,No internet service,Yes,Two year,No,Electronic check,60.59,2865.69,No,2-4yr,59.701875,2,0,0
Male,1,Yes,No,70,Yes,No,DSL,Yes,No,No internet service,Yes,Yes,Yes,Month-to-month,Yes,Mailed check,37.03,2478.64,No,4yr+,34.91042253521127,5,0,0
Female,0,Yes,Yes,0,Yes,No,No,Yes,No internet service,No internet service,No internet service,No,Yes,One year,No,Bank transfer (automatic),21.77,43.55,No,0-1yr,43.55,3,1,0
Female,0,Yes,No,59,Yes,Yes,Fiber optic,No,Yes,No,No internet service,No internet service,Yes,Month-to-month,No,Electronic check,88.12,5248.87,Yes,4yr+,87.48116666666667,3,0,1
Female,0,No,No,11,Yes,Yes,DSL,No,No,No internet service,No internet service,No,No,Month-to-month,Yes,Bank transfer (automatic),119.26,1291.6,No,0-1yr,107.63333333333333,1,0,1
Female,0,Yes,No,20,Yes,No,Fiber optic,Yes,No,No,No internet service,Yes,No,Month-to-month,No,Electronic check,111.76,2259.44,Yes,1-2yr,107.59238095238095,3,0,1
Male,0,Yes,Yes,10,Yes,No,Fiber optic,No,Yes,Yes,No,Yes,No internet service,Month-to-month,Yes,Electronic check,87.69,890.28,Yes,0-1yr,80.93454545454546,4,0,1
Male,0,No,No,43,No,Yes,DSL,No,No,No,No,No,No internet service,Two year,No,Bank transfer (automatic),103.84,4576.71,No,2-4yr,104.01613636363636,0,0,1
Female,0,No,No,57,Yes,No,DSL,No internet service,No,No internet service,No,Yes,No,One year,No,Mailed check,44.08,2537.68,No,4yr+,43.75310344827586,2,0,0
Male,1,Yes,No,43,Yes,No,Fiber optic,Yes,No,No,Yes,No,Yes,Month-to-month,Yes,Bank transfer (automatic),81.49,3509.36,No,2-4yr,79.75818181818182,4,0,1
Male,1,Yes,Yes,33,Yes,Yes,Fiber optic,No,No internet service,No internet service,No,No internet service,Yes,Two year,Yes,Bank transfer (automatic),24.18,852.69,No,2-4yr,25.079117647058826,2,0,0
Male,1,Yes,No,24,Yes,No,Fiber optic,No internet service,No internet service,Yes,Yes,No internet service,No,Month-to-month,Yes,Credit card (automatic),90.13,2243.5,Yes,1-2yr,89.74,3,0,1
Female,0,Yes,No,3,Yes,Yes,Fiber optic,No,No internet service,Yes,No,Yes,No,One year,No,Mailed check,116.93,454.39,No,0-1yr,113.5975,3,1,1
Female,0,Yes,No,63,Yes,No,Fiber optic,Yes,No internet service,No,No,Yes,No,Two year,Yes,Electronic check,105.8,6635.52,Yes,4yr+,103.68,3,0,1
Female,0,No,No,15,Yes,No,Fiber optic,No internet service,No,Yes,Yes,Yes,No internet service,Two year,No,Bank transfer (automatic),72.51,1109.14,No,1-2yr,69.32125,4,0,1
Male,0,No,Yes,9,No,No phone service,Fiber optic,No,No,Yes,Yes,No,No internet service,Month-to-month,No,Bank transfer (automatic),98.45,854.99,Yes,0-1yr,85.499,2,0,1
Female,0,No,Yes,65,Yes,Yes,No,No,No internet service,Yes,No,Yes,Yes,One year,No,Mailed check,114.28,7544.26,Yes,4yr+,114.3069696969697,4,0,1
Female,0,Yes,No,34,Yes,Yes,DSL,No internet service,No,No internet service,Yes,No internet service,Yes,Month-to-month,Yes,Bank transfer (automatic),40.03,1363.39,No,2-4yr,38.954,3,0,0
Male,0,No,Yes,5,Yes,Yes,No,No internet service,Yes,Yes,No internet service,No,No internet service,Two year,Yes,Electronic check,98.91,542.4,No,0-1yr,90.39999999999999,3,1,1
Female,0,Yes,No,18,Yes,Yes,Fiber optic,No,No,Yes,Yes,Yes,No internet service,Month-to-month,Yes,Electronic check,45.52,811.09,No,1-2yr,42.688947368421054,4,0,0
Female,1,Yes,Yes,58,No,No,No,Yes,Yes,Yes,No,No,Yes,One year,Yes,Bank transfer (automatic),107.45,6257.06,No,4yr+,106.05186440677967,4,0,1
Male,0,No,No,52,Yes,No phone service,Fiber optic,No,No,No,No,Yes,No,Month-to-month,Yes,Electronic check,28.03,1367.27,Yes,4yr+,25.79754716981132,2,0,0
Male,0,Yes,No,7,No,Yes,DSL,Yes,Yes,No,Yes,Yes,No,One year,Yes,Mailed check,36.18,305.27,No,0-1yr,38.15875,4,0,0
Male,0,Yes,No,9,Yes,Yes,Fiber optic,Yes,Yes,No,No,Yes,No,One year,Yes,Mailed check,91.5,888.63,Yes,0-1yr,88.863,4,0,1
Female,1,No,No,66,Yes,Yes,Fiber optic,No,No internet service,No,No,Yes,Yes,One year,Yes,Mailed check,35.83,2335.15,No,4yr+,34.852985074626865,3,0,0
Female,0,Yes,Yes,37,Yes,No,Fiber optic,No internet service,No,Yes,No internet service,No,No internet service,One year,Yes,Bank transfer (automatic),34.12,1171.95,No,2-4yr,30.84078947368421,2,0,0
Female,0,No,No,28,Yes,Yes,Fiber optic,No internet service,No internet service,No,No,No,No,Two year,Yes,Electronic check,74.66,2164.62,No,2-4yr,74.64206896551724,1,0,1
Male,0,Yes,Yes,14,No,Yes,No,No,No,No internet service,Yes,Yes,Yes,One year,Yes,Credit card (automatic),103.17,1512.18,No,1-2yr,100.812,3,0,1
Male,0,No,No,22,Yes,No,Fiber optic,No,No internet service,Yes,Yes,No internet service,No,Month-to-month,Yes,Bank transfer (automatic),45.38,1037.91,No,1-2yr,45.12652173913044,3,0,0
Female,0,Yes,No,45,Yes,Yes,Fiber optic,Yes,No,No,No,No,No,Two year,Yes,Mailed check,103.8,4661.74,Yes,2-4yr,101.34217391304347,2,0,1
Female,0,Yes,No,27,Yes,No,DSL,Yes,No,Yes,Yes,Yes,No internet service,Month-to-month,No,Electronic check,100.41,2697.07,Yes,2-4yr,96.32392857142858,5,0,1
Male,0,No,No,25,Yes,No,No,Yes,No internet service,Yes,No,Yes,Yes,One year,Yes,Electronic check,77.07,1993.45,No,2-4yr,76.67115384615384,5,0,1
Male,0,Yes,No,9,Yes,Yes,No,No,Yes,No,No internet service,No,No internet service,Two year,No,Bank transfer (automatic),83.95,739.51,No,0-1yr,73.951,2,0,1
Male,0,Yes,No,46,Yes,No,No,Yes,No internet service,No,No,No internet service,Yes,Month-to-month,Yes,Electronic check,22.13,1025.85,Yes,2-4yr,21.826595744680848,3,0,0
Male,1,Yes,No,3,Yes,No,DSL,No internet service,No,Yes,No,No,No,Two year,No,Electronic check,55.45,166.09,No,0-1yr,41.5225,2,1,0
Female,0,Yes,No,54,Yes,No,Fiber optic,No,No,Yes,No,No internet service,No,Two year,No,Mailed check,44.87,2439.38,No,4yr+,44.35236363636364,2,0,0
Male,0,Yes,Yes,65,Yes,No,DSL,Yes,Yes,No internet service,No internet service,No,No,Month-to-month,No,Bank transfer (automatic),33.3,2159.13,Yes,4yr+,32.71409090909091,3,0,0
Female,0,Yes,No,66,Yes,Yes,Fiber optic,Yes,No,No internet service,Yes,No,No,Month-to-month,No,Bank transfer (automatic),57.75,3811.98,Yes,4yr+,56.895223880597015,3,0,0
Female,0,No,No,6,Yes,No,DSL,No,No,No internet service,No,No,No internet service,Month-to-month,Yes,Bank transfer (automatic),54.2,414.78,Yes,0-1yr,59.25428571428571,1,1,0
Female,0,Yes,Yes,54,Yes,No,Fiber optic,No internet service,No internet service,No,No internet service,No,No,Two year,Yes,Credit card (automatic),92.35,5013.14,No,4yr+,91.14800000000001,1,0,1
Male,0,No,Yes,30,Yes,Yes,Fiber optic,No,No internet service,No,Yes,Yes,No,Month-to-month,Yes,Electronic check,79.01,2389.43,Yes,2-4yr,77.0783870967742,3,0,1
Male,0,Yes,Yes,18,Yes,Yes,Fiber optic,No,No internet service,No,No,No internet service,Yes,One year,Yes,Bank transfer (automatic),111.14,2041.61,Yes,1-2yr,107.45315789473683,2,0,1
Male,0,Yes,No,27,No,Yes,Fiber optic,No,No,Yes,No internet service,Yes,Yes,Month-to-month,Yes,Electronic check,32.83,830.47,Yes,2-4yr,29.65964285714286,3,0,0
Male,0,No,Yes,27,Yes,Yes,No,No,No internet service,No,No internet service,No,Yes,Month-to-month,Yes,Mailed check,24.09,701.31,No,2-4yr,25.04678571428571,2,0,0
Female,0,Yes,Yes,18,Yes,No,DSL,No internet service,No,No,Yes,No,No internet service,One year,Yes,Bank transfer (automatic),72.53,1320.68,No,1-2yr,69.50947368421053,2,0,1
Male,1,No,Yes,19,Yes,Yes,No,No,No internet service,Yes,No,No,No,Month-to-month,Yes,Electronic check,18.1,313.05,No,1-2yr,15.6525,2,0,0
Male,0,Yes,No,12,Yes,Yes,DSL,No,Yes,No internet service,No,Yes,No internet service,Two year,Yes,Mailed check,98.35,1175.39,No,0-1yr,90.41461538461539,3,0,1
Female,0,No,No,42,Yes,No,DSL,No,No,Yes,No,No,Yes,Month-to-month,No,Credit card (automatic),69.61,2950.28,No,2-4yr,68.61116279069768,3,0,1
Male,0,No,No,10,Yes,Yes,DSL,No,No internet service,No,No,No,No,Month-to-month,No,Electronic check,67.78,682.11,No,0-1yr,62.01,1,0,0
Female,0,No,No,47,Yes,No,Fiber optic,No,No internet service,Yes,Yes,No,Yes,Month-to-month,Yes,Mailed check,54.97,2637.9,No,2-4yr,54.956250000000004,4,0,0
Female,0,No,No,14,Yes,No,Fiber optic,Yes,No,No,No,No,No internet service,Two year,Yes,Credit card (automatic),56.25,749.92,No,1-2yr,49.99466666666667,2,0,0
Female,0,No,Yes,16,Yes,Yes,No,No,No internet service,Yes,No,No,No,Month-to-month,Yes,Mailed check,61.98,935.43,Yes,1-2yr,55.02529411764706,2,0,0
Female,1,Yes,Yes,53,Yes,No,Fiber optic,No internet service,Yes,Yes,No internet service,Yes,Yes,Month-to-month,No,Bank transfer (automatic),19.64,1002.82,No,4yr+,18.570740740740742,5,0,0
Female,0,Yes,Yes,49,No,No,DSL,No,No,No,Yes,No internet service,No,Month-to-month,Yes,Credit card (automatic),26.52,1279.0,No,4yr+,25.58,1,0,0
Female,0,No,Yes,27,Yes,Yes,Fiber optic,Yes,No,No,No internet service,No internet service,Yes,Month-to-month,No,Electronic check,69.51,1883.48,No,2-4yr,67.26714285714286,3,0,1
Female,0,Yes,No,3,Yes,Yes,DSL,No internet service,Yes,No,Yes,Yes,No,One year,Yes,Electronic check,33.31,83.36,No,0-1yr,20.84,4,1,0
Female,1,Yes,No,21,Yes,No,No,Yes,Yes,Yes,No,Yes,No,One year,Yes,Bank transfer (automatic),97.43,1986.67,Yes,1-2yr,90.30318181818183,5,0,1
Male,0,No,No,38,Yes,No phone service,DSL,Yes,Yes,No,No internet service,Yes,No,Month-to-month,No,Bank transfer (automatic),46.0,1680.35,No,2-4yr,43.08589743589744,4,0,0
Male,0,Yes,No,33,Yes,No,Fiber optic,No,No,No,No,No,No internet service,Month-to-month,No,Electronic check,27.99,859.75,Yes,2-4yr,25.28676470588235,1,0,0
Male,0,No,No,43,Yes,Yes,Fiber optic,No,Yes,Yes,Yes,No internet service,No,Two year,No,Electronic check,41.99,1791.15,No,2-4yr,40.70795454545455,4,0,0
Male,0,No,Yes,41,Yes,No,No,No,No,No internet service,Yes,No,No,Month-to-month,Yes,Mailed check,54.42,2190.66,No,2-4yr,52.15857142857143,2,0,0
Female,0,No,Yes,39,Yes,No,Fiber optic,No,No,No,No,No internet service,No internet service,Month-to-month,No,Credit card (automatic),21.6,823.21,Yes,2-4yr,20.58025,1,0,0
Male,0,No,No,11,Yes,No,No,No,No,Yes,No,Yes,No,Month-to-month,Yes,Mailed check,32.45,423.33,No,0-1yr,35.277499999999996,3,0,0
Female,0,Yes,No,1,Yes,No,DSL,No,No,No internet service,No internet service,No,Yes,Month-to-month,Yes,Credit card (automatic),51.03,0.0,No,0-1yr,0.0,2,1,0
Male,1,Yes,Yes,27,No,No,No,No internet service,No,No internet service,No internet service,Yes,No internet service,Month-to-month,Yes,Credit card (automatic),49.67,1356.07,No,2-4yr,48.43107142857143,1,0,0
Male,0,Yes,No,66,Yes,No,Fiber optic,Yes,No,No internet service,No internet service,Yes,Yes,Month-to-month,Yes,Bank transfer (automatic),99.64,6517.0,Yes,4yr+,97.26865671641791,4,0,1
Male,1,Yes,No,70,Yes,No,DSL,No internet service,No,No,No,No,Yes,Month-to-month,No,Bank transfer (automatic),104.01,7213.95,No,4yr+,101.60492957746479,2,0,1
Female,0,No,No,71,Yes,No,DSL,No,No,No,No internet service,Yes,Yes,Month-to-month,Yes,Mailed check,37.73,2697.39,Yes,4yr+,37.46375,3,0,0
Male,0,No,No,9,No,Yes,DSL,No,No internet service,Yes,Yes,No,Yes,One year,No,Electronic check,30.64,309.51,No,0-1yr,30.951,3,0,0
Female,0,Yes,No,56,Yes,No,Fiber optic,No,Yes,No,No internet service,No,Yes,Two year,Yes,Bank transfer (automatic),82.68,4669.53,No,4yr+,81.92157894736842,3,0,1
Female,0,Yes,Yes,36,Yes,No phone service,DSL,No,Yes,No internet service,No,No internet service,Yes,Two year,Yes,Mailed check,100.07,3658.07,No,2-4yr,98.86675675675676,3,0,1
Male,0,No,No,63,Yes,Yes,Fiber optic,Yes,No,No,No internet service,Yes,No,Two year,No,Mailed check,116.3,7318.04,No,4yr+,114.344375,3,0,1
Male,0,Yes,Yes,39,Yes,No,No,No internet service,No,No internet service,Yes,No internet service,Yes,Month-to-month,No,Bank transfer (automatic),18.69,742.66,No,2-4yr,18.566499999999998,3,0,0
Male,0,No,No,59,Yes,Yes,DSL,Yes,No internet service,Yes,No,No internet service,Yes,Month-to-month,No,Mailed check,60.2,3532.53,No,4yr+,58.8755,4,0,0
Female,0,Yes,No,47,Yes,No,Fiber optic,Yes,Yes,No,No,No internet service,No,Two year,No,Bank transfer (automatic),92.87,4429.54,Yes,2-4yr,92.28208333333333,3,0,1
Male,0,No,No,18,No,No,Fiber optic,No,No,No internet service,No internet service,No,Yes,Month-to-month,Yes,Mailed check,102.51,1799.61,Yes,1-2yr,94.71631578947368,1,0,1
Female,0,No,No,71,Yes,Yes,No,No,Yes,No,No,No,Yes,Month-to-month,No,Electronic check,24.35,1753.89,No,4yr+,24.359583333333333,3,0,0
Female,1,No,No,32,Yes,No,Fiber optic,Yes,No,No internet service,No,No,No,Month-to-month,No,Mailed check,87.42,2744.18,Yes,2-4yr,83.1569696969697,2,0,1
Male,0,No,No,43,Yes,Yes,Fiber optic,No internet service,No,No,No,No,Yes,Month-to-month,Yes,Credit card (automatic),47.47,2046.71,No,2-4yr,46.51613636363636,2,0,0
Male,0,Yes,No,36,Yes,No,Fiber optic,No internet service,No internet service,No,No,No,Yes,Two year,Yes,Credit card (automatic),25.61,841.64,No,2-4yr,22.747027027027027,2,0,0
Female,0,Yes,No,35,Yes,No,DSL,No,No internet service,No,Yes,No,No,One year,Yes,Electronic check,67.89,2387.48,Yes,2-4yr,66.31888888888889,2,0,0
Female,0,No,No,20,Yes,Yes,DSL,No,No,No internet service,Yes,No internet service,No,One year,Yes,Mailed check,34.13,781.31,No,1-2yr,37.205238095238094,2,0,0
Female,0,Yes,Yes,1,Yes,Yes,Fiber optic,No,No internet service,No,Yes,No,No,Two year,No,Credit card (automatic),93.17,65.24,No,0-1yr,32.62,2,1,1
Male,0,No,No,30,Yes,Yes,DSL,No,No,Yes,No,Yes,No internet service,Month-to-month,Yes,Electronic check,93.61,2796.18,No,2-4yr,90.19935483870967,3,0,1
Female,0,No,No,29,No,No,Fiber optic,No,No internet service,No,No internet service,No,No,One year,No,Electronic check,103.89,3056.15,Yes,2-4yr,101.87166666666667,0,0,1
Male,0,No,Yes,43,Yes,No,DSL,No internet service,No internet service,No,No internet service,Yes,No,Month-to-month,Yes,Electronic check,56.51,2432.16,Yes,2-4yr,55.276363636363634,2,0,0
Female,0,No,Yes,11,No,Yes,Fiber optic,No internet service,Yes,Yes,Yes,No,Yes,One year,Yes,Bank transfer (automatic),19.36,274.07,No,0-1yr,22.839166666666667,4,0,0
Female,0,No,No,50,Yes,Yes,DSL,No internet service,No,No,Yes,Yes,No,Month-to-month,No,Mailed check,44.49,2244.18,No,4yr+,44.0035294117647,3,0,0
Male,1,No,Yes,48,Yes,Yes,No,Yes,No,Yes,Yes,No,Yes,One year,Yes,Electronic check,65.72,3198.34,Yes,2-4yr,65.27224489795918,5,0,0
Female,0,Yes,No,23,Yes,No,No,Yes,Yes,No,Yes,No internet service,No,Two year,Yes,Bank transfer (automatic),88.79,1943.28,No,1-2yr,80.97,4,0,1
Male,0,Yes,No,23,Yes,No,DSL,No,Yes,No internet service,Yes,No,No,Month-to-month,No,Electronic check,56.97,1314.91,No,1-2yr,54.78791666666667,3,0,0
Male,0,Yes,No,59,Yes,Yes,Fiber optic,No,No internet service,No,No,Yes,No,Month-to-month,No,Bank transfer (automatic),72.68,4232.73,Yes,4yr+,70.54549999999999,2,0,1
Female,0,No,Yes,10,Yes,No,Fiber optic,No,No internet service,No internet service,No,No,No internet service,Month-to-month,Yes,Mailed check,71.47,694.95,No,0-1yr,63.17727272727273,1,0,1
Male,1,Yes,No,12,Yes,Yes,DSL,No,No internet service,No,No,Yes,No internet service,Month-to-month,Yes,Mailed check,34.83,2045.46,Yes,0-1yr,157.34307692307692,2,0,0
Male,0,No,No,71,Yes,No phone service,Fiber optic,No,No internet service,No internet service,No,No,Yes,Month-to-month,Yes,Electronic check,81.55,5778.57,Yes,4yr+,80.25791666666666,2,0,1
Female,0,Yes,No,71,Yes,No phone service,DSL,No,No internet service,Yes,No,No,Yes,Two year,No,Bank transfer (automatic),62.8,4419.59,No,4yr+,61.38319444444445,3,0,0
Male,1,No,No,63,Yes,No,No,No,Yes,Yes,No,No internet service,No internet service,Month-to-month,No,Mailed check,100.41,6388.54,Yes,4yr+,99.8209375,3,0,1
Male,0,Yes,No,19,Yes,No phone service,No,No internet service,Yes,No internet service,No internet service,Yes,No,Month-to-month,Yes,Mailed check,88.44,1730.72,No,1-2yr,86.536,3,0,1
Male,0,No,No,71,Yes,No,Fiber optic,Yes,Yes,No,No,No,No,One year,No,Bank transfer (automatic),29.37,2016.68,No,4yr+,28.009444444444444,3,0,0
Female,0,No,No,72,Yes,No,Fiber optic,Yes,Yes,Yes,Yes,No internet service,No,Month-to-month,Yes,Bank transfer (automatic),67.85,4923.32,Yes,4yr+,67.4427397260274,5,0,0
Male,0,Yes,No,70,Yes,No,No,No internet service,Yes,No internet service,No,No internet service,No,Month-to-month,Yes,Electronic check,89.65,6284.01,No,4yr+,88.50718309859155,2,0,1
Female,0,Yes,No,27,Yes,Yes,No,No,No,No,Yes,Yes,No internet service,One year,Yes,Electronic check,26.88,737.55,No,2-4yr,26.34107142857143,3,0,0
Female,1,No,No,1,Yes,Yes,No,No,No internet service,No internet service,No,No,No,One year,Yes,Electronic check,98.83,176.61,No,0-1yr,88.305,1,1,1
Male,1,No,Yes,42,Yes,Yes,DSL,Yes,No internet service,No,Yes,Yes,No,Month-to-month,Yes,Bank transfer (automatic),40.64,1714.62,No,2-4yr,39.87488372093023,4,0,0
Male,0,Yes,Yes,7,Yes,No,DSL,Yes,No,No,No,No,No,Month-to-month,No,Bank transfer (automatic),69.31,520.88,No,0-1yr,65.11,2,0,1
Male,0,No,No,12,Yes,Yes,Fiber optic,No,No internet service,No,Yes,Yes,No internet service,Month-to-month,Yes,Bank transfer (automatic),113.94,1377.98,No,0-1yr,105.99846153846154,3,0,1
Female,0,No,No,34,Yes,Yes,Fiber optic,No internet service,No,Yes,No,No internet service,No,Month-to-month,No,Bank transfer (automatic),76.28,2604.5,No,2-4yr,74.41428571428571,2,0,1
Male,1,No,No,22,Yes,No,DSL,No internet service,No internet service,No,Yes,Yes,No,Month-to-month,No,Credit card (automatic),61.25,1301.23,No,1-2yr,56.57521739130435,3,0,0
Male,0,Yes,No,45,Yes,Yes,DSL,No,No,No,No,No,No internet service,One year,No,Mailed check,18.69,963.74,No,2-4yr,20.950869565217392,1,0,0
Male,0,Yes,Yes,14,Yes,No,No,No,Yes,Yes,Yes,No,No,Two year,Yes,Mailed check,31.61,288.76,No,1-2yr,19.250666666666667,4,0,0
Male,0,No,No,1,Yes,No phone service,No,No internet service,No internet service,Yes,Yes,No internet service,No,Month-to-month,Yes,Credit card (automatic),77.02,40.74,Yes,0-1yr,20.37,3,1,1
Male,0,No,Yes,60,Yes,No,Fiber optic,No,No,Yes,No internet service,No,No,One year,No,Electronic check,68.37,4077.76,No,4yr+,66.84852459016393,2,0,0
Female,0,No,No,63,Yes,No,No,No,No,No internet service,No,Yes,No,Month-to-month,Yes,Mailed check,55.11,3517.35,No,4yr+,54.95859375,2,0,0
Female,0,Yes,No,51,Yes,No,Fiber optic,No internet service,Yes,No,Yes,Yes,Yes,Month-to-month,No,Electronic check,112.17,5650.12,Yes,4yr+,108.65615384615384,5,0,1
Male,0,Yes,No,35,Yes,No,No,No internet service,No,No,No,Yes,No,One year,Yes,Credit card (automatic),51.91,1808.07,Yes,2-4yr,50.22416666666666,2,0,0
Male,0,Yes,No,66,Yes,Yes,Fiber optic,No internet service,No internet service,No internet service,No,No,No,Two year,Yes,Mailed check,72.79,4843.48,No,4yr+,72.2907462686567,1,0,1
Male,0,Yes,No,68,Yes,No,DSL,Yes,Yes,No,No,No,No,Month-to-month,No,Electronic check,76.01,5107.79,No,4yr+,74.02594202898551,3,0,1
Male,0,Yes,No,66,Yes,Yes,Fiber optic,No,No internet service,No internet service,No,No,No,Month-to-month,No,Bank transfer (automatic),71.8,4731.95,Yes,4yr+,70.62611940298507,1,0,1
Female,1,Yes,Yes,46,Yes,Yes,Fiber optic,No internet service,Yes,Yes,No internet service,Yes,No,One year,Yes,Electronic check,66.71,3060.26,No,2-4yr,65.11191489361703,4,0,0
Male,0,No,Yes,1,Yes,No,Fiber optic,Yes,No,Yes,Yes,No,No internet service,Month-to-month,Yes,Credit card (automatic),52.38,22.48,Yes,0-1yr,11.24,4,1,0
Female,0,Yes,No,43,Yes,Yes,DSL,No internet service,Yes,No,No,No,Yes,Month-to-month,No,Mailed check,110.69,4761.51,Yes,2-4yr,108.21613636363637,3,0,1
Female,0,No,No,63,Yes,Yes,No,Yes,No,No,No,No internet service,Yes,Month-to-month,Yes,Bank transfer (automatic),63.98,4009.46,No,4yr+,62.6478125,3,0,0
Male,0,No,No,27,Yes,Yes,DSL,No internet service,Yes,No internet service,No,No,No,One year,Yes,Mailed check,71.9,1989.68,No,2-4yr,71.06,2,0,1
Female,0,No,No,53,Yes,Yes,DSL,No,No,No,No internet service,Yes,No,Month-to-month,Yes,Credit card (automatic),84.96,4529.35,Yes,4yr+,83.87685185185185,2,0,1
Female,1,Yes,No,66,Yes,Yes,Fiber optic,Yes,Yes,Yes,No internet service,No,Yes,Two year,Yes,Credit card (automatic),24.9,1634.18,No,4yr+,24.390746268656716,5,0,0
Female,0,No,No,35,Yes,Yes,Fiber optic,No,Yes,No,No internet service,Yes,Yes,Month-to-month,Yes,Bank transfer (automatic),97.69,3422.44,Yes,2-4yr,95.06777777777778,4,0,1
Female,0,No,No,62,Yes,No,Fiber optic,No,No,No,No internet service,No,No,Month-to-month,Yes,Credit card (automatic),70.28,4337.91,Yes,4yr+,68.85571428571428,1,0,1
Male,0,No,Yes,24,Yes,No,Fiber optic,No,Yes,Yes,No,No,Yes,One year,No,Electronic check,85.03,2107.56,Yes,1-2yr,84.30239999999999,4,0,1
Male,1,No,Yes,47,Yes,Yes,Fiber optic,No,Yes,No,No,Yes,No,Month-to-month,No,Credit card (automatic),96.75,4569.86,Yes,2-4yr,95.20541666666666,3,0,1
Female,0,No,No,38,Yes,No,Fiber optic,No internet service,Yes,No internet service,No internet service,Yes,No,Month-to-month,No,Bank transfer (automatic),107.16,4065.08,Yes,2-4yr,104.23282051282051,3,0,1
Male,0,No,Yes,46,Yes,Yes,Fiber optic,No,No,No internet service,Yes,Yes,No,Month-to-month,Yes,Credit card (automatic),58.01,2690.39,Yes,2-4yr,57.242340425531914,3,0,0
Male,0,Yes,Yes,20,Yes,Yes,DSL,No,No,No,No,No internet service,Yes,Month-to-month,Yes,Bank transfer (automatic),100.77,2109.84,Yes,1-2yr,100.46857142857144,2,0,1
Male,0,No,Yes,29,Yes,Yes,Fiber optic,Yes,Yes,No,No,Yes,No,Two year,No,Electronic check,44.4,1253.33,No,2-4yr,41.77766666666666,4,0,0
Male,0,Yes,No,30,Yes,No,No,No internet service,Yes,Yes,No internet service,Yes,No,Month-to-month,Yes,Bank transfer (automatic),85.35,2604.73,Yes,2-4yr,84.02354838709678,4,0,1
Male,1,No,No,25,Yes,Yes,DSL,Yes,No,No,No internet service,Yes,No internet service,Two year,No,Electronic check,28.48,732.71,No,2-4yr,28.181153846153848,3,0,0
Female,0,Yes,No,21,Yes,No,Fiber optic,No,Yes,No,No internet service,No,No internet service,Two year,Yes,Bank transfer (automatic),20.04,410.03,No,1-2yr,18.637727272727272,2,0,0
Male,0,Yes,No,20,Yes,No,No,No internet service,No internet service,No,No internet service,No,Yes,Month-to-month,No,Mailed check,27.77,518.92,No,1-2yr,24.71047619047619,2,0,0
Male,0,No,No,0,Yes,No,Fiber optic,Yes,No internet service,Yes,No,No internet service,Yes,Month-to-month,No,Electronic check,50.58,42.96,Yes,0-1yr,42.96,4,1,0
Male,1,No,No,36,Yes,No,Fiber optic,No,No,No internet service,Yes,Yes,Yes,Month-to-month,Yes,Credit card (automatic),21.17,776.66,Yes,2-4yr,20.99081081081081,4,0,0
